CustomerID,Customer_Segment,Action_Priority,Recency,Frequency,Monetary,R_Score,F_Score,M_Score,RFM_Score,AvgOrderValue,PurchaseFrequency,CustomerLifespanDays,AvgDaysBetweenOrders,UniqueProducts,TotalQuantity,Cohort_Year,Cohort_Month,FirstPurchaseDate,LastPurchaseDate
14646,VIP Customers,1,7,70,268478,5,5,5,15,3835.40,0.206490,339,4.91,680,188957,2010,12,2010-12-20 10:09:00.000,2011-11-23 11:06:00.000
18102,VIP Customers,1,2,57,248171.76,5,5,5,15,4353.89,0.159664,357,6.38,150,61426,2010,12,2010-12-07 16:42:00.000,2011-11-28 12:55:00.000
17450,VIP Customers,1,1,45,192828.39,5,5,5,15,4285.08,0.125698,358,8.14,124,69253,2010,12,2010-12-07 09:23:00.000,2011-11-29 09:56:00.000
14911,VIP Customers,1,0,192,136732.25,5,5,5,15,712.15,0.526027,365,1.91,1734,76294,2010,12,2010-12-01 14:05:00.000,2011-11-30 15:08:00.000
12415,VIP Customers,1,15,21,124914.53,4,5,5,14,5948.31,0.066879,314,15.70,444,77374,2011,1,2011-01-06 11:12:00.000,2011-11-15 14:22:00.000
14156,VIP Customers,1,0,55,117210.08,5,5,5,15,2131.09,0.151515,363,6.72,714,57768,2010,12,2010-12-03 11:48:00.000,2011-11-30 10:54:00.000
17511,VIP Customers,1,7,29,83683.06,5,5,5,15,2885.62,0.081006,358,12.79,428,57334,2010,12,2010-12-01 10:19:00.000,2011-11-23 10:31:00.000
16029,VIP Customers,1,29,63,80613.24,4,5,5,14,1279.58,0.187500,336,5.42,44,39964,2010,12,2010-12-01 09:57:00.000,2011-11-01 10:27:00.000
13694,VIP Customers,1,16,47,61908.46,4,5,5,14,1317.20,0.134670,349,7.59,352,60872,2010,12,2010-12-01 12:12:00.000,2011-11-14 11:11:00.000
16684,VIP Customers,1,2,27,61251.58,5,5,5,15,2268.58,0.077586,348,13.38,117,45523,2010,12,2010-12-16 17:34:00.000,2011-11-28 15:35:00.000
15311,VIP Customers,1,1,88,59457.1,5,5,5,15,675.65,0.241758,364,4.18,561,37639,2010,12,2010-12-01 09:41:00.000,2011-11-29 13:12:00.000
14096,VIP Customers,1,2,16,56219.7699999999,5,5,5,15,3513.74,0.175824,91,6.07,1078,14156,2011,8,2011-08-30 10:49:00.000,2011-11-28 15:54:00.000
17949,VIP Customers,1,8,40,55635.76,5,5,5,15,1390.89,0.112676,355,9.10,29,26798,2010,12,2010-12-03 13:12:00.000,2011-11-22 08:44:00.000
13089,VIP Customers,1,2,93,54080.46,5,5,5,15,581.51,0.259053,359,3.90,627,28737,2010,12,2010-12-05 10:27:00.000,2011-11-28 14:53:00.000
15769,VIP Customers,1,21,25,52848.72,4,5,5,14,2113.95,0.073099,342,14.25,26,27928,2010,12,2010-12-03 15:16:00.000,2011-11-09 11:55:00.000
14298,VIP Customers,1,21,43,50889.7,4,5,5,14,1183.48,0.129909,331,7.88,883,57983,2010,12,2010-12-14 12:59:00.000,2011-11-09 10:26:00.000
15061,VIP Customers,1,1,47,50638.28,5,5,5,15,1077.41,0.129477,363,7.89,70,27510,2010,12,2010-12-02 15:19:00.000,2011-11-29 10:52:00.000
14088,VIP Customers,1,1,13,50491.81,5,5,5,15,3883.99,0.041534,313,26.08,379,12665,2011,1,2011-01-21 13:07:00.000,2011-11-29 16:16:00.000
12931,VIP Customers,1,12,15,41518.96,5,5,5,15,2767.93,0.044510,337,24.07,28,27704,2010,12,2010-12-17 09:45:00.000,2011-11-18 12:39:00.000
17841,VIP Customers,1,1,120,37988.1,5,5,5,15,316.57,0.329670,364,3.06,1288,21275,2010,12,2010-12-01 14:41:00.000,2011-11-29 17:52:00.000
13798,VIP Customers,1,2,54,35316.61,5,5,5,15,654.01,0.149171,362,6.83,112,22646,2010,12,2010-12-02 17:24:00.000,2011-11-28 12:19:00.000
16422,VIP Customers,1,8,51,34684.4,5,5,5,15,680.09,0.144476,353,7.06,68,33704,2010,12,2010-12-05 15:35:00.000,2011-11-22 14:00:00.000
16013,VIP Customers,1,9,45,34486.88,5,5,5,15,766.38,0.127119,354,8.05,28,14356,2010,12,2010-12-03 13:09:00.000,2011-11-21 12:21:00.000
15838,VIP Customers,1,2,19,33643.08,5,5,5,15,1770.69,0.053221,357,19.83,54,18368,2010,12,2010-12-07 11:26:00.000,2011-11-28 14:00:00.000
12748,VIP Customers,1,1,200,32051.06,5,5,5,15,160.26,0.549451,364,1.83,1719,24615,2010,12,2010-12-01 12:48:00.000,2011-11-29 18:14:00.000
17404,VIP Customers,1,16,14,31668.82,4,5,5,14,2262.06,0.041667,336,25.85,111,32708,2010,12,2010-12-14 13:28:00.000,2011-11-14 08:22:00.000
14680,VIP Customers,1,16,16,28754.11,4,5,5,14,1797.13,0.046110,347,23.13,73,13476,2010,12,2010-12-03 12:05:00.000,2011-11-14 16:59:00.000
13081,VIP Customers,1,2,11,28337.38,5,5,5,15,2576.13,0.030471,361,36.10,503,19068,2010,12,2010-12-03 17:20:00.000,2011-11-28 10:54:00.000
13408,VIP Customers,1,2,59,26708.42,5,5,5,15,452.69,0.162534,363,6.26,229,15275,2010,12,2010-12-01 10:39:00.000,2011-11-28 13:25:00.000
13098,VIP Customers,1,0,25,26516.68,5,5,5,15,1060.67,0.080906,309,12.88,153,14633,2011,1,2011-01-26 13:46:00.000,2011-11-30 10:18:00.000
17389,VIP Customers,1,5,31,25956.9,5,5,5,15,837.32,0.097484,318,10.60,45,6242,2011,1,2011-01-12 15:48:00.000,2011-11-25 13:59:00.000
16333,VIP Customers,1,27,20,25079.6,4,5,5,14,1253.98,0.072993,274,14.42,9,30776,2011,2,2011-02-03 10:50:00.000,2011-11-03 15:47:00.000
17857,VIP Customers,1,8,21,23899.44,5,5,5,15,1138.07,0.060172,349,17.45,19,16777,2010,12,2010-12-09 11:35:00.000,2011-11-22 15:22:00.000
13777,VIP Customers,1,15,30,23460.41,4,5,5,14,782.01,0.085714,350,12.07,36,11534,2010,12,2010-12-01 16:01:00.000,2011-11-15 09:42:00.000
12753,VIP Customers,1,13,6,21429.39,4,5,5,14,3571.56,0.017595,341,68.20,132,11421,2010,12,2010-12-12 11:44:00.000,2011-11-17 10:52:00.000
17381,VIP Customers,1,15,28,19967.45,4,5,5,14,713.12,0.080229,349,12.93,40,25289,2010,12,2010-12-02 12:58:00.000,2011-11-15 15:49:00.000
15039,VIP Customers,1,0,47,19766.59,5,5,5,15,420.57,0.130556,360,7.83,408,9131,2010,12,2010-12-06 11:26:00.000,2011-11-30 11:31:00.000
17675,VIP Customers,1,9,29,19124.7,5,5,5,15,659.47,0.082857,350,12.50,232,7838,2010,12,2010-12-07 13:22:00.000,2011-11-21 08:31:00.000
12731,VIP Customers,1,14,12,18895.91,4,5,5,14,1574.66,0.035088,342,31.09,109,8437,2010,12,2010-12-10 10:56:00.000,2011-11-16 11:59:00.000
12678,VIP Customers,1,33,12,17628.46,3,5,5,13,1469.04,0.038462,312,28.36,105,10923,2010,12,2010-12-21 11:00:00.000,2011-10-28 13:04:00.000
12471,VIP Customers,1,1,29,17550.14,5,5,5,15,605.18,0.081690,355,12.68,150,7310,2010,12,2010-12-10 09:35:00.000,2011-11-29 13:01:00.000
16210,VIP Customers,1,0,17,17486.9,5,5,5,15,1028.64,0.046575,365,22.81,70,6503,2010,12,2010-12-01 12:27:00.000,2011-11-30 10:54:00.000
12901,VIP Customers,1,1,27,16874.54,5,5,5,15,624.98,0.103448,261,10.04,30,21875,2011,3,2011-03-14 10:41:00.000,2011-11-29 14:08:00.000
17428,VIP Customers,1,13,27,16841.25,4,5,5,14,623.75,0.077810,347,13.35,252,9418,2010,12,2010-12-06 09:37:00.000,2011-11-17 13:46:00.000
15159,VIP Customers,1,9,27,16806.22,5,5,5,15,622.45,0.078488,344,13.23,343,10358,2010,12,2010-12-13 15:44:00.000,2011-11-21 14:24:00.000
14031,VIP Customers,1,12,18,16779.74,4,5,5,14,932.21,0.051136,352,20.71,118,5642,2010,12,2010-12-02 16:34:00.000,2011-11-18 17:06:00.000
13881,VIP Customers,1,2,19,16590.4,5,5,5,15,873.18,0.063123,301,16.72,72,9782,2011,2,2011-02-01 10:14:00.000,2011-11-28 15:10:00.000
12921,VIP Customers,1,0,37,16587.09,5,5,5,15,448.30,0.101370,365,10.14,233,9526,2010,12,2010-12-01 15:06:00.000,2011-11-30 16:22:00.000
13767,VIP Customers,1,16,36,16334.38,4,5,5,14,453.73,0.103152,349,9.97,55,6904,2010,12,2010-12-01 10:47:00.000,2011-11-14 12:22:00.000
14607,VIP Customers,1,6,14,16209.5,5,5,5,15,1157.82,0.056680,247,19.00,38,11526,2011,3,2011-03-23 15:22:00.000,2011-11-24 10:35:00.000
16839,VIP Customers,1,13,32,15753.87,4,5,5,14,492.31,0.091954,348,11.23,113,8375,2010,12,2010-12-05 11:15:00.000,2011-11-17 16:43:00.000
12744,VIP Customers,1,42,7,15675.12,3,5,5,13,2239.30,0.026119,268,44.67,178,5237,2011,1,2011-01-25 13:26:00.000,2011-10-19 11:18:00.000
17677,VIP Customers,1,19,28,15641.22,4,5,5,14,558.62,0.082111,341,12.63,174,9316,2010,12,2010-12-06 08:42:00.000,2011-11-11 12:53:00.000
15189,VIP Customers,1,1,38,15030.73,5,5,5,15,395.55,0.117647,323,8.73,79,5659,2011,1,2011-01-11 12:29:00.000,2011-11-29 14:57:00.000
15513,VIP Customers,1,24,19,14758.22,4,5,5,14,776.75,0.055718,341,18.94,183,5709,2010,12,2010-12-01 11:22:00.000,2011-11-06 14:36:00.000
14866,VIP Customers,1,1,12,14389.9,5,5,5,15,1199.16,0.033613,357,32.45,30,6752,2010,12,2010-12-08 14:58:00.000,2011-11-29 11:45:00.000
12681,VIP Customers,1,5,22,13787.54,5,5,5,15,626.71,0.062147,354,16.86,267,7536,2010,12,2010-12-07 10:08:00.000,2011-11-25 11:33:00.000
16705,VIP Customers,1,2,19,13784.47,5,5,5,15,725.50,0.054598,348,19.33,133,5416,2010,12,2010-12-16 10:51:00.000,2011-11-28 11:45:00.000
16133,VIP Customers,1,7,30,13651.92,5,5,5,15,455.06,0.099010,303,10.45,182,7859,2011,1,2011-01-25 15:55:00.000,2011-11-23 09:02:00.000
14051,VIP Customers,1,8,21,13647.19,5,5,5,15,649.87,0.060000,350,17.50,52,3234,2010,12,2010-12-08 12:49:00.000,2011-11-22 16:31:00.000
12540,VIP Customers,1,10,17,13400.24,5,5,5,15,788.25,0.049563,343,21.44,277,6685,2010,12,2010-12-13 09:39:00.000,2011-11-20 11:31:00.000
12477,VIP Customers,1,13,6,13219.74,4,5,5,14,2203.29,0.021429,280,56.00,191,3653,2011,2,2011-02-11 12:45:00.000,2011-11-17 09:51:00.000
15856,VIP Customers,1,36,21,13082.86,3,5,5,13,622.99,0.065421,321,16.05,267,9007,2010,12,2010-12-09 13:34:00.000,2011-10-25 17:29:00.000
16525,VIP Customers,1,7,25,12705.73,5,5,5,15,508.23,0.071225,351,14.63,73,7113,2010,12,2010-12-08 11:31:00.000,2011-11-23 11:49:00.000
14258,VIP Customers,1,0,9,12669.98,5,5,5,15,1407.78,0.027356,329,41.13,58,7100,2011,1,2011-01-06 12:18:00.000,2011-11-30 15:27:00.000
12536,VIP Customers,1,34,3,12601.83,3,4,5,12,4200.61,0.176471,17,8.50,260,2803,2011,10,2011-10-11 14:52:00.000,2011-10-27 14:20:00.000
12621,VIP Customers,1,14,19,12501.47,4,5,5,14,657.97,0.055394,343,19.06,223,6448,2010,12,2010-12-09 10:16:00.000,2011-11-16 08:37:00.000
15498,VIP Customers,1,8,26,12451.46,5,5,5,15,478.90,0.074286,350,14.00,335,5655,2010,12,2010-12-08 12:29:00.000,2011-11-22 13:40:00.000
17340,VIP Customers,1,20,11,12353.29,4,5,5,14,1123.03,0.032544,338,33.80,229,5967,2010,12,2010-12-08 15:56:00.000,2011-11-10 10:45:00.000
17735,VIP Customers,1,28,18,12216.42,4,5,5,14,678.69,0.054381,331,19.47,298,7423,2010,12,2010-12-07 10:32:00.000,2011-11-02 14:52:00.000
12557,VIP Customers,1,7,5,11990.96,5,5,5,15,2398.19,0.014045,356,89.00,15,4384,2010,12,2010-12-03 12:20:00.000,2011-11-23 16:59:00.000
13113,VIP Customers,1,5,23,11906.76,5,5,5,15,517.69,0.065156,353,16.05,95,2979,2010,12,2010-12-08 13:21:00.000,2011-11-25 10:22:00.000
13078,VIP Customers,1,1,25,11788.86,5,5,5,15,471.55,0.070028,357,14.88,95,5078,2010,12,2010-12-08 09:07:00.000,2011-11-29 16:31:00.000
14606,VIP Customers,1,0,91,11734.31,5,5,5,15,128.95,0.249315,365,4.06,801,6019,2010,12,2010-12-01 16:57:00.000,2011-11-30 14:00:00.000
12682,VIP Customers,1,0,30,11643.19,5,5,5,15,388.11,0.082645,363,12.52,194,5252,2010,12,2010-12-03 13:59:00.000,2011-11-30 14:16:00.000
12939,VIP Customers,1,55,8,11581.8,3,5,5,13,1447.72,0.029520,271,38.71,21,4876,2011,1,2011-01-09 11:20:00.000,2011-10-06 14:33:00.000
15125,VIP Customers,1,16,15,11528.48,4,5,5,14,768.57,0.060976,246,17.57,102,6193,2011,3,2011-03-14 09:59:00.000,2011-11-14 13:57:00.000
15640,VIP Customers,1,7,14,11229.63,5,5,5,15,802.12,0.039216,357,27.46,235,5974,2010,12,2010-12-02 15:40:00.000,2011-11-23 14:36:00.000
12971,VIP Customers,1,1,84,11028.01,5,5,5,15,131.29,0.231405,363,4.37,93,9233,2010,12,2010-12-02 16:42:00.000,2011-11-29 17:03:00.000
15482,VIP Customers,1,6,12,10879.76,5,5,5,15,906.65,0.034884,344,31.27,46,5004,2010,12,2010-12-16 10:08:00.000,2011-11-24 10:46:00.000
14194,VIP Customers,1,9,20,10865.42,5,5,5,15,543.27,0.068729,291,15.32,267,5616,2011,2,2011-02-04 14:51:00.000,2011-11-21 10:35:00.000
17107,VIP Customers,1,24,6,10797.48,4,5,5,14,1799.58,0.024390,246,49.20,269,4826,2011,3,2011-03-06 15:17:00.000,2011-11-06 14:14:00.000
12433,VIP Customers,1,0,5,10737.18,5,5,5,15,2147.44,0.013699,365,91.25,219,8844,2010,12,2010-12-01 13:24:00.000,2011-11-30 14:05:00.000
13340,VIP Customers,1,36,7,10736.48,3,5,5,13,1533.78,0.030172,232,38.67,128,5770,2011,3,2011-03-08 11:39:00.000,2011-10-25 13:15:00.000
17139,VIP Customers,1,6,12,10650.77,5,5,5,15,887.56,0.043796,274,24.91,309,5176,2011,2,2011-02-24 09:32:00.000,2011-11-24 10:12:00.000
13319,VIP Customers,1,8,25,10536.45,5,5,5,15,421.46,0.071633,349,14.54,202,4596,2010,12,2010-12-09 10:04:00.000,2011-11-22 16:39:00.000
17865,VIP Customers,1,21,20,10526.32,4,5,5,14,526.32,0.059701,335,17.63,191,5757,2010,12,2010-12-10 14:53:00.000,2011-11-09 12:08:00.000
15251,VIP Customers,1,0,11,10484.99,5,5,5,15,953.18,0.047210,233,23.30,97,6171,2011,4,2011-04-12 10:38:00.000,2011-11-30 15:02:00.000
14062,VIP Customers,1,0,12,10464.85,5,5,5,15,872.07,0.033708,356,32.36,60,5593,2010,12,2010-12-10 15:56:00.000,2011-11-30 10:04:00.000
15615,VIP Customers,1,1,23,10399.74,5,5,5,15,452.16,0.065714,350,15.91,184,5508,2010,12,2010-12-15 16:21:00.000,2011-11-29 14:42:00.000
15502,VIP Customers,1,6,12,10232.71,5,5,5,15,852.73,0.033803,355,32.27,164,4234,2010,12,2010-12-05 15:40:00.000,2011-11-24 12:48:00.000
14895,VIP Customers,1,20,17,10213.09,4,5,5,14,600.77,0.064885,262,16.38,267,4396,2011,2,2011-02-22 13:08:00.000,2011-11-10 10:29:00.000
16843,VIP Customers,1,33,16,10196.57,3,5,5,13,637.29,0.055944,286,19.07,226,10159,2011,1,2011-01-16 16:10:00.000,2011-10-28 09:06:00.000
17581,VIP Customers,1,24,22,10040.56,4,5,5,14,456.39,0.064706,340,16.19,223,5399,2010,12,2010-12-02 14:47:00.000,2011-11-06 13:02:00.000
17706,VIP Customers,1,35,16,9728.65,3,5,5,13,608.04,0.049536,323,21.53,265,3577,2010,12,2010-12-08 11:02:00.000,2011-10-26 13:31:00.000
12709,VIP Customers,1,6,15,9706.52,5,5,5,15,647.10,0.042614,352,25.14,93,3912,2010,12,2010-12-08 09:49:00.000,2011-11-24 15:38:00.000
16779,VIP Customers,1,5,20,9654.66,5,5,5,15,482.73,0.056657,353,18.58,156,4909,2010,12,2010-12-08 09:56:00.000,2011-11-25 09:07:00.000
14733,VIP Customers,1,7,12,9585.91,5,5,5,15,798.83,0.034091,352,32.00,102,3764,2010,12,2010-12-07 11:30:00.000,2011-11-23 15:39:00.000
12567,VIP Customers,1,13,10,9401.28,4,5,5,14,940.13,0.028736,348,38.67,323,4305,2010,12,2010-12-05 11:57:00.000,2011-11-17 11:02:00.000
13001,VIP Customers,1,13,12,9194.96,4,5,5,14,766.25,0.039344,305,27.73,163,5185,2011,1,2011-01-17 12:45:00.000,2011-11-17 14:17:00.000
13199,VIP Customers,1,1,35,9175.3,5,5,5,15,262.15,0.098039,357,10.50,45,5846,2010,12,2010-12-08 10:51:00.000,2011-11-29 14:00:00.000
14667,VIP Customers,1,1,25,9175.04,5,5,5,15,367.00,0.069638,359,14.96,354,5319,2010,12,2010-12-06 13:13:00.000,2011-11-29 11:30:00.000
13458,VIP Customers,1,14,13,9062.05,4,5,5,14,697.08,0.038576,337,28.08,233,5230,2010,12,2010-12-15 12:05:00.000,2011-11-16 15:10:00.000
12451,VIP Customers,1,1,5,9035.52,5,5,5,15,1807.10,0.015873,315,78.75,265,6575,2011,1,2011-01-19 09:05:00.000,2011-11-29 08:40:00.000
13488,VIP Customers,1,8,13,8968.31,5,5,5,15,689.87,0.037037,351,29.25,271,4518,2010,12,2010-12-07 13:01:00.000,2011-11-22 14:41:00.000
15078,VIP Customers,1,2,29,8920.03,5,5,5,15,307.59,0.081006,358,12.79,83,4491,2010,12,2010-12-06 12:38:00.000,2011-11-28 09:40:00.000
17306,VIP Customers,1,1,19,8631.31,5,5,5,15,454.28,0.055233,344,19.11,13,11491,2010,12,2010-12-21 13:34:00.000,2011-11-29 12:14:00.000
16656,VIP Customers,1,13,15,8625.8,4,5,5,14,575.05,0.043732,343,24.50,14,8894,2010,12,2010-12-10 11:23:00.000,2011-11-17 14:43:00.000
14367,VIP Customers,1,12,15,8594.29,5,5,5,15,572.95,0.058594,256,18.29,265,4093,2011,3,2011-03-08 14:12:00.000,2011-11-18 12:09:00.000
16523,VIP Customers,1,6,19,8562.85,5,5,5,15,450.68,0.063123,301,16.72,145,3777,2011,1,2011-01-28 12:06:00.000,2011-11-24 13:53:00.000
13090,VIP Customers,1,10,13,8555.44,5,5,5,15,658.11,0.036723,354,29.50,97,2185,2010,12,2010-12-02 07:48:00.000,2011-11-20 12:00:00.000
18092,VIP Customers,1,29,10,8506.42,4,5,5,14,850.64,0.030488,328,36.44,28,4100,2010,12,2010-12-09 10:00:00.000,2011-11-01 10:56:00.000
18139,VIP Customers,1,8,6,8438.34,5,5,5,15,1406.39,3.000000,2,0.40,35,5557,2011,11,2011-11-21 14:06:00.000,2011-11-22 10:44:00.000
16033,VIP Customers,1,24,19,8356.95,4,5,5,14,439.84,0.056380,337,18.72,523,3323,2010,12,2010-12-05 10:36:00.000,2011-11-06 13:53:00.000
14936,VIP Customers,1,24,8,8137.02,4,5,5,14,1017.13,0.032922,243,34.71,210,4085,2011,3,2011-03-09 11:53:00.000,2011-11-06 10:30:00.000
14952,VIP Customers,1,50,11,8099.49,3,5,5,13,736.32,0.035948,306,30.60,117,3355,2010,12,2010-12-10 12:48:00.000,2011-10-11 10:33:00.000
17017,VIP Customers,1,0,19,8063.66,5,5,5,15,424.40,0.052198,364,20.22,88,6249,2010,12,2010-12-02 10:17:00.000,2011-11-30 09:18:00.000
12428,VIP Customers,1,16,9,7956.46,4,5,5,14,884.05,0.034749,259,32.38,258,3536,2011,3,2011-03-01 09:33:00.000,2011-11-14 08:22:00.000
14849,VIP Customers,1,12,25,7930.54,5,5,5,15,317.22,0.070822,353,14.71,159,5694,2010,12,2010-12-01 12:22:00.000,2011-11-18 10:58:00.000
13969,VIP Customers,1,7,16,7882.27,5,5,5,15,492.64,0.045714,350,23.33,314,3887,2010,12,2010-12-09 19:32:00.000,2011-11-23 08:43:00.000
14527,VIP Customers,1,3,53,7875.18000000001,5,5,5,15,148.59,0.148045,358,6.88,322,1965,2010,12,2010-12-05 13:17:00.000,2011-11-27 12:01:00.000
16672,VIP Customers,1,26,19,7864.94,4,5,5,14,413.94,0.081897,232,12.89,22,2760,2011,3,2011-03-18 10:15:00.000,2011-11-04 09:44:00.000
12757,VIP Customers,1,6,13,7834.65,5,5,5,15,602.67,0.065990,197,16.42,237,2395,2011,5,2011-05-12 19:01:00.000,2011-11-24 12:30:00.000
13854,VIP Customers,1,15,24,7807.24,4,5,5,14,325.30,0.070175,342,14.87,37,2092,2010,12,2010-12-09 10:48:00.000,2011-11-15 16:34:00.000
13629,VIP Customers,1,14,11,7792.36,4,5,5,14,708.40,0.034810,316,31.60,28,4372,2011,1,2011-01-05 12:09:00.000,2011-11-16 13:21:00.000
16558,VIP Customers,1,13,19,7739.52,4,5,5,14,407.34,0.055072,345,19.17,248,4881,2010,12,2010-12-08 12:01:00.000,2011-11-17 17:30:00.000
14056,VIP Customers,1,6,22,7727.69,5,5,5,15,351.26,0.081481,270,12.86,318,4062,2011,2,2011-02-28 15:19:00.000,2011-11-24 13:25:00.000
12683,VIP Customers,1,41,13,7679.09,3,5,5,13,590.70,0.041139,316,26.33,173,4510,2010,12,2010-12-09 10:37:00.000,2011-10-20 14:30:00.000
15044,VIP Customers,1,10,17,7634.73,5,5,5,15,449.10,0.049419,344,21.50,233,2785,2010,12,2010-12-12 14:27:00.000,2011-11-20 13:20:00.000
17243,VIP Customers,1,5,24,7604.47,5,5,5,15,316.85,0.067416,356,15.48,175,2969,2010,12,2010-12-05 10:03:00.000,2011-11-25 12:29:00.000
14796,VIP Customers,1,13,16,7579.71,4,5,5,14,473.73,0.046377,345,23.00,371,5645,2010,12,2010-12-08 10:40:00.000,2011-11-17 13:30:00.000
18172,VIP Customers,1,5,20,7561.68,5,5,5,15,378.08,0.072464,276,14.53,100,3184,2011,2,2011-02-23 10:44:00.000,2011-11-25 11:12:00.000
15358,VIP Customers,1,26,20,7517.14,4,5,5,14,375.86,0.060423,331,17.42,285,6400,2010,12,2010-12-09 10:04:00.000,2011-11-04 13:44:00.000
17811,VIP Customers,1,2,37,7441.44,5,5,5,15,201.12,0.114551,323,8.97,354,3990,2011,1,2011-01-10 10:58:00.000,2011-11-28 14:26:00.000
15465,VIP Customers,1,10,18,7354.62,5,5,5,15,408.59,0.051282,351,20.65,43,1257,2010,12,2010-12-05 10:12:00.000,2011-11-20 10:11:00.000
17396,VIP Customers,1,30,8,7330.8,4,5,5,14,916.35,0.024024,333,47.57,24,2005,2010,12,2010-12-03 09:45:00.000,2011-10-31 14:12:00.000
12474,VIP Customers,1,8,18,7324.09,5,5,5,15,406.89,0.057508,313,18.41,253,4833,2011,1,2011-01-14 10:06:00.000,2011-11-22 14:39:00.000
13018,VIP Customers,1,7,28,7277.7,5,5,5,15,259.92,0.100000,280,10.37,313,5435,2011,2,2011-02-17 11:05:00.000,2011-11-23 13:28:00.000
18229,VIP Customers,1,2,20,7276.9,5,5,5,15,363.84,0.055096,363,19.11,66,2488,2010,12,2010-12-01 16:25:00.000,2011-11-28 09:48:00.000
16729,VIP Customers,1,29,21,7205.33,4,5,5,14,343.11,0.102941,204,10.20,234,5722,2011,4,2011-04-12 14:22:00.000,2011-11-01 14:29:00.000
13324,VIP Customers,1,27,10,7121.95,4,5,5,14,712.20,0.030769,325,36.11,25,5205,2010,12,2010-12-14 09:50:00.000,2011-11-03 16:28:00.000
13263,VIP Customers,1,2,33,7092.73000000001,5,5,5,15,214.93,0.104762,315,9.84,438,4569,2011,1,2011-01-18 16:31:00.000,2011-11-28 13:20:00.000
16923,VIP Customers,1,3,19,7069.08,5,5,5,15,372.06,0.054131,351,19.50,313,3344,2010,12,2010-12-12 11:06:00.000,2011-11-27 13:00:00.000
14961,VIP Customers,1,1,9,7044.68,5,5,5,15,782.74,0.025641,351,43.88,193,3708,2010,12,2010-12-14 11:38:00.000,2011-11-29 09:42:00.000
13985,VIP Customers,1,5,14,6912.57,5,5,5,15,493.75,0.055777,251,19.31,108,3371,2011,3,2011-03-20 13:48:00.000,2011-11-25 10:02:00.000
16187,VIP Customers,1,22,15,6911.44,4,5,5,14,460.76,0.059055,254,18.14,160,5048,2011,2,2011-02-28 13:34:00.000,2011-11-08 09:50:00.000
16713,VIP Customers,1,9,15,6910.78,5,5,5,15,460.72,0.042980,349,24.93,338,4271,2010,12,2010-12-08 13:01:00.000,2011-11-21 12:36:00.000
15194,VIP Customers,1,22,14,6909.89,4,5,5,14,493.56,0.041420,338,26.00,194,4945,2010,12,2010-12-06 15:00:00.000,2011-11-08 10:26:00.000
17416,VIP Customers,1,20,7,6893.42,4,5,5,14,984.77,0.027668,253,42.17,186,4302,2011,3,2011-03-03 13:45:00.000,2011-11-10 12:47:00.000
12705,VIP Customers,1,6,9,6868.29,5,5,5,15,763.14,0.026239,343,42.88,228,3997,2010,12,2010-12-17 15:58:00.000,2011-11-24 13:17:00.000
12476,VIP Customers,1,6,11,6816.42,5,5,5,15,619.67,0.031700,347,34.70,177,2408,2010,12,2010-12-13 14:39:00.000,2011-11-24 12:40:00.000
12830,VIP Customers,1,28,6,6814.64,4,5,5,14,1135.77,0.044444,135,27.00,13,9848,2011,6,2011-06-21 10:53:00.000,2011-11-02 11:54:00.000
12989,VIP Customers,1,12,13,6794.98,5,5,5,15,522.69,0.037791,344,28.67,18,2870,2010,12,2010-12-10 13:24:00.000,2011-11-18 11:47:00.000
15601,VIP Customers,1,2,14,6776.56,5,5,5,15,484.04,0.038674,362,27.85,230,4983,2010,12,2010-12-02 10:39:00.000,2011-11-28 15:15:00.000
16652,VIP Customers,1,49,7,6773.97,3,5,5,13,967.71,0.032407,216,36.00,74,3283,2011,3,2011-03-11 13:13:00.000,2011-10-12 09:38:00.000
16532,VIP Customers,1,8,3,6748.8,5,4,5,14,2249.60,0.009317,322,161.00,2,2016,2011,1,2011-01-05 12:37:00.000,2011-11-22 11:08:00.000
13576,VIP Customers,1,1,18,6717.34,5,5,5,15,373.19,0.049451,364,21.41,78,2646,2010,12,2010-12-01 17:24:00.000,2011-11-29 15:34:00.000
15249,VIP Customers,1,22,13,6688.46,4,5,5,14,514.50,0.057522,226,18.83,211,3577,2011,3,2011-03-28 12:49:00.000,2011-11-08 11:45:00.000
18109,VIP Customers,1,5,23,6636.41,5,5,5,15,288.54,0.064607,356,16.18,118,3869,2010,12,2010-12-05 10:58:00.000,2011-11-25 15:32:00.000
12626,VIP Customers,1,14,9,6620.48,4,5,5,14,735.61,0.029605,304,38.00,232,3453,2011,1,2011-01-17 11:01:00.000,2011-11-16 16:06:00.000
16182,VIP Customers,1,63,4,6617.65,3,4,5,12,1654.41,0.017937,223,74.33,17,3791,2011,2,2011-02-18 10:11:00.000,2011-09-28 13:23:00.000
12583,VIP Customers,1,9,14,6586.61,5,5,5,15,470.47,0.039326,356,27.38,110,4748,2010,12,2010-12-01 08:45:00.000,2011-11-21 11:16:00.000
12472,VIP Customers,1,23,7,6572.11,4,5,5,14,938.87,0.020710,338,56.33,219,4148,2010,12,2010-12-05 14:19:00.000,2011-11-07 14:01:00.000
17338,VIP Customers,1,8,8,6493.54,5,5,5,15,811.69,0.023188,345,49.29,389,3059,2010,12,2010-12-13 12:57:00.000,2011-11-22 14:23:00.000
12431,VIP Customers,1,26,15,6419.95,4,5,5,14,428.00,0.044248,339,24.21,163,2896,2010,12,2010-12-01 10:03:00.000,2011-11-04 11:55:00.000
16814,VIP Customers,1,5,21,6416.7,5,5,5,15,305.56,0.058989,356,17.80,122,2697,2010,12,2010-12-05 11:45:00.000,2011-11-25 13:27:00.000
15290,VIP Customers,1,22,15,6405.51,4,5,5,14,427.03,0.045593,329,23.50,73,3212,2010,12,2010-12-15 16:03:00.000,2011-11-08 17:19:00.000
13871,VIP Customers,1,13,13,6403.25,4,5,5,14,492.56,0.045296,287,23.92,155,2806,2011,2,2011-02-04 09:30:00.000,2011-11-17 10:49:00.000
12359,VIP Customers,1,48,4,6310.03,3,4,5,12,1577.51,0.014545,275,91.67,214,1609,2011,1,2011-01-12 12:43:00.000,2011-10-13 12:47:00.000
15005,VIP Customers,1,6,28,6295.37,5,5,5,15,224.83,0.079545,352,13.04,360,4230,2010,12,2010-12-08 14:36:00.000,2011-11-24 12:25:00.000
16126,VIP Customers,1,20,4,6287.77,4,4,5,13,1571.94,0.014925,268,89.33,57,2125,2011,2,2011-02-16 11:18:00.000,2011-11-10 16:03:00.000
12766,VIP Customers,1,48,6,6271.2,3,5,5,13,1045.20,0.019355,310,62.00,198,3379,2010,12,2010-12-08 13:53:00.000,2011-10-13 11:50:00.000
16746,VIP Customers,1,2,17,6230.19,5,5,5,15,366.48,0.048851,348,21.75,211,4006,2010,12,2010-12-16 11:43:00.000,2011-11-28 15:17:00.000
14057,VIP Customers,1,14,17,6211.66,4,5,5,14,365.39,0.050296,338,21.13,179,4873,2010,12,2010-12-14 12:11:00.000,2011-11-16 10:32:00.000
13418,VIP Customers,1,2,18,6127.43,5,5,5,15,340.41,0.049724,362,21.29,223,3918,2010,12,2010-12-02 10:45:00.000,2011-11-28 10:23:00.000
17315,VIP Customers,1,8,37,6101.13,5,5,5,15,164.90,0.108504,341,9.47,252,3756,2010,12,2010-12-17 12:24:00.000,2011-11-22 10:20:00.000
17509,VIP Customers,1,48,8,6083.64,3,5,5,13,760.46,1.142857,7,1.00,75,3512,2011,10,2011-10-07 13:14:00.000,2011-10-13 10:26:00.000
16353,VIP Customers,1,8,21,6081.71,5,5,5,15,289.61,0.059490,353,17.65,51,1886,2010,12,2010-12-05 12:09:00.000,2011-11-22 10:39:00.000
15144,VIP Customers,1,15,16,6054.54,4,5,5,14,378.41,0.055363,289,19.27,126,2848,2011,1,2011-01-31 13:17:00.000,2011-11-15 08:32:00.000
15023,VIP Customers,1,30,10,6028.77,4,5,5,14,602.88,0.030211,331,36.78,305,2502,2010,12,2010-12-05 13:49:00.000,2011-10-31 17:13:00.000
13097,VIP Customers,1,23,10,6003.22,4,5,5,14,600.32,0.030395,329,36.56,214,2360,2010,12,2010-12-14 15:13:00.000,2011-11-07 10:43:00.000
12637,VIP Customers,1,58,8,6002.9,3,5,5,13,750.36,0.031128,257,36.71,205,2994,2011,1,2011-01-20 10:47:00.000,2011-10-03 13:46:00.000
13668,VIP Customers,1,1,20,5976.81,5,5,5,15,298.84,0.056657,353,18.58,279,3548,2010,12,2010-12-12 12:35:00.000,2011-11-29 12:50:00.000
14101,VIP Customers,1,64,6,5976.79,3,5,5,13,996.13,0.023622,254,50.80,15,6942,2011,1,2011-01-17 13:09:00.000,2011-09-27 12:28:00.000
15382,VIP Customers,1,5,6,5955.71,5,5,5,15,992.62,0.021277,282,56.40,193,4012,2011,2,2011-02-17 12:01:00.000,2011-11-25 10:58:00.000
13102,VIP Customers,1,14,22,5921.96,4,5,5,14,269.18,0.064140,343,16.33,125,3933,2010,12,2010-12-09 13:38:00.000,2011-11-16 15:01:00.000
18223,VIP Customers,1,30,13,5905.82,4,5,5,14,454.29,0.040625,320,26.67,113,2662,2010,12,2010-12-16 16:42:00.000,2011-10-31 09:48:00.000
14944,VIP Customers,1,20,12,5900.25,4,5,5,14,491.69,0.044776,268,24.36,101,2815,2011,2,2011-02-16 12:47:00.000,2011-11-10 09:10:00.000
18055,VIP Customers,1,30,9,5897.57,4,5,5,14,655.29,0.027190,331,41.38,207,2083,2010,12,2010-12-05 10:52:00.000,2011-10-31 12:02:00.000
13209,VIP Customers,1,21,8,5891.61,4,5,5,14,736.45,0.024096,332,47.43,255,4253,2010,12,2010-12-13 10:31:00.000,2011-11-09 13:54:00.000
14505,VIP Customers,1,8,8,5859.43,5,5,5,15,732.43,0.023121,346,49.43,540,2739,2010,12,2010-12-12 16:14:00.000,2011-11-22 15:45:00.000
14060,VIP Customers,1,13,18,5842.94,4,5,5,14,324.61,0.051282,351,20.65,86,5194,2010,12,2010-12-02 12:11:00.000,2011-11-17 12:59:00.000
13050,VIP Customers,1,5,17,5836.86,5,5,5,15,343.34,0.048159,353,22.06,246,3748,2010,12,2010-12-08 09:30:00.000,2011-11-25 09:18:00.000
13709,VIP Customers,1,27,11,5779.34,4,5,5,14,525.39,0.039286,280,28.00,229,3283,2011,1,2011-01-28 14:57:00.000,2011-11-03 11:32:00.000
15218,VIP Customers,1,1,11,5756.89,5,5,5,15,523.35,0.035599,309,30.90,77,3329,2011,1,2011-01-25 11:20:00.000,2011-11-29 11:48:00.000
13316,VIP Customers,1,28,4,5732.93,4,4,5,13,1433.23,0.018349,218,72.67,66,5508,2011,3,2011-03-30 13:01:00.000,2011-11-02 13:40:00.000
13178,VIP Customers,1,17,11,5725.47,4,5,5,14,520.50,0.032836,335,33.50,95,3570,2010,12,2010-12-14 12:22:00.000,2011-11-13 16:14:00.000
17716,VIP Customers,1,13,11,5655.99,4,5,5,14,514.18,0.044715,246,24.60,171,3072,2011,3,2011-03-17 10:38:00.000,2011-11-17 12:00:00.000
13004,VIP Customers,1,2,18,5655.91,5,5,5,15,314.22,0.051873,347,20.41,277,4822,2010,12,2010-12-17 08:20:00.000,2011-11-28 11:27:00.000
18118,VIP Customers,1,1,26,5625.08000000001,5,5,5,15,216.35,0.072222,360,14.40,424,2865,2010,12,2010-12-05 12:13:00.000,2011-11-29 11:32:00.000
15694,VIP Customers,1,16,12,5607.72,4,5,5,14,467.31,0.034483,348,31.64,40,1421,2010,12,2010-12-02 07:49:00.000,2011-11-14 13:33:00.000
12481,VIP Customers,1,13,10,5579.82,4,5,5,14,557.98,0.029070,344,38.22,150,3294,2010,12,2010-12-09 10:13:00.000,2011-11-17 08:29:00.000
14049,VIP Customers,1,7,4,5578.72,5,4,5,14,1394.68,0.013245,302,100.67,348,3808,2011,1,2011-01-26 11:27:00.000,2011-11-23 12:20:00.000
16767,VIP Customers,1,21,11,5575.56,4,5,5,14,506.87,0.038328,287,28.70,148,4423,2011,1,2011-01-27 13:38:00.000,2011-11-09 09:42:00.000
12539,VIP Customers,1,13,4,5568.35,4,4,5,13,1392.09,0.012821,312,104.00,157,2067,2011,1,2011-01-10 09:11:00.000,2011-11-17 13:30:00.000
13534,VIP Customers,1,23,24,5512.88,4,5,5,14,229.70,0.073394,327,14.22,118,2781,2010,12,2010-12-16 15:23:00.000,2011-11-07 09:40:00.000
14735,VIP Customers,1,2,31,5508.25,5,5,5,15,177.69,0.089080,348,11.60,93,2030,2010,12,2010-12-16 16:05:00.000,2011-11-28 12:32:00.000
16609,VIP Customers,1,6,7,5493.46,5,5,5,15,784.78,0.029412,238,39.67,155,2420,2011,4,2011-04-01 10:11:00.000,2011-11-24 13:32:00.000
15805,VIP Customers,1,14,17,5488.18,4,5,5,14,322.83,0.049708,342,21.38,220,3367,2010,12,2010-12-10 09:33:00.000,2011-11-16 16:32:00.000
16985,VIP Customers,1,8,10,5464.12,5,5,5,15,546.41,0.029240,342,38.00,62,1832,2010,12,2010-12-16 10:38:00.000,2011-11-22 13:33:00.000
16265,VIP Customers,1,0,9,5447,5,5,5,15,605.22,0.025281,356,44.50,164,2646,2010,12,2010-12-10 10:21:00.000,2011-11-30 16:41:00.000
13468,VIP Customers,1,9,35,5424.03,5,5,5,15,154.97,0.098315,356,10.47,175,2355,2010,12,2010-12-01 15:08:00.000,2011-11-21 16:40:00.000
17809,VIP Customers,1,7,12,5411.91,5,5,5,15,450.99,0.033520,358,32.55,46,2057,2010,12,2010-12-01 09:41:00.000,2011-11-23 12:59:00.000
12720,VIP Customers,1,6,24,5399.26,5,5,5,15,224.97,0.067606,355,15.43,206,4504,2010,12,2010-12-05 15:21:00.000,2011-11-24 15:03:00.000
17719,VIP Customers,1,28,15,5396.04,4,5,5,14,359.74,0.068493,219,15.64,111,2466,2011,3,2011-03-29 11:29:00.000,2011-11-02 10:36:00.000
16303,VIP Customers,1,16,3,5360.63,4,4,5,13,1786.88,0.009709,309,154.50,119,2659,2011,1,2011-01-10 14:16:00.000,2011-11-14 10:49:00.000
14110,VIP Customers,1,12,11,5357.71,5,5,5,15,487.06,0.044715,246,24.60,94,2349,2011,3,2011-03-18 09:59:00.000,2011-11-18 08:59:00.000
15150,VIP Customers,1,8,10,5291.33,5,5,5,15,529.13,0.039526,253,28.11,282,3642,2011,3,2011-03-15 14:21:00.000,2011-11-22 12:52:00.000
16873,VIP Customers,1,52,5,5268.79,3,4,5,12,1053.76,0.016447,304,76.00,140,2835,2010,12,2010-12-10 15:45:00.000,2011-10-09 12:20:00.000
17049,VIP Customers,1,12,8,5259.03,5,5,5,15,657.38,0.031373,255,36.43,199,2439,2011,3,2011-03-09 08:33:00.000,2011-11-18 13:18:00.000
17061,VIP Customers,1,64,11,5232.23,3,5,5,13,475.66,0.068750,160,16.00,57,1526,2011,4,2011-04-21 13:29:00.000,2011-09-27 11:24:00.000
18226,VIP Customers,1,35,11,5228.05,3,5,5,13,475.28,0.037415,294,29.40,141,3466,2011,1,2011-01-06 09:00:00.000,2011-10-26 13:36:00.000
16161,VIP Customers,1,5,18,5215.16,5,5,5,15,289.73,0.050704,355,20.88,277,2491,2010,12,2010-12-06 10:03:00.000,2011-11-25 12:17:00.000
16258,VIP Customers,1,36,5,5203.51,3,4,5,12,1040.70,0.028571,175,43.75,111,2994,2011,5,2011-05-04 14:33:00.000,2011-10-25 13:30:00.000
17757,VIP Customers,1,5,28,5176.84,5,5,5,15,184.89,0.077994,359,13.30,264,3121,2010,12,2010-12-02 17:17:00.000,2011-11-25 17:27:00.000
18225,VIP Customers,1,12,11,5174.68,5,5,5,15,470.43,0.031884,345,34.50,145,3082,2010,12,2010-12-09 15:46:00.000,2011-11-18 13:16:00.000
15727,VIP Customers,1,7,7,5159.06,5,5,5,15,737.01,0.020349,344,57.33,213,3063,2010,12,2010-12-15 15:47:00.000,2011-11-23 12:36:00.000
15903,VIP Customers,1,0,7,5126.76,5,5,5,15,732.39,0.024390,287,47.83,46,2410,2011,2,2011-02-17 14:04:00.000,2011-11-30 08:08:00.000
13941,VIP Customers,1,12,5,5112.96,4,4,5,13,1022.59,0.014205,352,88.00,24,2364,2010,12,2010-12-02 10:17:00.000,2011-11-18 09:43:00.000
18198,VIP Customers,1,22,16,5107.11,4,5,5,14,319.19,0.052288,306,20.40,79,3883,2011,1,2011-01-07 13:39:00.000,2011-11-08 15:35:00.000
13225,VIP Customers,1,51,6,5100.64,3,5,5,13,850.11,0.019868,302,60.40,16,2552,2010,12,2010-12-13 09:49:00.000,2011-10-10 14:06:00.000
15046,VIP Customers,1,0,15,5090.42,5,5,5,15,339.36,0.045455,330,23.57,147,3372,2011,1,2011-01-05 15:30:00.000,2011-11-30 15:50:00.000
13139,VIP Customers,1,7,7,5064.94,5,5,5,15,723.56,0.028689,244,40.67,132,2425,2011,3,2011-03-25 11:57:00.000,2011-11-23 13:54:00.000
12432,VIP Customers,1,33,5,5059.32,3,4,5,12,1011.86,0.038168,131,32.75,107,1801,2011,6,2011-06-20 13:27:00.000,2011-10-28 11:43:00.000
15301,VIP Customers,1,41,12,5049.95,3,5,5,13,420.83,0.037618,319,29.00,167,2751,2010,12,2010-12-06 12:21:00.000,2011-10-20 09:57:00.000
15719,VIP Customers,1,23,13,5030.07,4,5,5,14,386.93,0.042484,306,25.50,299,2718,2011,1,2011-01-06 12:31:00.000,2011-11-07 12:29:00.000
14755,VIP Customers,1,0,11,5010.28,5,5,5,15,455.48,0.033742,326,32.60,128,2219,2011,1,2011-01-09 14:02:00.000,2011-11-30 11:24:00.000
13269,VIP Customers,1,2,14,5009.6,5,5,5,15,357.83,0.038997,359,27.62,174,3287,2010,12,2010-12-05 11:51:00.000,2011-11-28 13:11:00.000
12444,VIP Customers,1,12,5,5005.46,5,4,5,14,1001.09,0.033113,151,37.75,138,1153,2011,6,2011-06-21 14:00:00.000,2011-11-18 13:23:00.000
14329,VIP Customers,1,8,7,4975.24,5,5,5,15,710.75,0.022364,313,52.17,218,3087,2011,1,2011-01-14 13:42:00.000,2011-11-22 15:50:00.000
12490,VIP Customers,1,8,9,4955.63,5,5,5,15,550.63,0.028754,313,39.13,126,2809,2011,1,2011-01-14 09:13:00.000,2011-11-22 11:19:00.000
14688,VIP Customers,1,30,19,4949.83,4,5,5,14,260.52,0.056716,335,18.61,117,3292,2010,12,2010-12-01 09:37:00.000,2011-10-31 08:29:00.000
16191,VIP Customers,1,2,12,4935.86,5,5,5,15,411.32,0.034286,350,31.82,65,3174,2010,12,2010-12-14 12:38:00.000,2011-11-28 09:08:00.000
14709,VIP Customers,1,6,13,4921.04,5,5,5,15,378.54,0.037791,344,28.67,71,2484,2010,12,2010-12-16 13:43:00.000,2011-11-24 15:41:00.000
15786,VIP Customers,1,37,3,4919,3,4,5,12,1639.67,0.043478,69,34.50,257,3340,2011,8,2011-08-17 13:33:00.000,2011-10-24 14:13:00.000
16701,VIP Customers,1,35,12,4899.86,3,5,5,13,408.32,0.037736,318,28.91,91,5688,2010,12,2010-12-13 11:51:00.000,2011-10-26 12:31:00.000
17133,VIP Customers,1,6,7,4892.24,5,5,5,15,698.89,0.027778,252,42.00,13,2730,2011,3,2011-03-18 13:47:00.000,2011-11-24 12:27:00.000
17652,VIP Customers,1,16,12,4867.72,4,5,5,14,405.64,0.046693,257,23.36,118,2509,2011,3,2011-03-03 14:05:00.000,2011-11-14 12:55:00.000
12839,VIP Customers,1,2,13,4839.03,5,5,5,15,372.23,0.036415,357,29.75,94,3320,2010,12,2010-12-07 15:48:00.000,2011-11-28 12:33:00.000
13599,VIP Customers,1,1,19,4830.24,5,5,5,15,254.22,0.053221,357,19.83,165,3089,2010,12,2010-12-08 10:11:00.000,2011-11-29 09:15:00.000
15738,VIP Customers,1,9,16,4812.42,5,5,5,15,300.78,0.045070,355,23.67,46,2982,2010,12,2010-12-02 12:50:00.000,2011-11-21 08:26:00.000
15555,VIP Customers,1,3,16,4794.86,5,5,5,15,299.68,0.044693,358,23.87,401,4427,2010,12,2010-12-05 14:45:00.000,2011-11-27 16:19:00.000
16700,VIP Customers,1,20,12,4792.74,4,5,5,14,399.39,0.035503,338,30.73,151,3817,2010,12,2010-12-08 16:34:00.000,2011-11-10 10:10:00.000
12437,VIP Customers,1,0,17,4785.51,5,5,5,15,281.50,0.052632,323,20.19,118,2901,2011,1,2011-01-12 14:13:00.000,2011-11-30 16:47:00.000
17365,VIP Customers,1,3,8,4767.36,5,5,5,15,595.92,0.024922,321,45.86,278,4749,2011,1,2011-01-11 12:11:00.000,2011-11-27 12:13:00.000
14415,VIP Customers,1,10,12,4764.62,5,5,5,15,397.05,0.035088,342,31.09,232,2304,2010,12,2010-12-14 13:31:00.000,2011-11-20 15:52:00.000
14180,VIP Customers,1,1,25,4748.52,5,5,5,15,189.94,0.068871,363,15.13,112,719,2010,12,2010-12-02 13:08:00.000,2011-11-29 10:56:00.000
15152,VIP Customers,1,0,13,4745.69,5,5,5,15,365.05,0.072626,179,14.92,196,2704,2011,6,2011-06-05 15:36:00.000,2011-11-30 12:32:00.000
16722,VIP Customers,1,8,13,4730.81,5,5,5,15,363.91,0.036932,352,29.33,96,5001,2010,12,2010-12-06 12:59:00.000,2011-11-22 13:28:00.000
17690,VIP Customers,1,21,15,4726.8,4,5,5,14,315.12,0.043605,344,24.57,186,1769,2010,12,2010-12-01 16:15:00.000,2011-11-09 15:17:00.000
12714,VIP Customers,1,0,5,4708.86,5,5,5,15,941.77,0.017483,286,71.50,216,3069,2011,2,2011-02-18 10:53:00.000,2011-11-30 15:43:00.000
12362,VIP Customers,1,26,9,4697.19,4,5,5,14,521.91,0.034483,261,32.63,183,2008,2011,2,2011-02-17 10:30:00.000,2011-11-04 09:07:00.000
14562,VIP Customers,1,2,16,4683.45,5,5,5,15,292.72,0.054422,294,19.60,179,1695,2011,2,2011-02-08 14:45:00.000,2011-11-28 14:39:00.000
15291,VIP Customers,1,16,15,4668.3,4,5,5,14,311.22,0.042980,349,24.93,62,2103,2010,12,2010-12-01 09:32:00.000,2011-11-14 11:02:00.000
14390,VIP Customers,1,1,9,4642.57,5,5,5,15,515.84,0.024793,363,45.38,135,2133,2010,12,2010-12-02 11:57:00.000,2011-11-29 13:49:00.000
17730,VIP Customers,1,19,12,4635.78,4,5,5,14,386.32,0.040134,299,27.18,117,3115,2011,1,2011-01-17 14:49:00.000,2011-11-11 11:02:00.000
14159,VIP Customers,1,10,11,4630.35,5,5,5,15,420.94,0.031977,344,34.40,501,4348,2010,12,2010-12-12 11:17:00.000,2011-11-20 12:36:00.000
14286,VIP Customers,1,14,3,4628.75,4,4,5,13,1542.92,0.013636,220,110.00,220,4338,2011,4,2011-04-11 08:16:00.000,2011-11-16 10:34:00.000
15093,VIP Customers,1,9,6,4597.02,5,5,5,15,766.17,0.016901,355,71.00,52,3760,2010,12,2010-12-02 18:25:00.000,2011-11-21 13:09:00.000
14004,VIP Customers,1,34,7,4582.64,3,5,5,13,654.66,0.028455,246,41.00,102,2668,2011,2,2011-02-24 09:28:00.000,2011-10-27 14:40:00.000
17068,VIP Customers,1,3,21,4552.14,5,5,5,15,216.77,0.058824,357,17.85,116,2164,2010,12,2010-12-06 13:58:00.000,2011-11-27 13:14:00.000
17613,VIP Customers,1,13,14,4544.55,4,5,5,14,324.61,0.049296,284,21.85,211,2490,2011,2,2011-02-07 11:20:00.000,2011-11-17 10:51:00.000
12484,VIP Customers,1,23,6,4527.32,4,5,5,14,754.55,0.019672,305,61.00,256,2187,2011,1,2011-01-07 14:04:00.000,2011-11-07 11:37:00.000
13013,VIP Customers,1,12,12,4515.84,5,5,5,15,376.32,0.034188,351,31.91,155,2114,2010,12,2010-12-03 12:28:00.000,2011-11-18 14:25:00.000
15299,VIP Customers,1,58,7,4507.01,3,5,5,13,643.86,0.022876,306,51.00,7,2948,2010,12,2010-12-02 16:48:00.000,2011-10-03 14:19:00.000
15298,VIP Customers,1,1,11,4487.68,5,5,5,15,407.97,0.030812,357,35.70,105,2682,2010,12,2010-12-08 13:55:00.000,2011-11-29 10:23:00.000
12524,VIP Customers,1,0,8,4485.72,5,5,5,15,560.71,0.024615,325,46.43,113,3699,2011,1,2011-01-10 10:35:00.000,2011-11-30 15:31:00.000
17975,VIP Customers,1,6,13,4483.26,5,5,5,15,344.87,0.036932,352,29.33,189,1565,2010,12,2010-12-08 11:38:00.000,2011-11-24 13:27:00.000
14426,VIP Customers,1,14,10,4481.67,4,5,5,14,448.17,0.034483,290,32.22,183,2699,2011,1,2011-01-31 09:51:00.000,2011-11-16 12:25:00.000
12627,VIP Customers,1,1,7,4478.53,5,5,5,15,639.79,0.053435,131,21.83,162,2752,2011,7,2011-07-22 13:59:00.000,2011-11-29 12:07:00.000
14292,VIP Customers,1,30,7,4458.61,4,5,5,14,636.94,0.028689,244,40.67,63,1467,2011,3,2011-03-02 08:26:00.000,2011-10-31 09:51:00.000
15955,VIP Customers,1,15,14,4416.26,4,5,5,14,315.45,0.040115,349,26.85,137,2135,2010,12,2010-12-02 11:22:00.000,2011-11-15 14:15:00.000
15874,VIP Customers,1,54,7,4405.88,3,5,5,13,629.41,0.031532,222,37.00,110,2534,2011,2,2011-02-28 13:28:00.000,2011-10-07 12:31:00.000
12712,VIP Customers,1,19,13,4396.13,4,5,5,14,338.16,0.037791,344,28.67,58,1062,2010,12,2010-12-03 14:30:00.000,2011-11-11 08:19:00.000
13505,VIP Customers,1,63,4,4393.63,3,4,5,12,1098.41,0.024845,161,53.67,182,2486,2011,4,2011-04-21 12:07:00.000,2011-09-28 11:56:00.000
15547,VIP Customers,1,31,13,4391.94,4,5,5,14,337.84,0.040248,323,26.92,388,3610,2010,12,2010-12-12 13:26:00.000,2011-10-30 15:19:00.000
17858,VIP Customers,1,44,11,4376.94,3,5,5,13,397.90,0.034700,317,31.70,80,2551,2010,12,2010-12-05 13:08:00.000,2011-10-17 12:33:00.000
14189,VIP Customers,1,7,14,4352.52,5,5,5,15,310.89,0.039660,353,27.15,165,3615,2010,12,2010-12-06 11:42:00.000,2011-11-23 16:43:00.000
16945,VIP Customers,1,12,19,4345.5,5,5,5,15,228.71,0.056213,338,18.78,137,2725,2010,12,2010-12-16 17:49:00.000,2011-11-18 11:39:00.000
13756,VIP Customers,1,13,12,4343.12,4,5,5,14,361.93,0.034682,346,31.45,65,2776,2010,12,2010-12-07 11:41:00.000,2011-11-17 10:02:00.000
14800,VIP Customers,1,38,12,4331.79,3,5,5,13,360.98,0.037152,323,29.36,246,3644,2010,12,2010-12-05 11:10:00.000,2011-10-23 12:46:00.000
15034,VIP Customers,1,6,8,4274.16,5,5,5,15,534.27,0.023599,339,48.43,299,2413,2010,12,2010-12-21 09:47:00.000,2011-11-24 12:11:00.000
14534,VIP Customers,1,8,17,4266.48,5,5,5,15,250.97,0.056291,302,18.88,325,1944,2011,1,2011-01-25 12:33:00.000,2011-11-22 11:24:00.000
14191,VIP Customers,1,1,12,4258.64,5,5,5,15,354.89,0.056872,211,19.18,122,3186,2011,5,2011-05-03 10:30:00.000,2011-11-29 17:23:00.000
12500,VIP Customers,1,14,11,4257.82,4,5,5,14,387.07,0.035370,311,31.10,34,2678,2011,1,2011-01-10 09:48:00.000,2011-11-16 16:20:00.000
14135,VIP Customers,1,23,13,4247.41,4,5,5,14,326.72,0.038123,341,28.42,88,3673,2010,12,2010-12-02 10:27:00.000,2011-11-07 16:30:00.000
17419,VIP Customers,1,2,12,4226.57,5,5,5,15,352.21,0.033613,357,32.45,155,1876,2010,12,2010-12-07 15:03:00.000,2011-11-28 13:47:00.000
13267,VIP Customers,1,8,18,4220.29,5,5,5,15,234.46,0.051429,350,20.59,87,1855,2010,12,2010-12-08 09:20:00.000,2011-11-22 11:04:00.000
14525,VIP Customers,1,10,9,4215.9,5,5,5,15,468.43,0.026239,343,42.88,217,2637,2010,12,2010-12-13 17:40:00.000,2011-11-20 11:37:00.000
15971,VIP Customers,1,8,12,4199.85,5,5,5,15,349.99,0.040678,295,26.82,10,1717,2011,2,2011-02-01 16:47:00.000,2011-11-22 12:50:00.000
12949,VIP Customers,1,21,8,4167.22,4,5,5,14,520.90,0.035874,223,31.86,166,2381,2011,4,2011-04-01 13:20:00.000,2011-11-09 11:25:00.000
13384,VIP Customers,1,21,7,4151.93,4,5,5,14,593.13,0.046980,149,24.83,123,2422,2011,6,2011-06-14 12:47:00.000,2011-11-09 11:04:00.000
13069,VIP Customers,1,5,23,4151.2,5,5,5,15,180.49,0.064607,356,16.18,264,5521,2010,12,2010-12-05 11:02:00.000,2011-11-25 15:47:00.000
13988,VIP Customers,1,10,6,4147.96,5,5,5,15,691.33,0.025424,236,47.20,188,3044,2011,3,2011-03-30 11:48:00.000,2011-11-20 10:15:00.000
16931,VIP Customers,1,10,20,4143.43,5,5,5,15,207.17,0.056980,351,18.47,427,2801,2010,12,2010-12-05 11:40:00.000,2011-11-20 14:43:00.000
15570,VIP Customers,1,1,11,4113.42,5,5,5,15,373.95,0.030556,360,36.00,231,2051,2010,12,2010-12-05 12:57:00.000,2011-11-29 15:24:00.000
13555,VIP Customers,1,64,4,4098.88,3,4,5,12,1024.72,0.031008,129,43.00,128,2636,2011,5,2011-05-22 11:06:00.000,2011-09-27 12:36:00.000
18041,VIP Customers,1,2,21,4097.37,5,5,5,15,195.11,0.058011,362,18.10,285,3758,2010,12,2010-12-02 11:21:00.000,2011-11-28 11:39:00.000
16670,VIP Customers,1,7,11,4095.9,5,5,5,15,372.35,0.032070,343,34.30,179,2556,2010,12,2010-12-16 10:30:00.000,2011-11-23 09:34:00.000
12347,VIP Customers,1,30,6,4085.18,4,5,5,14,680.86,0.018237,329,65.80,100,2266,2010,12,2010-12-07 14:57:00.000,2011-10-31 12:25:00.000
12449,VIP Customers,1,13,4,4067.29,4,4,5,13,1016.82,0.024096,166,55.33,118,1553,2011,6,2011-06-05 15:37:00.000,2011-11-17 13:46:00.000
17377,VIP Customers,1,14,20,4058.32,4,5,5,14,202.92,0.056980,351,18.47,190,2038,2010,12,2010-12-01 12:35:00.000,2011-11-16 11:17:00.000
12656,VIP Customers,1,8,5,4051.17,5,5,5,15,810.23,0.023041,217,54.25,89,1723,2011,4,2011-04-20 09:20:00.000,2011-11-22 13:42:00.000
16549,VIP Customers,1,1,10,4034.9,5,5,5,15,403.49,0.030769,325,36.11,445,2294,2011,1,2011-01-09 14:03:00.000,2011-11-29 15:06:00.000
13815,VIP Customers,1,13,4,4027.36,4,4,5,13,1006.84,0.013468,297,99.00,132,2560,2011,1,2011-01-25 12:16:00.000,2011-11-17 14:19:00.000
15514,VIP Customers,1,3,11,4023.72,5,5,5,15,365.79,0.031161,353,35.30,96,2098,2010,12,2010-12-10 13:50:00.000,2011-11-27 14:40:00.000
17940,VIP Customers,1,40,10,4020.04,3,5,5,13,402.00,0.039370,254,28.22,6,9323,2011,2,2011-02-10 09:29:00.000,2011-10-21 13:27:00.000
12957,VIP Customers,1,0,8,4017.54,5,5,5,15,502.19,0.024169,331,47.29,208,2549,2011,1,2011-01-04 12:18:00.000,2011-11-30 09:53:00.000
12867,VIP Customers,1,17,7,4009.34,4,5,5,14,572.76,0.020896,335,55.83,240,4284,2010,12,2010-12-14 16:39:00.000,2011-11-13 15:30:00.000
16186,VIP Customers,1,13,12,4006.94,4,5,5,14,333.91,0.034188,351,31.91,87,3020,2010,12,2010-12-02 14:40:00.000,2011-11-17 12:43:00.000
12664,VIP Customers,1,7,8,3991.88,5,5,5,15,498.99,0.026059,307,43.86,10,985,2011,1,2011-01-21 11:42:00.000,2011-11-23 15:02:00.000
15416,VIP Customers,1,55,4,3984.32,3,4,5,12,996.08,0.018265,219,73.00,165,2090,2011,3,2011-03-02 08:41:00.000,2011-10-06 09:38:00.000
12779,VIP Customers,1,28,8,3981.36,4,5,5,14,497.67,0.023881,335,47.86,88,2024,2010,12,2010-12-03 13:40:00.000,2011-11-02 11:43:00.000
12727,VIP Customers,1,1,7,3980.7,5,5,5,15,568.67,0.022508,311,51.83,109,2098,2011,1,2011-01-23 15:17:00.000,2011-11-29 11:46:00.000
17602,VIP Customers,1,14,5,3965.73,4,4,5,13,793.15,0.016556,302,75.50,308,3214,2011,1,2011-01-19 16:18:00.000,2011-11-16 15:58:00.000
13523,VIP Customers,1,24,5,3964.88,4,4,5,13,792.98,0.014970,334,83.50,157,1752,2010,12,2010-12-08 14:22:00.000,2011-11-06 15:11:00.000
15529,VIP Customers,1,13,11,3962.6,4,5,5,14,360.24,0.031884,345,34.50,415,3455,2010,12,2010-12-08 12:24:00.000,2011-11-17 11:29:00.000
17769,VIP Customers,1,3,10,3957.43,5,5,5,15,395.74,0.032362,309,34.33,200,1850,2011,1,2011-01-23 11:15:00.000,2011-11-27 11:18:00.000
12955,VIP Customers,1,7,9,3949.94,5,5,5,15,438.88,0.035714,252,31.50,81,3146,2011,3,2011-03-17 09:03:00.000,2011-11-23 10:08:00.000
17651,VIP Customers,1,2,10,3945,5,5,5,15,394.50,0.059880,167,18.56,149,3112,2011,6,2011-06-15 15:57:00.000,2011-11-28 10:29:00.000
15187,VIP Customers,1,6,13,3944.7,5,5,5,15,303.44,0.065657,198,16.50,55,1577,2011,5,2011-05-11 13:49:00.000,2011-11-24 13:28:00.000
17937,VIP Customers,1,22,6,3940.92,4,5,5,14,656.82,0.018072,332,66.40,19,1500,2010,12,2010-12-12 14:43:00.000,2011-11-08 15:45:00.000
17567,VIP Customers,1,48,7,3913.48,3,5,5,13,559.07,0.022152,316,52.67,107,2328,2010,12,2010-12-02 15:18:00.000,2011-10-13 12:52:00.000
13999,VIP Customers,1,1,12,3901.81,5,5,5,15,325.15,0.034091,352,32.00,102,2243,2010,12,2010-12-13 11:23:00.000,2011-11-29 13:40:00.000
16626,VIP Customers,1,13,15,3888.89,4,5,5,14,259.26,0.061224,245,17.50,86,2241,2011,3,2011-03-18 12:27:00.000,2011-11-17 15:41:00.000
14422,VIP Customers,1,8,5,3881.63,5,5,5,15,776.33,0.019920,251,62.75,184,2727,2011,3,2011-03-17 17:26:00.000,2011-11-22 14:59:00.000
15804,VIP Customers,1,2,12,3877.34,5,5,5,15,323.11,0.063830,188,17.09,168,2287,2011,5,2011-05-25 10:12:00.000,2011-11-28 15:50:00.000
16717,VIP Customers,1,14,6,3843.08,4,5,5,14,640.51,0.017442,344,68.80,176,1860,2010,12,2010-12-08 16:48:00.000,2011-11-16 12:16:00.000
12841,VIP Customers,1,5,23,3840.57,5,5,5,15,166.98,0.064246,358,16.27,213,2569,2010,12,2010-12-03 10:43:00.000,2011-11-25 12:20:00.000
13266,VIP Customers,1,2,12,3834.26,5,5,5,15,319.52,0.048780,246,22.36,82,4428,2011,3,2011-03-28 10:14:00.000,2011-11-28 14:39:00.000
16327,VIP Customers,1,5,6,3820.27,5,5,5,15,636.71,0.016854,356,71.20,142,2560,2010,12,2010-12-05 12:43:00.000,2011-11-25 13:23:00.000
12597,VIP Customers,1,10,4,3811.22,5,4,5,14,952.81,0.016000,250,83.33,184,2236,2011,3,2011-03-16 14:00:00.000,2011-11-20 13:33:00.000
12668,VIP Customers,1,2,4,3807.15,5,4,5,14,951.79,0.011594,345,115.00,115,1634,2010,12,2010-12-19 12:46:00.000,2011-11-28 10:56:00.000
14085,VIP Customers,1,0,15,3790.3,5,5,5,15,252.69,0.041667,360,25.71,244,2681,2010,12,2010-12-06 12:39:00.000,2011-11-30 16:54:00.000
16655,VIP Customers,1,8,6,3789.52,5,5,5,15,631.59,0.019048,315,63.00,208,2363,2011,1,2011-01-12 10:16:00.000,2011-11-22 11:25:00.000
16168,VIP Customers,1,1,27,3787.6,5,5,5,15,140.28,0.075000,360,13.85,57,1892,2010,12,2010-12-05 11:38:00.000,2011-11-29 12:45:00.000
16019,VIP Customers,1,37,9,3786.24,3,5,5,13,420.69,0.028213,319,39.88,133,1733,2010,12,2010-12-10 12:29:00.000,2011-10-24 11:51:00.000
16401,VIP Customers,1,5,11,3785.58,5,5,5,15,344.14,0.035032,314,31.40,65,3428,2011,1,2011-01-16 10:56:00.000,2011-11-25 12:57:00.000
17364,VIP Customers,1,6,8,3770.17,5,5,5,15,471.27,0.025237,317,45.29,272,2319,2011,1,2011-01-12 16:57:00.000,2011-11-24 14:40:00.000
12747,VIP Customers,1,13,10,3757.51,4,5,5,14,375.75,0.028736,348,38.67,41,1153,2010,12,2010-12-05 15:38:00.000,2011-11-17 17:13:00.000
12429,VIP Customers,1,0,4,3750.4,5,4,5,14,937.60,0.011204,357,119.00,82,1557,2010,12,2010-12-09 12:05:00.000,2011-11-30 17:22:00.000
14145,VIP Customers,1,37,4,3742.2,3,4,5,12,935.55,0.023256,172,57.33,6,756,2011,5,2011-05-06 13:01:00.000,2011-10-24 12:10:00.000
13552,VIP Customers,1,57,12,3740.07,3,5,5,13,311.67,0.048000,250,22.73,82,1417,2011,1,2011-01-28 10:10:00.000,2011-10-04 15:19:00.000
16570,VIP Customers,1,6,10,3738.4,5,5,5,15,373.84,0.033670,297,33.00,68,2112,2011,2,2011-02-01 10:37:00.000,2011-11-24 17:02:00.000
12647,VIP Customers,1,13,12,3722.82,4,5,5,14,310.23,0.034483,348,31.64,78,1431,2010,12,2010-12-05 14:02:00.000,2011-11-17 12:56:00.000
14092,VIP Customers,1,14,12,3722.45,4,5,5,14,310.20,0.035714,336,30.55,113,1882,2010,12,2010-12-16 15:47:00.000,2011-11-16 12:08:00.000
15845,VIP Customers,1,8,8,3711.77,5,5,5,15,463.97,0.024922,321,45.86,97,1926,2011,1,2011-01-06 17:19:00.000,2011-11-22 09:42:00.000
15622,VIP Customers,1,34,9,3709.56,3,5,5,13,412.17,0.037500,240,30.00,169,1674,2011,3,2011-03-02 13:42:00.000,2011-10-27 16:44:00.000
17819,VIP Customers,1,62,7,3704.87,3,5,5,13,529.27,0.023256,301,50.17,36,1031,2010,12,2010-12-03 14:26:00.000,2011-09-29 10:52:00.000
14401,VIP Customers,1,29,12,3697.7,4,5,5,14,308.14,0.037267,322,29.27,90,4049,2010,12,2010-12-15 09:07:00.000,2011-11-01 13:37:00.000
13148,VIP Customers,1,20,12,3683.26,4,5,5,14,306.94,0.035714,336,30.55,231,1965,2010,12,2010-12-10 13:06:00.000,2011-11-10 15:23:00.000
14299,VIP Customers,1,12,8,3676.1,4,5,5,14,459.51,0.023188,345,49.29,90,1909,2010,12,2010-12-09 10:30:00.000,2011-11-18 12:49:00.000
15296,VIP Customers,1,41,6,3672.86,3,5,5,13,612.14,0.021661,277,55.40,137,1766,2011,1,2011-01-17 11:57:00.000,2011-10-20 11:47:00.000
17611,VIP Customers,1,21,13,3655.07,4,5,5,14,281.16,0.039157,332,27.67,429,2419,2010,12,2010-12-13 13:52:00.000,2011-11-09 09:01:00.000
12619,VIP Customers,1,7,9,3641.24,5,5,5,15,404.58,0.037815,238,29.75,50,3378,2011,3,2011-03-31 13:10:00.000,2011-11-23 14:52:00.000
13381,VIP Customers,1,22,6,3639.31,4,5,5,14,606.55,0.022388,268,53.60,77,2029,2011,2,2011-02-14 10:10:00.000,2011-11-08 11:58:00.000
17920,VIP Customers,1,2,15,3628.43,5,5,5,15,241.90,0.041322,363,25.93,338,2171,2010,12,2010-12-01 11:49:00.000,2011-11-28 10:46:00.000
13327,VIP Customers,1,29,8,3627.77,4,5,5,14,453.47,0.024390,328,46.86,74,1600,2010,12,2010-12-09 15:32:00.000,2011-11-01 10:21:00.000
12662,VIP Customers,1,14,10,3624.83,4,5,5,14,362.48,0.028490,351,39.00,126,1962,2010,12,2010-12-01 13:04:00.000,2011-11-16 17:26:00.000
13520,VIP Customers,1,49,6,3624.35,3,5,5,13,604.06,0.019108,314,62.80,49,1649,2010,12,2010-12-03 10:36:00.000,2011-10-12 10:20:00.000
18079,VIP Customers,1,36,4,3613.15,3,4,5,12,903.29,0.020619,194,64.67,99,7347,2011,4,2011-04-15 12:14:00.000,2011-10-25 15:27:00.000
16712,VIP Customers,1,0,11,3611.31,5,5,5,15,328.30,0.041045,268,26.80,259,1730,2011,3,2011-03-08 15:07:00.000,2011-11-30 13:48:00.000
15505,VIP Customers,1,43,5,3610.96,3,4,5,12,722.19,0.048077,104,26.00,90,2390,2011,7,2011-07-07 13:33:00.000,2011-10-18 07:56:00.000
13137,VIP Customers,1,1,8,3603.29,5,5,5,15,450.41,0.026756,299,42.71,345,2204,2011,2,2011-02-04 11:54:00.000,2011-11-29 12:09:00.000
14543,VIP Customers,1,19,16,3599.73,4,5,5,14,224.98,0.047478,337,22.47,43,675,2010,12,2010-12-10 11:51:00.000,2011-11-11 12:45:00.000
17001,VIP Customers,1,13,10,3581.89,4,5,5,14,358.19,0.029674,337,37.44,72,1946,2010,12,2010-12-16 09:35:00.000,2011-11-17 15:24:00.000
14040,VIP Customers,1,31,12,3560.32,3,5,5,13,296.69,0.041096,292,26.55,146,1544,2011,1,2011-01-12 14:57:00.000,2011-10-30 12:42:00.000
17203,VIP Customers,1,26,6,3560.08,4,5,5,14,593.35,0.230769,26,5.20,116,2846,2011,10,2011-10-10 14:37:00.000,2011-11-04 12:27:00.000
15544,VIP Customers,1,0,9,3546.71,5,5,5,15,394.08,0.024725,364,45.50,122,3109,2010,12,2010-12-02 12:47:00.000,2011-11-30 16:43:00.000
12370,VIP Customers,1,42,4,3541.94,3,4,5,12,885.48,0.012903,310,103.33,143,2352,2010,12,2010-12-14 12:58:00.000,2011-10-19 14:51:00.000
13448,VIP Customers,1,7,6,3534.69,5,5,5,15,589.12,0.016760,358,71.60,137,1648,2010,12,2010-12-01 10:52:00.000,2011-11-23 12:33:00.000
13183,VIP Customers,1,28,8,3528.72,4,5,5,14,441.09,0.026846,298,42.57,51,1994,2011,1,2011-01-09 10:50:00.000,2011-11-02 14:50:00.000
15867,VIP Customers,1,13,14,3524.56,4,5,5,14,251.75,0.040230,348,26.77,282,1794,2010,12,2010-12-05 14:17:00.000,2011-11-17 16:39:00.000
17160,VIP Customers,1,22,6,3518.03,4,5,5,14,586.34,0.028436,211,42.20,111,2856,2011,4,2011-04-12 12:00:00.000,2011-11-08 14:05:00.000
16131,VIP Customers,1,42,6,3506.54,3,5,5,13,584.42,0.031746,189,37.80,55,1802,2011,4,2011-04-14 08:32:00.000,2011-10-19 11:53:00.000
14547,VIP Customers,1,3,6,3495.25,5,5,5,15,582.54,0.139535,43,8.60,190,2383,2011,10,2011-10-16 14:35:00.000,2011-11-27 13:49:00.000
13993,VIP Customers,1,33,9,3466.36,3,5,5,13,385.15,0.031142,289,36.13,66,900,2011,1,2011-01-13 10:43:00.000,2011-10-28 09:06:00.000
13014,VIP Customers,1,1,10,3466.28,5,5,5,15,346.63,0.036765,272,30.22,67,905,2011,3,2011-03-03 18:28:00.000,2011-11-29 12:27:00.000
15129,VIP Customers,1,41,11,3447.4,3,5,5,13,313.40,0.045455,242,24.20,54,1794,2011,2,2011-02-21 09:09:00.000,2011-10-20 14:40:00.000
15974,VIP Customers,1,30,7,3442.15,4,5,5,14,491.74,0.028000,250,41.67,141,2262,2011,2,2011-02-24 10:10:00.000,2011-10-31 13:13:00.000
17725,VIP Customers,1,7,11,3439.08,5,5,5,15,312.64,0.043651,252,25.20,115,2162,2011,3,2011-03-17 19:47:00.000,2011-11-23 16:34:00.000
14221,VIP Customers,1,33,9,3432.8,3,5,5,13,381.42,0.030201,298,37.25,123,2191,2011,1,2011-01-04 15:33:00.000,2011-10-28 13:42:00.000
16145,VIP Customers,1,31,10,3432.1,3,5,5,13,343.21,0.031250,320,35.56,127,2943,2010,12,2010-12-15 09:09:00.000,2011-10-30 13:17:00.000
12569,VIP Customers,1,7,26,3429.67,5,5,5,15,131.91,0.109705,237,9.48,78,1501,2011,4,2011-04-01 13:47:00.000,2011-11-23 14:39:00.000
17528,VIP Customers,1,8,7,3428,5,5,5,15,489.71,0.127273,55,9.17,178,1940,2011,9,2011-09-29 13:04:00.000,2011-11-22 10:21:00.000
12553,VIP Customers,1,16,9,3415.26,4,5,5,14,379.47,0.029508,305,38.13,95,1796,2011,1,2011-01-14 10:42:00.000,2011-11-14 13:40:00.000
15981,VIP Customers,1,15,8,3408.48,4,5,5,14,426.06,0.027778,288,41.14,53,1866,2011,2,2011-02-01 13:50:00.000,2011-11-15 08:00:00.000
17758,VIP Customers,1,10,8,3408.2,5,5,5,15,426.02,0.034483,232,33.14,310,2054,2011,4,2011-04-03 15:22:00.000,2011-11-20 14:45:00.000
13437,VIP Customers,1,5,7,3408.06,5,5,5,15,486.87,0.039548,177,29.50,143,1283,2011,6,2011-06-02 14:30:00.000,2011-11-25 14:00:00.000
17669,VIP Customers,1,33,7,3406.72,3,5,5,13,486.67,0.033654,208,34.67,45,1916,2011,4,2011-04-04 10:11:00.000,2011-10-28 08:53:00.000
13198,VIP Customers,1,1,6,3401.24,5,5,5,15,566.87,0.017045,352,70.40,199,2648,2010,12,2010-12-13 09:29:00.000,2011-11-29 15:17:00.000
15228,VIP Customers,1,57,4,3386.71,3,4,5,12,846.68,0.017467,229,76.33,110,2255,2011,2,2011-02-18 09:04:00.000,2011-10-04 13:56:00.000
13842,VIP Customers,1,49,9,3385.62,3,5,5,13,376.18,0.029126,309,38.63,155,1768,2010,12,2010-12-08 10:39:00.000,2011-10-12 10:51:00.000
17091,VIP Customers,1,22,8,3376.96,4,5,5,14,422.12,0.023739,337,48.14,118,1566,2010,12,2010-12-07 09:55:00.000,2011-11-08 10:17:00.000
13435,VIP Customers,1,15,6,3367.59,4,5,5,14,561.26,0.036145,166,33.20,64,1831,2011,6,2011-06-03 17:07:00.000,2011-11-15 15:23:00.000
14739,VIP Customers,1,10,6,3367.32,5,5,5,15,561.22,0.017192,349,69.80,44,3556,2010,12,2010-12-07 14:58:00.000,2011-11-20 10:37:00.000
14227,VIP Customers,1,17,10,3350.96,4,5,5,14,335.10,0.038610,259,28.78,117,1820,2011,2,2011-02-28 12:27:00.000,2011-11-13 15:48:00.000
16818,VIP Customers,1,1,11,3349.57,5,5,5,15,304.51,0.056122,196,19.60,172,2164,2011,5,2011-05-18 11:42:00.000,2011-11-29 10:41:00.000
13426,VIP Customers,1,1,9,3349.54,5,5,5,15,372.17,0.025714,350,43.75,101,2101,2010,12,2010-12-15 12:43:00.000,2011-11-29 13:29:00.000
16607,VIP Customers,1,8,14,3347.71,5,5,5,15,239.12,0.040936,342,26.31,140,2859,2010,12,2010-12-16 08:41:00.000,2011-11-22 10:24:00.000
12613,VIP Customers,1,48,5,3344.38,3,4,5,12,668.88,0.024272,206,51.50,124,1644,2011,3,2011-03-22 15:42:00.000,2011-10-13 14:59:00.000
14282,VIP Customers,1,10,13,3343.74,5,5,5,15,257.21,0.037249,349,29.08,70,2466,2010,12,2010-12-07 12:21:00.000,2011-11-20 15:27:00.000
13015,VIP Customers,1,44,5,3339.64,3,4,5,12,667.93,0.025381,197,49.25,156,1609,2011,4,2011-04-04 14:28:00.000,2011-10-17 13:19:00.000
12594,VIP Customers,1,28,10,3338.22,4,5,5,14,333.82,0.034965,286,31.78,50,1777,2011,1,2011-01-21 09:52:00.000,2011-11-02 12:20:00.000
12749,VIP Customers,1,13,4,3327.82,4,4,5,13,831.96,0.020833,192,64.00,138,1244,2011,5,2011-05-10 15:25:00.000,2011-11-17 12:05:00.000
14291,VIP Customers,1,48,9,3325.56,3,5,5,13,369.51,0.041096,219,27.38,139,2251,2011,3,2011-03-09 15:20:00.000,2011-10-13 09:16:00.000
16556,VIP Customers,1,57,7,3313.79,3,5,5,13,473.40,0.023729,295,49.17,144,1890,2010,12,2010-12-14 13:32:00.000,2011-10-04 11:36:00.000
13373,VIP Customers,1,51,3,3312.25,3,4,5,12,1104.08,0.013825,217,108.50,135,1651,2011,3,2011-03-08 14:35:00.000,2011-10-10 10:51:00.000
16458,VIP Customers,1,5,17,3307.24,5,5,5,15,194.54,0.048991,347,21.69,52,2068,2010,12,2010-12-14 11:51:00.000,2011-11-25 08:23:00.000
16904,VIP Customers,1,20,15,3304.73,4,5,5,14,220.32,0.044248,339,24.21,369,1745,2010,12,2010-12-07 13:29:00.000,2011-11-10 13:46:00.000
14841,VIP Customers,1,44,6,3295.76,3,5,5,13,549.29,0.019608,306,61.20,103,1778,2010,12,2010-12-16 10:28:00.000,2011-10-17 15:03:00.000
15632,VIP Customers,1,6,8,3285.31,5,5,5,15,410.66,0.030769,260,37.14,107,2109,2011,3,2011-03-10 08:29:00.000,2011-11-24 09:51:00.000
12480,VIP Customers,1,19,4,3281.63,4,4,5,13,820.41,0.012945,309,103.00,129,1707,2011,1,2011-01-07 15:27:00.000,2011-11-11 14:52:00.000
12417,VIP Customers,1,30,8,3279.37,4,5,5,14,409.92,0.025078,319,45.57,150,1377,2010,12,2010-12-17 11:51:00.000,2011-10-31 16:02:00.000
14132,VIP Customers,1,5,10,3270.9,5,5,5,15,327.09,0.058824,170,18.89,90,3053,2011,6,2011-06-09 12:04:00.000,2011-11-25 10:03:00.000
13047,VIP Customers,1,22,10,3237.54,4,5,5,14,323.75,0.029155,343,38.11,106,1391,2010,12,2010-12-01 08:34:00.000,2011-11-08 12:06:00.000
15708,VIP Customers,1,31,7,3235.25,4,5,5,14,462.18,0.021212,330,55.00,124,1217,2010,12,2010-12-05 11:12:00.000,2011-10-30 10:54:00.000
14175,VIP Customers,1,50,3,3222.3,3,4,5,12,1074.10,0.011070,271,135.50,139,1515,2011,1,2011-01-14 12:22:00.000,2011-10-11 11:55:00.000
13880,VIP Customers,1,12,13,3219.77,4,5,5,14,247.67,0.037464,347,28.92,125,1842,2010,12,2010-12-07 14:00:00.000,2011-11-18 13:44:00.000
14388,VIP Customers,1,1,8,3212.84,5,5,5,15,401.60,0.022039,363,51.86,124,1941,2010,12,2010-12-02 11:02:00.000,2011-11-29 13:32:00.000
17173,VIP Customers,1,1,7,3209.4,5,5,5,15,458.49,0.057377,122,20.33,29,922,2011,7,2011-07-31 15:26:00.000,2011-11-29 14:38:00.000
16107,VIP Customers,1,8,7,3204.16,5,5,5,15,457.74,0.041916,167,27.83,16,1176,2011,6,2011-06-09 18:42:00.000,2011-11-22 09:40:00.000
16592,VIP Customers,1,3,15,3195.52,5,5,5,15,213.03,0.054348,276,19.71,131,2319,2011,2,2011-02-25 10:19:00.000,2011-11-27 13:07:00.000
13758,VIP Customers,1,2,7,3190.55,5,5,5,15,455.79,0.019284,363,60.50,104,1844,2010,12,2010-12-01 12:08:00.000,2011-11-28 11:11:00.000
14844,VIP Customers,1,54,4,3189.81,3,4,5,12,797.45,0.022346,179,59.67,87,1833,2011,4,2011-04-12 13:10:00.000,2011-10-07 10:41:00.000
17220,VIP Customers,1,15,14,3187.55,4,5,5,14,227.68,0.041056,341,26.23,303,1897,2010,12,2010-12-10 14:54:00.000,2011-11-15 13:47:00.000
12456,VIP Customers,1,35,3,3181.04,3,4,5,12,1060.35,0.014218,211,105.50,105,1633,2011,3,2011-03-30 09:12:00.000,2011-10-26 14:41:00.000
17576,VIP Customers,1,29,18,3179.08,4,5,5,14,176.62,0.054878,328,19.29,228,1820,2010,12,2010-12-09 16:57:00.000,2011-11-01 17:20:00.000
13268,VIP Customers,1,8,11,3174.75,5,5,5,15,288.61,0.043825,251,25.10,257,3624,2011,3,2011-03-17 13:20:00.000,2011-11-22 11:51:00.000
16837,VIP Customers,1,22,11,3170.98,4,5,5,14,288.27,0.051163,215,21.50,123,1563,2011,4,2011-04-08 08:48:00.000,2011-11-08 14:27:00.000
16041,VIP Customers,1,21,3,3166.4,4,4,5,13,1055.47,0.026786,112,56.00,6,1584,2011,7,2011-07-21 16:27:00.000,2011-11-09 12:25:00.000
17863,VIP Customers,1,50,6,3160,3,5,5,13,526.67,0.019293,311,62.20,110,2638,2010,12,2010-12-05 13:21:00.000,2011-10-11 13:45:00.000
15065,VIP Customers,1,28,4,3158.13,4,4,5,13,789.53,0.015686,255,85.00,148,1383,2011,2,2011-02-21 12:54:00.000,2011-11-02 09:45:00.000
17685,VIP Customers,1,7,7,3155.83,5,5,5,15,450.83,0.019608,357,59.50,88,1907,2010,12,2010-12-02 14:42:00.000,2011-11-23 11:36:00.000
15861,VIP Customers,1,3,8,3146.92,5,5,5,15,393.37,0.031250,256,36.57,339,2528,2011,3,2011-03-17 20:12:00.000,2011-11-27 15:59:00.000
14235,VIP Customers,1,66,5,3144.86,3,4,5,12,628.97,0.026882,186,46.50,65,1959,2011,3,2011-03-24 13:23:00.000,2011-09-25 14:37:00.000
12562,VIP Customers,1,13,6,3127.37,4,5,5,14,521.23,0.033898,177,35.40,87,1456,2011,5,2011-05-25 12:44:00.000,2011-11-17 11:34:00.000
17231,VIP Customers,1,3,10,3124.72,5,5,5,15,312.47,0.028571,350,38.89,292,1724,2010,12,2010-12-13 14:16:00.000,2011-11-27 15:18:00.000
17491,VIP Customers,1,5,9,3115.97,5,5,5,15,346.22,0.025424,354,44.25,66,1735,2010,12,2010-12-07 12:18:00.000,2011-11-25 13:10:00.000
13742,VIP Customers,1,7,12,3107.87,5,5,5,15,258.99,0.039344,305,27.73,200,1115,2011,1,2011-01-23 14:59:00.000,2011-11-23 11:07:00.000
13953,VIP Customers,1,43,6,3104.36,3,5,5,13,517.39,0.019934,301,60.20,8,2448,2010,12,2010-12-22 10:29:00.000,2011-10-18 10:55:00.000
14099,VIP Customers,1,7,11,3104.17,5,5,5,15,282.20,0.032448,339,33.90,167,2179,2010,12,2010-12-20 11:14:00.000,2011-11-23 13:53:00.000
14257,VIP Customers,1,55,5,3099.72,3,5,5,13,619.94,0.019608,255,63.75,88,1682,2011,1,2011-01-25 10:49:00.000,2011-10-06 16:54:00.000
13362,VIP Customers,1,0,4,3090.74,5,4,5,14,772.69,0.014337,279,93.00,128,1382,2011,2,2011-02-25 11:33:00.000,2011-11-30 14:41:00.000
16218,VIP Customers,1,20,7,3084.68,4,5,5,14,440.67,0.020290,345,57.50,56,2088,2010,12,2010-12-01 11:29:00.000,2011-11-10 09:59:00.000
17238,VIP Customers,1,8,15,3084.48,5,5,5,15,205.63,0.042254,355,25.36,277,1550,2010,12,2010-12-03 15:05:00.000,2011-11-22 12:09:00.000
13680,VIP Customers,1,30,3,3084.04,4,4,5,13,1028.01,0.009967,301,150.50,121,1612,2011,1,2011-01-04 14:12:00.000,2011-10-31 13:22:00.000
17059,VIP Customers,1,20,5,3080.39,4,4,5,13,616.08,0.014663,341,85.25,292,1850,2010,12,2010-12-05 12:35:00.000,2011-11-10 12:27:00.000
15998,VIP Customers,1,27,5,3080.22,4,4,5,13,616.04,0.015291,327,81.75,370,2032,2010,12,2010-12-12 13:32:00.000,2011-11-03 12:45:00.000
12910,VIP Customers,1,14,8,3075.04,4,5,5,14,384.38,0.036530,219,31.29,48,1692,2011,4,2011-04-12 10:01:00.000,2011-11-16 14:28:00.000
16940,VIP Customers,1,43,3,3049.88,3,4,5,12,1016.63,0.012605,238,119.00,226,2169,2011,2,2011-02-23 12:27:00.000,2011-10-18 13:15:00.000
17799,VIP Customers,1,13,10,3039.17,4,5,5,14,303.92,0.029412,340,37.78,280,1753,2010,12,2010-12-13 13:10:00.000,2011-11-17 15:16:00.000
16242,VIP Customers,1,9,6,3030.95,5,5,5,15,505.16,0.023077,260,52.00,170,1663,2011,3,2011-03-07 17:04:00.000,2011-11-21 14:26:00.000
14907,VIP Customers,1,19,6,3024.74,4,5,5,14,504.12,0.017647,340,68.00,115,1423,2010,12,2010-12-07 10:14:00.000,2011-11-11 13:25:00.000
12598,VIP Customers,1,0,8,3023.08,5,5,5,15,377.88,0.028986,276,39.43,84,1964,2011,2,2011-02-28 11:58:00.000,2011-11-30 12:18:00.000
12395,VIP Customers,1,10,12,3018.63,5,5,5,15,251.55,0.033994,353,32.09,91,2118,2010,12,2010-12-03 16:35:00.000,2011-11-20 15:21:00.000
15521,VIP Customers,1,31,8,3000.2,4,5,5,14,375.03,0.037209,215,30.71,116,1836,2011,3,2011-03-30 09:15:00.000,2011-10-30 13:42:00.000
17659,VIP Customers,1,8,12,2999.46,5,5,5,15,249.96,0.033708,356,32.36,127,1525,2010,12,2010-12-02 16:46:00.000,2011-11-22 13:29:00.000
12670,VIP Customers,1,1,5,2996.05,5,4,5,14,599.21,0.022422,223,55.75,58,1397,2011,4,2011-04-21 10:16:00.000,2011-11-29 15:23:00.000
14639,VIP Customers,1,43,6,2984.49,3,5,5,13,497.41,0.019355,310,62.00,138,1431,2010,12,2010-12-13 13:50:00.000,2011-10-18 15:06:00.000
16497,VIP Customers,1,40,6,2965.69,3,5,5,13,494.28,0.021053,285,57.00,128,1396,2011,1,2011-01-10 13:20:00.000,2011-10-21 10:55:00.000
17924,VIP Customers,1,2,7,2962.5,5,5,5,15,423.21,0.019284,363,60.50,26,1160,2010,12,2010-12-01 10:51:00.000,2011-11-28 09:11:00.000
16686,VIP Customers,1,38,7,2959.88,3,5,5,13,422.84,0.022654,309,51.50,406,1977,2010,12,2010-12-19 14:41:00.000,2011-10-23 13:49:00.000
16011,VIP Customers,1,20,15,2959.04,4,5,5,14,197.27,0.044379,338,24.14,94,1807,2010,12,2010-12-08 16:34:00.000,2011-11-10 12:32:00.000
12473,VIP Customers,1,20,5,2954.65,4,4,5,13,590.93,0.030675,163,40.75,140,2412,2011,6,2011-06-01 10:15:00.000,2011-11-10 13:46:00.000
16316,VIP Customers,1,55,8,2938.91,3,5,5,13,367.36,0.027119,295,42.14,120,1484,2010,12,2010-12-16 14:26:00.000,2011-10-06 13:48:00.000
14702,VIP Customers,1,9,15,2926.11,5,5,5,15,195.07,0.043103,348,24.86,181,1292,2010,12,2010-12-09 19:23:00.000,2011-11-21 11:50:00.000
17512,VIP Customers,1,19,10,2924.99,4,5,5,14,292.50,0.036496,274,30.44,61,2753,2011,2,2011-02-11 12:22:00.000,2011-11-11 12:11:00.000
14395,VIP Customers,1,51,8,2920.92,3,5,5,13,365.12,0.025559,313,44.71,165,1441,2010,12,2010-12-02 18:15:00.000,2011-10-10 17:26:00.000
15606,VIP Customers,1,52,9,2920.16,3,5,5,13,324.46,0.034091,264,33.00,48,892,2011,1,2011-01-19 12:07:00.000,2011-10-09 15:47:00.000
12906,VIP Customers,1,2,5,2919.81,5,4,5,14,583.96,0.073529,68,17.00,55,1749,2011,9,2011-09-22 15:03:00.000,2011-11-28 09:55:00.000
15484,VIP Customers,1,9,3,2916.16,5,4,5,14,972.05,0.049180,61,30.50,127,2410,2011,9,2011-09-22 13:31:00.000,2011-11-21 17:00:00.000
14112,VIP Customers,1,13,7,2915.15,4,5,5,14,416.45,0.027559,254,42.33,117,1651,2011,3,2011-03-09 11:28:00.000,2011-11-17 12:30:00.000
13451,VIP Customers,1,17,5,2898.26,4,4,5,13,579.65,0.016181,309,77.25,315,2128,2011,1,2011-01-09 15:35:00.000,2011-11-13 15:58:00.000
12408,VIP Customers,1,23,5,2888.55,4,4,5,13,577.71,0.021834,229,57.25,81,1409,2011,3,2011-03-24 14:46:00.000,2011-11-07 12:27:00.000
13735,VIP Customers,1,15,4,2883.54,4,4,5,13,720.88,0.018957,211,70.33,158,1128,2011,4,2011-04-19 13:49:00.000,2011-11-15 11:14:00.000
16633,VIP Customers,1,8,6,2883.1,5,5,5,15,480.52,0.027523,218,43.60,115,1138,2011,4,2011-04-19 14:36:00.000,2011-11-22 13:41:00.000
14005,VIP Customers,1,0,5,2874.72,5,4,5,14,574.94,0.024155,207,51.75,53,2478,2011,5,2011-05-08 10:33:00.000,2011-11-30 12:41:00.000
13901,VIP Customers,1,63,5,2867.2,3,4,5,12,573.44,0.020243,247,61.75,144,1739,2011,1,2011-01-25 09:01:00.000,2011-09-28 14:48:00.000
12685,VIP Customers,1,19,6,2863.08,4,5,5,14,477.18,0.090909,66,13.20,117,1523,2011,9,2011-09-07 10:28:00.000,2011-11-11 13:46:00.000
14530,VIP Customers,1,16,6,2862.11,4,5,5,14,477.02,0.022059,272,54.40,140,1395,2011,2,2011-02-16 10:47:00.000,2011-11-14 10:38:00.000
18145,VIP Customers,1,3,4,2861.55,5,4,5,14,715.39,0.013289,301,100.33,174,2625,2011,1,2011-01-31 12:10:00.000,2011-11-27 11:22:00.000
14535,VIP Customers,1,51,3,2854.84,3,4,5,12,951.61,0.015873,189,94.50,280,1824,2011,4,2011-04-05 12:50:00.000,2011-10-10 15:39:00.000
14711,VIP Customers,1,1,11,2839.62,5,5,5,15,258.15,0.043478,253,25.30,221,966,2011,3,2011-03-22 13:32:00.000,2011-11-29 14:58:00.000
15443,VIP Customers,1,3,6,2838.21,5,5,5,15,473.04,0.019417,309,61.80,222,1463,2011,1,2011-01-23 13:25:00.000,2011-11-27 12:29:00.000
14852,VIP Customers,1,49,6,2836.69,3,5,5,13,472.78,0.030769,195,39.00,96,1747,2011,4,2011-04-01 13:22:00.000,2011-10-12 13:20:00.000
14842,VIP Customers,1,34,4,2824.69,3,4,5,12,706.17,0.015038,266,88.67,128,1166,2011,2,2011-02-04 15:32:00.000,2011-10-27 12:37:00.000
16871,VIP Customers,1,13,6,2812.34,4,5,5,14,468.72,0.024096,249,49.80,131,1253,2011,3,2011-03-14 10:31:00.000,2011-11-17 19:27:00.000
12356,VIP Customers,1,13,3,2811.43,4,4,5,13,937.14,0.009868,304,152.00,53,1591,2011,1,2011-01-18 09:50:00.000,2011-11-17 08:40:00.000
18230,VIP Customers,1,0,7,2810.2,5,5,5,15,401.46,0.023810,294,49.00,32,1316,2011,2,2011-02-10 13:06:00.000,2011-11-30 13:22:00.000
17596,VIP Customers,1,14,7,2806.69,4,5,5,14,400.96,0.020231,346,57.67,168,4376,2010,12,2010-12-06 12:34:00.000,2011-11-16 14:11:00.000
16081,VIP Customers,1,47,5,2799.42,3,4,5,12,559.88,0.016077,311,77.75,175,1473,2010,12,2010-12-08 11:16:00.000,2011-10-14 13:06:00.000
14903,VIP Customers,1,12,5,2795.33,5,4,5,14,559.07,0.019380,258,64.50,227,1531,2011,3,2011-03-06 11:50:00.000,2011-11-18 16:07:00.000
14032,VIP Customers,1,7,10,2792.47,5,5,5,15,279.25,0.028490,351,39.00,53,1944,2010,12,2010-12-08 10:53:00.000,2011-11-23 16:24:00.000
17739,VIP Customers,1,2,7,2791.35,5,5,5,15,398.76,0.020000,350,58.33,29,861,2010,12,2010-12-14 14:26:00.000,2011-11-28 09:12:00.000
14626,VIP Customers,1,14,4,2791.27,4,4,5,13,697.82,0.018957,211,70.33,108,1403,2011,4,2011-04-20 13:18:00.000,2011-11-16 10:37:00.000
16678,VIP Customers,1,1,11,2786.05,5,5,5,15,253.28,0.040293,273,27.30,91,2187,2011,3,2011-03-02 09:24:00.000,2011-11-29 13:17:00.000
17213,VIP Customers,1,31,7,2781.23,4,5,5,14,397.32,0.021407,327,54.50,85,1176,2010,12,2010-12-08 13:03:00.000,2011-10-30 14:53:00.000
12388,VIP Customers,1,6,6,2780.66,5,5,5,15,463.44,0.019231,312,62.40,57,1462,2011,1,2011-01-17 11:12:00.000,2011-11-24 12:30:00.000
16156,VIP Customers,1,15,8,2776.43,4,5,5,14,347.05,0.027875,287,41.00,103,1188,2011,2,2011-02-02 12:02:00.000,2011-11-15 17:14:00.000
14503,VIP Customers,1,1,4,2772.39,5,4,5,14,693.10,0.023669,169,56.33,108,1605,2011,6,2011-06-14 10:00:00.000,2011-11-29 12:15:00.000
16326,VIP Customers,1,6,13,2767.38,5,5,5,15,212.88,0.040625,320,26.67,155,625,2011,1,2011-01-09 12:01:00.000,2011-11-24 11:57:00.000
15114,VIP Customers,1,21,10,2760.56,4,5,5,14,276.06,0.036765,272,30.22,136,3096,2011,2,2011-02-11 08:45:00.000,2011-11-09 15:05:00.000
13971,VIP Customers,1,9,8,2758.26,5,5,5,15,344.78,0.029851,268,38.29,118,1844,2011,2,2011-02-27 12:27:00.000,2011-11-21 12:06:00.000
15687,VIP Customers,1,14,8,2741.51,4,5,5,14,342.69,0.025974,308,44.00,110,1173,2011,1,2011-01-13 15:13:00.000,2011-11-16 10:57:00.000
16003,VIP Customers,1,20,5,2735.37,4,4,5,13,547.07,0.015106,331,82.75,82,1185,2010,12,2010-12-15 12:09:00.000,2011-11-10 09:57:00.000
16393,VIP Customers,1,2,12,2734.26,5,5,5,15,227.85,0.033426,359,32.64,120,1433,2010,12,2010-12-05 13:10:00.000,2011-11-28 13:58:00.000
12380,VIP Customers,1,12,4,2724.81,5,4,5,14,681.20,0.024242,165,55.00,77,1127,2011,6,2011-06-07 09:49:00.000,2011-11-18 11:27:00.000
17838,VIP Customers,1,17,5,2720.8,4,4,5,13,544.16,0.014409,347,86.75,96,1831,2010,12,2010-12-02 15:55:00.000,2011-11-13 11:20:00.000
14808,VIP Customers,1,30,8,2718.6,4,5,5,14,339.82,0.059701,134,19.14,176,2120,2011,6,2011-06-20 12:53:00.000,2011-10-31 12:21:00.000
15356,VIP Customers,1,22,10,2718.03,4,5,5,14,271.80,0.029586,338,37.56,215,1643,2010,12,2010-12-06 14:05:00.000,2011-11-08 13:11:00.000
12708,VIP Customers,1,20,10,2712.91,4,5,5,14,271.29,0.029412,340,37.78,86,1307,2010,12,2010-12-06 10:43:00.000,2011-11-10 09:52:00.000
15696,VIP Customers,1,24,8,2711.11,4,5,5,14,338.89,0.027211,294,42.00,140,1015,2011,1,2011-01-17 11:24:00.000,2011-11-06 14:02:00.000
18272,VIP Customers,1,36,5,2710.7,3,4,5,12,542.14,0.024752,202,50.50,91,1796,2011,4,2011-04-07 09:35:00.000,2011-10-25 11:52:00.000
17069,VIP Customers,1,19,9,2709.7,4,5,5,14,301.08,0.026012,346,43.25,111,1506,2010,12,2010-12-01 16:49:00.000,2011-11-11 17:13:00.000
13285,VIP Customers,1,14,4,2709.12,4,4,5,13,677.28,0.014925,268,89.33,157,2051,2011,2,2011-02-22 17:13:00.000,2011-11-16 13:19:00.000
13654,VIP Customers,1,34,6,2707.33,3,5,5,13,451.22,0.025974,231,46.20,157,2182,2011,3,2011-03-11 12:54:00.000,2011-10-27 16:24:00.000
14107,VIP Customers,1,42,7,2703.23,3,5,5,13,386.18,0.022293,314,52.33,61,1793,2010,12,2010-12-10 13:29:00.000,2011-10-19 12:12:00.000
16905,VIP Customers,1,10,6,2702.9,5,5,5,15,450.48,0.016997,353,70.60,108,1222,2010,12,2010-12-03 10:43:00.000,2011-11-20 13:37:00.000
16360,VIP Customers,1,10,5,2687.47,5,4,5,14,537.49,0.071429,70,17.50,310,1615,2011,9,2011-09-12 13:50:00.000,2011-11-20 11:56:00.000
13883,VIP Customers,1,1,5,2674.48,5,4,5,14,534.90,0.020492,244,61.00,108,1436,2011,3,2011-03-31 17:17:00.000,2011-11-29 10:45:00.000
14572,VIP Customers,1,31,6,2669.49,3,5,5,13,444.92,0.021053,285,57.00,189,1405,2011,1,2011-01-19 17:23:00.000,2011-10-30 14:04:00.000
15628,VIP Customers,1,15,8,2667.29,4,5,5,14,333.41,0.023324,343,49.00,83,1798,2010,12,2010-12-08 09:51:00.000,2011-11-15 09:15:00.000
16440,VIP Customers,1,20,4,2665.24,4,4,5,13,666.31,0.021505,186,62.00,142,1508,2011,5,2011-05-09 12:25:00.000,2011-11-10 14:16:00.000
14713,VIP Customers,1,0,11,2662.2,5,5,5,15,242.02,0.030812,357,35.70,146,1613,2010,12,2010-12-09 18:58:00.000,2011-11-30 16:26:00.000
12360,VIP Customers,1,43,3,2662.06,3,4,5,12,887.35,0.020134,149,74.50,105,1165,2011,5,2011-05-23 09:43:00.000,2011-10-18 15:22:00.000
15671,VIP Customers,1,9,7,2657.13,5,5,5,15,379.59,0.027668,253,42.17,52,1699,2011,3,2011-03-14 09:37:00.000,2011-11-21 12:43:00.000
18144,VIP Customers,1,21,11,2656.75,4,5,5,14,241.52,0.031977,344,34.40,27,1183,2010,12,2010-12-01 13:45:00.000,2011-11-09 09:22:00.000
12721,VIP Customers,1,22,6,2656.13,4,5,5,14,442.69,0.018519,324,64.80,133,1959,2010,12,2010-12-20 11:38:00.000,2011-11-08 12:13:00.000
16618,VIP Customers,1,22,5,2647.59,4,4,5,13,529.52,0.017123,292,73.00,79,1363,2011,1,2011-01-21 11:55:00.000,2011-11-08 13:52:00.000
13658,VIP Customers,1,0,5,2639.17,5,4,5,14,527.83,0.025510,196,49.00,91,1019,2011,5,2011-05-19 17:15:00.000,2011-11-30 10:13:00.000
17655,VIP Customers,1,1,7,2638.94,5,5,5,15,376.99,0.019608,357,59.50,66,1116,2010,12,2010-12-08 16:45:00.000,2011-11-29 11:34:00.000
13771,VIP Customers,1,55,4,2634.45,3,4,5,12,658.61,0.021739,184,61.33,114,1477,2011,4,2011-04-06 15:47:00.000,2011-10-06 14:18:00.000
14456,VIP Customers,1,13,8,2634.32,4,5,5,14,329.29,0.066116,121,17.29,534,2351,2011,7,2011-07-20 13:06:00.000,2011-11-17 17:18:00.000
17183,VIP Customers,1,13,5,2633.53,4,4,5,13,526.71,0.059524,84,21.00,40,1104,2011,8,2011-08-26 15:25:00.000,2011-11-17 14:41:00.000
15752,VIP Customers,1,30,7,2626.6,4,5,5,14,375.23,0.020958,334,55.67,236,1960,2010,12,2010-12-02 09:43:00.000,2011-10-31 11:37:00.000
13644,VIP Customers,1,7,4,2624.26,5,4,5,14,656.06,0.044444,90,30.00,144,2067,2011,8,2011-08-26 11:53:00.000,2011-11-23 14:07:00.000
16255,VIP Customers,1,7,8,2619.91,5,5,5,15,327.49,0.022857,350,50.00,146,1767,2010,12,2010-12-09 14:25:00.000,2011-11-23 12:40:00.000
13870,VIP Customers,1,31,7,2618.19,3,5,5,13,374.03,0.028226,248,41.33,89,1268,2011,2,2011-02-25 09:09:00.000,2011-10-30 16:11:00.000
18075,VIP Customers,1,14,10,2611.75,4,5,5,14,261.18,0.029586,338,37.56,97,1464,2010,12,2010-12-14 10:48:00.000,2011-11-16 15:21:00.000
12836,VIP Customers,1,50,4,2610.36,3,4,5,12,652.59,0.015810,253,84.33,148,1062,2011,2,2011-02-01 11:19:00.000,2011-10-11 15:10:00.000
12726,VIP Customers,1,19,7,2609.1,4,5,5,14,372.73,0.021212,330,55.00,57,3143,2010,12,2010-12-17 12:56:00.000,2011-11-11 13:35:00.000
13136,VIP Customers,1,47,5,2607.61,3,4,5,12,521.52,0.031847,157,39.25,94,1328,2011,5,2011-05-11 12:47:00.000,2011-10-14 13:41:00.000
13983,VIP Customers,1,20,12,2603.43,4,5,5,14,216.95,0.035503,338,30.73,91,1183,2010,12,2010-12-08 10:38:00.000,2011-11-10 11:06:00.000
17317,VIP Customers,1,37,3,2600.34,3,4,5,12,866.78,0.068182,44,22.00,8,1146,2011,9,2011-09-11 12:45:00.000,2011-10-24 17:19:00.000
17965,VIP Customers,1,28,14,2599.19,4,5,5,14,185.66,0.042042,333,25.62,274,1532,2010,12,2010-12-05 15:54:00.000,2011-11-02 09:31:00.000
12600,VIP Customers,1,19,10,2599.04,4,5,5,14,259.90,0.029070,344,38.22,32,774,2010,12,2010-12-03 12:57:00.000,2011-11-11 10:29:00.000
14408,VIP Customers,1,1,7,2599.03,5,5,5,15,371.29,0.027451,255,42.50,60,1610,2011,3,2011-03-20 14:41:00.000,2011-11-29 11:41:00.000
13895,VIP Customers,1,19,4,2593.07,4,4,5,13,648.27,0.029197,137,45.67,97,1365,2011,6,2011-06-28 10:17:00.000,2011-11-11 16:57:00.000
16241,VIP Customers,1,0,13,2590.31,5,5,5,15,199.25,0.036011,361,30.08,347,1443,2010,12,2010-12-05 11:04:00.000,2011-11-30 11:08:00.000
13804,VIP Customers,1,21,7,2588.39,4,5,5,14,369.77,0.026923,260,43.33,124,1462,2011,2,2011-02-23 09:09:00.000,2011-11-09 12:32:00.000
16764,VIP Customers,1,0,12,2588.08,5,5,5,15,215.67,0.088889,135,12.27,208,1157,2011,7,2011-07-19 17:17:00.000,2011-11-30 11:30:00.000
13911,VIP Customers,1,48,9,2580.91,3,5,5,13,286.77,0.035714,252,31.50,120,2731,2011,2,2011-02-04 14:46:00.000,2011-10-13 15:43:00.000
15485,VIP Customers,1,21,3,2564.5,4,4,5,13,854.83,0.008721,344,172.00,59,1281,2010,12,2010-12-01 13:23:00.000,2011-11-09 14:31:00.000
14868,VIP Customers,1,12,7,2563.5,5,5,5,15,366.21,0.032864,213,35.50,95,1260,2011,4,2011-04-20 13:36:00.000,2011-11-18 14:40:00.000
17644,VIP Customers,1,27,10,2562.88,4,5,5,14,256.29,0.044444,225,25.00,91,1537,2011,3,2011-03-24 09:44:00.000,2011-11-03 15:02:00.000
16308,VIP Customers,1,28,4,2560,4,4,5,13,640.00,0.017778,225,75.00,1,8000,2011,3,2011-03-23 14:46:00.000,2011-11-02 11:24:00.000
16912,VIP Customers,1,19,11,2555.58,4,5,5,14,232.33,0.037162,296,29.60,88,1025,2011,1,2011-01-20 15:42:00.000,2011-11-11 12:18:00.000
14334,VIP Customers,1,7,8,2552.21,5,5,5,15,319.03,0.023324,343,49.00,98,1731,2010,12,2010-12-16 17:37:00.000,2011-11-23 10:01:00.000
14676,VIP Customers,1,22,6,2548.24,4,5,5,14,424.71,0.023715,253,50.60,29,2500,2011,3,2011-03-01 14:26:00.000,2011-11-08 13:29:00.000
15993,VIP Customers,1,7,5,2542.23,5,5,5,15,508.45,0.172414,29,7.25,325,1870,2011,10,2011-10-26 16:21:00.000,2011-11-23 12:45:00.000
14776,VIP Customers,1,42,11,2538.3,3,5,5,13,230.75,0.041985,262,26.20,44,3134,2011,1,2011-01-31 13:17:00.000,2011-10-19 15:34:00.000
17700,VIP Customers,1,7,4,2534.64,5,4,5,14,633.66,0.015038,266,88.67,116,1266,2011,3,2011-03-03 16:34:00.000,2011-11-23 11:51:00.000
17314,VIP Customers,1,15,8,2527.92,4,5,5,14,315.99,0.027682,289,41.29,120,1896,2011,1,2011-01-31 11:25:00.000,2011-11-15 09:41:00.000
14701,VIP Customers,1,1,9,2526.09,5,5,5,15,280.68,0.029316,307,38.38,268,921,2011,1,2011-01-27 12:40:00.000,2011-11-29 12:38:00.000
13695,VIP Customers,1,22,15,2504.13,4,5,5,14,166.94,0.065502,229,16.36,46,1603,2011,3,2011-03-25 11:31:00.000,2011-11-08 14:26:00.000
16477,VIP Customers,1,54,7,2494.46,3,5,5,13,356.35,0.022654,309,51.50,111,1415,2010,12,2010-12-03 12:48:00.000,2011-10-07 09:44:00.000
17346,VIP Customers,1,2,14,2485.79,5,5,5,15,177.56,0.038567,363,27.92,289,1551,2010,12,2010-12-01 14:34:00.000,2011-11-28 11:54:00.000
12483,VIP Customers,1,8,8,2484.98,5,5,5,15,310.62,0.024768,323,46.14,46,1110,2011,1,2011-01-04 14:20:00.000,2011-11-22 17:02:00.000
12517,VIP Customers,1,19,5,2481.6,4,4,5,13,496.32,0.030675,163,40.75,232,1361,2011,6,2011-06-02 15:13:00.000,2011-11-11 14:04:00.000
14243,VIP Customers,1,29,9,2481.35,4,5,5,14,275.71,0.027439,328,41.00,97,1155,2010,12,2010-12-09 08:34:00.000,2011-11-01 13:20:00.000
14315,VIP Customers,1,35,6,2481.13,3,5,5,13,413.52,0.026906,223,44.60,64,1021,2011,3,2011-03-18 12:59:00.000,2011-10-26 12:06:00.000
13588,VIP Customers,1,6,9,2478.95,5,5,5,15,275.44,0.037344,241,30.13,131,2606,2011,3,2011-03-29 15:53:00.000,2011-11-24 10:42:00.000
13769,VIP Customers,1,28,9,2478.59,4,5,5,14,275.40,0.027190,331,41.38,71,1015,2010,12,2010-12-07 13:28:00.000,2011-11-02 13:37:00.000
17682,VIP Customers,1,1,6,2474.33,5,5,5,15,412.39,0.016713,359,71.80,48,1367,2010,12,2010-12-06 13:35:00.000,2011-11-29 15:59:00.000
17188,VIP Customers,1,2,7,2474.23,5,5,5,15,353.46,0.019886,352,58.67,71,1328,2010,12,2010-12-12 12:56:00.000,2011-11-28 13:53:00.000
16710,VIP Customers,1,10,10,2467.99,5,5,5,15,246.80,0.028571,350,38.89,268,1823,2010,12,2010-12-06 13:13:00.000,2011-11-20 14:50:00.000
17164,VIP Customers,1,23,7,2467.35,4,5,5,14,352.48,0.028926,242,40.33,92,1501,2011,3,2011-03-11 14:26:00.000,2011-11-07 09:14:00.000
12455,VIP Customers,1,64,6,2466.86,3,5,5,13,411.14,0.026786,224,44.80,85,2089,2011,2,2011-02-16 09:56:00.000,2011-09-27 15:31:00.000
13784,VIP Customers,1,0,11,2462.79,5,5,5,15,223.89,0.033951,324,32.40,9,2493,2011,1,2011-01-11 14:38:00.000,2011-11-30 09:33:00.000
13975,VIP Customers,1,22,6,2461.24,4,5,5,14,410.21,0.024390,246,49.20,240,1697,2011,3,2011-03-08 12:19:00.000,2011-11-08 13:19:00.000
15674,VIP Customers,1,64,5,2446.6,3,4,5,12,489.32,0.027473,182,45.50,88,1275,2011,3,2011-03-30 09:19:00.000,2011-09-27 15:17:00.000
18210,VIP Customers,1,0,5,2443.48,5,5,5,15,488.70,0.019305,259,64.75,105,1346,2011,3,2011-03-17 16:58:00.000,2011-11-30 08:43:00.000
13536,VIP Customers,1,0,5,2439.29,5,5,5,15,487.86,0.074627,67,16.75,76,1741,2011,9,2011-09-25 13:30:00.000,2011-11-30 14:42:00.000
14502,VIP Customers,1,10,11,2429.83,5,5,5,15,220.89,0.037288,295,29.50,368,1480,2011,1,2011-01-30 15:52:00.000,2011-11-20 11:50:00.000
17071,VIP Customers,1,19,9,2429.03,4,5,5,14,269.89,0.031915,282,35.25,102,1197,2011,2,2011-02-03 08:18:00.000,2011-11-11 16:31:00.000
15527,VIP Customers,1,9,8,2428.53,5,5,5,15,303.57,0.023739,337,48.14,127,991,2010,12,2010-12-20 14:15:00.000,2011-11-21 12:17:00.000
15089,VIP Customers,1,1,6,2420.84,5,5,5,15,403.47,0.050420,119,23.80,139,1359,2011,8,2011-08-03 14:14:00.000,2011-11-29 16:31:00.000
17589,VIP Customers,1,51,4,2404.17,3,4,5,12,601.04,0.022099,181,60.33,172,1631,2011,4,2011-04-13 13:47:00.000,2011-10-10 16:58:00.000
14251,VIP Customers,1,1,4,2397.42,5,4,5,14,599.35,0.083333,48,16.00,37,1450,2011,10,2011-10-13 12:46:00.000,2011-11-29 12:07:00.000
15033,VIP Customers,1,16,9,2389.38,4,5,5,14,265.49,0.029508,305,38.13,299,1534,2011,1,2011-01-14 13:28:00.000,2011-11-14 13:12:00.000
15370,VIP Customers,1,31,7,2386.05,4,5,5,14,340.86,0.023891,293,48.83,65,830,2011,1,2011-01-11 11:32:00.000,2011-10-30 10:58:00.000
14239,VIP Customers,1,34,11,2380.85,3,5,5,13,216.44,0.040146,274,27.40,83,993,2011,1,2011-01-27 14:45:00.000,2011-10-27 14:40:00.000
14659,VIP Customers,1,26,8,2380.53,4,5,5,14,297.57,0.028470,281,40.14,141,1119,2011,1,2011-01-28 12:43:00.000,2011-11-04 10:46:00.000
15270,VIP Customers,1,6,7,2379.49,5,5,5,15,339.93,0.023649,296,49.33,22,1521,2011,2,2011-02-02 13:25:00.000,2011-11-24 09:24:00.000
13230,VIP Customers,1,20,13,2364.92,4,5,5,14,181.92,0.038576,337,28.08,326,1414,2010,12,2010-12-09 19:28:00.000,2011-11-10 20:01:00.000
15755,VIP Customers,1,1,6,2364.25,5,5,5,15,394.04,0.021053,285,57.00,127,1427,2011,2,2011-02-18 11:53:00.000,2011-11-29 14:57:00.000
12457,VIP Customers,1,57,7,2363.23,3,5,5,13,337.60,0.040230,174,29.00,53,843,2011,4,2011-04-14 18:57:00.000,2011-10-04 13:13:00.000
14030,VIP Customers,1,9,8,2358.84,5,5,5,15,294.85,0.022923,349,49.86,210,1478,2010,12,2010-12-08 16:11:00.000,2011-11-21 16:48:00.000
17634,VIP Customers,1,27,9,2358.59,4,5,5,14,262.07,0.029801,302,37.75,209,838,2011,1,2011-01-06 12:45:00.000,2011-11-03 13:09:00.000
15140,VIP Customers,1,43,7,2354.25,3,5,5,13,336.32,0.032864,213,35.50,74,1572,2011,3,2011-03-20 14:37:00.000,2011-10-18 14:07:00.000
17402,VIP Customers,1,21,12,2347.05,4,5,5,14,195.59,0.035294,340,30.91,32,613,2010,12,2010-12-05 13:53:00.000,2011-11-09 13:12:00.000
18259,VIP Customers,1,15,3,2338.6,4,4,5,13,779.53,0.008746,343,171.50,27,714,2010,12,2010-12-08 13:38:00.000,2011-11-15 12:34:00.000
15572,VIP Customers,1,16,6,2338.44,4,5,5,14,389.74,0.023622,254,50.80,162,1119,2011,3,2011-03-06 14:44:00.000,2011-11-14 12:14:00.000
18257,VIP Customers,1,30,8,2337.63,4,5,5,14,292.20,0.031008,258,36.86,97,1041,2011,2,2011-02-16 15:13:00.000,2011-10-31 14:48:00.000
15281,VIP Customers,1,49,9,2332.15,3,5,5,13,259.13,0.032609,276,34.50,121,1211,2011,1,2011-01-10 15:51:00.000,2011-10-12 09:10:00.000
18077,VIP Customers,1,24,10,2329.07,4,5,5,14,232.91,0.029940,334,37.11,98,1645,2010,12,2010-12-08 10:21:00.000,2011-11-06 10:44:00.000
15785,VIP Customers,1,23,5,2328.97,4,4,5,13,465.79,0.018939,264,66.00,58,1612,2011,2,2011-02-17 14:17:00.000,2011-11-07 11:33:00.000
17211,VIP Customers,1,17,8,2317.22,4,5,5,14,289.65,0.023256,344,49.14,150,1323,2010,12,2010-12-05 12:44:00.000,2011-11-13 12:03:00.000
14290,VIP Customers,1,2,5,2314.65,5,4,5,14,462.93,0.014245,351,87.75,89,915,2010,12,2010-12-13 10:24:00.000,2011-11-28 14:02:00.000
15365,VIP Customers,1,16,7,2314.32,4,5,5,14,330.62,0.024055,291,48.50,65,1084,2011,1,2011-01-28 13:08:00.000,2011-11-14 08:29:00.000
14262,VIP Customers,1,8,7,2313.53,5,5,5,15,330.50,0.031250,224,37.33,77,1397,2011,4,2011-04-13 12:23:00.000,2011-11-22 10:35:00.000
13021,VIP Customers,1,16,8,2310.95,4,5,5,14,288.87,0.023952,334,47.71,94,1218,2010,12,2010-12-16 10:12:00.000,2011-11-14 10:28:00.000
15288,VIP Customers,1,34,5,2306.52,3,4,5,12,461.30,0.015480,323,80.75,80,775,2010,12,2010-12-09 13:59:00.000,2011-10-27 16:58:00.000
15271,VIP Customers,1,17,14,2301.26,4,5,5,14,164.38,0.041176,340,26.15,183,1127,2010,12,2010-12-09 13:47:00.000,2011-11-13 13:26:00.000
15105,VIP Customers,1,9,7,2298.93,5,5,5,15,328.42,0.059829,117,19.50,90,1211,2011,7,2011-07-28 10:09:00.000,2011-11-21 16:54:00.000
13115,VIP Customers,1,2,4,2294.78,5,4,5,14,573.70,0.022989,174,58.00,88,1567,2011,6,2011-06-08 16:15:00.000,2011-11-28 12:38:00.000
17696,VIP Customers,1,29,8,2285.71,4,5,5,14,285.71,0.024465,327,46.71,78,1756,2010,12,2010-12-10 09:51:00.000,2011-11-01 13:43:00.000
14554,VIP Customers,1,1,4,2279.49,5,4,5,14,569.87,0.093023,43,14.33,147,1443,2011,10,2011-10-18 13:04:00.000,2011-11-29 16:44:00.000
13317,VIP Customers,1,57,6,2273.68,3,5,5,13,378.95,0.020478,293,58.60,100,1035,2010,12,2010-12-16 09:22:00.000,2011-10-04 13:35:00.000
14466,VIP Customers,1,20,7,2272.4,4,5,5,14,324.63,0.020349,344,57.33,35,1006,2010,12,2010-12-02 13:36:00.000,2011-11-10 14:07:00.000
16782,VIP Customers,1,1,13,2267.95,5,5,5,15,174.46,0.036517,356,29.67,103,705,2010,12,2010-12-09 11:28:00.000,2011-11-29 13:20:00.000
16057,VIP Customers,1,7,7,2263.12,5,5,5,15,323.30,0.026022,269,44.83,109,863,2011,2,2011-02-28 10:35:00.000,2011-11-23 15:23:00.000
15796,VIP Customers,1,8,7,2260.96,5,5,5,15,322.99,0.024476,286,47.67,68,721,2011,2,2011-02-10 15:40:00.000,2011-11-22 13:41:00.000
16293,VIP Customers,1,12,10,2248.99,5,5,5,15,224.90,0.028818,347,38.56,102,982,2010,12,2010-12-07 15:02:00.000,2011-11-18 09:58:00.000
13700,VIP Customers,1,17,10,2248.63,4,5,5,14,224.86,0.033113,302,33.56,139,2281,2011,1,2011-01-16 13:18:00.000,2011-11-13 13:00:00.000
17442,VIP Customers,1,27,6,2248.56,4,5,5,14,374.76,0.023529,255,51.00,96,1496,2011,2,2011-02-22 13:02:00.000,2011-11-03 09:17:00.000
14432,VIP Customers,1,0,6,2248.5,5,5,5,15,374.75,0.074074,81,16.20,256,2013,2011,9,2011-09-11 14:09:00.000,2011-11-30 08:04:00.000
16771,VIP Customers,1,24,5,2242.61,4,4,5,13,448.52,0.016340,306,76.50,200,1487,2011,1,2011-01-05 13:57:00.000,2011-11-06 13:28:00.000
13527,VIP Customers,1,24,7,2242.36,4,5,5,14,320.34,0.023810,294,49.00,153,1683,2011,1,2011-01-17 11:17:00.000,2011-11-06 12:04:00.000
14211,VIP Customers,1,44,9,2241.1,3,5,5,13,249.01,0.037037,243,30.38,87,1242,2011,2,2011-02-17 15:50:00.000,2011-10-17 13:23:00.000
14732,VIP Customers,1,21,7,2238.38,4,5,5,14,319.77,0.022581,310,51.67,98,1256,2011,1,2011-01-04 14:40:00.000,2011-11-09 10:32:00.000
18242,VIP Customers,1,63,4,2232.49,3,4,5,12,558.12,0.028169,142,47.33,72,1017,2011,5,2011-05-10 11:20:00.000,2011-09-28 13:43:00.000
15834,VIP Customers,1,61,4,2225.15,3,4,5,12,556.29,0.019231,208,69.33,242,961,2011,3,2011-03-07 17:52:00.000,2011-09-30 14:41:00.000
15811,VIP Customers,1,13,6,2218.62,4,5,5,14,369.77,0.017442,344,68.80,117,1071,2010,12,2010-12-09 15:29:00.000,2011-11-17 15:31:00.000
13394,VIP Customers,1,44,7,2217.92,3,5,5,13,316.85,0.027237,257,42.83,118,2218,2011,2,2011-02-03 10:39:00.000,2011-10-17 10:17:00.000
14226,VIP Customers,1,19,5,2214.79,4,4,5,13,442.96,0.020661,242,60.50,64,1296,2011,3,2011-03-15 15:36:00.000,2011-11-11 11:34:00.000
16743,VIP Customers,1,20,7,2213.13,4,5,5,14,316.16,0.021212,330,55.00,89,2035,2010,12,2010-12-16 12:15:00.000,2011-11-10 13:13:00.000
15722,VIP Customers,1,26,5,2211.21,4,4,5,13,442.24,0.019531,256,64.00,45,1023,2011,2,2011-02-22 12:24:00.000,2011-11-04 11:43:00.000
13862,VIP Customers,1,9,8,2209.36,5,5,5,15,276.17,0.025397,315,45.00,97,1688,2011,1,2011-01-11 15:13:00.000,2011-11-21 16:24:00.000
15179,VIP Customers,1,9,5,2206.95,5,4,5,14,441.39,0.016556,302,75.50,91,1938,2011,1,2011-01-24 13:48:00.000,2011-11-21 12:53:00.000
17591,VIP Customers,1,64,7,2203.67,3,5,5,13,314.81,0.023729,295,49.17,81,1000,2010,12,2010-12-07 15:39:00.000,2011-09-27 13:42:00.000
13831,VIP Customers,1,7,6,2198.45,5,5,5,15,366.41,0.016949,354,70.80,58,743,2010,12,2010-12-05 12:13:00.000,2011-11-23 15:41:00.000
14560,VIP Customers,1,7,21,2196.97,5,5,5,15,104.62,0.061404,342,17.10,39,1212,2010,12,2010-12-17 09:22:00.000,2011-11-23 09:35:00.000
14700,VIP Customers,1,23,3,2195.1,4,4,5,13,731.70,0.014493,207,103.50,80,1314,2011,4,2011-04-15 13:16:00.000,2011-11-07 14:40:00.000
16628,VIP Customers,1,20,5,2188.05,4,4,5,13,437.61,0.024272,206,51.50,79,1205,2011,4,2011-04-19 08:55:00.000,2011-11-10 12:45:00.000
14397,VIP Customers,1,2,17,2183.76,5,5,5,15,128.46,0.083744,203,12.69,18,1562,2011,5,2011-05-10 12:25:00.000,2011-11-28 12:30:00.000
15394,VIP Customers,1,0,4,2183.54,5,4,5,14,545.88,0.011429,350,116.67,54,910,2010,12,2010-12-16 12:46:00.000,2011-11-30 11:49:00.000
14341,VIP Customers,1,36,8,2166.98,3,5,5,13,270.87,0.029197,274,39.14,109,1397,2011,1,2011-01-25 13:55:00.000,2011-10-25 15:48:00.000
12633,VIP Customers,1,49,4,2163.98,3,4,5,12,541.00,0.017391,230,76.67,73,1162,2011,2,2011-02-25 08:44:00.000,2011-10-12 11:40:00.000
12909,VIP Customers,1,30,5,2163.82,4,4,5,13,432.76,0.023256,215,53.75,78,1277,2011,3,2011-03-31 12:51:00.000,2011-10-31 12:43:00.000
13994,VIP Customers,1,30,5,2158.04,4,4,5,13,431.61,0.045455,110,27.50,121,906,2011,7,2011-07-14 18:28:00.000,2011-10-31 11:10:00.000
17530,VIP Customers,1,7,9,2152.09,5,5,5,15,239.12,0.025714,350,43.75,286,1346,2010,12,2010-12-09 20:01:00.000,2011-11-23 17:32:00.000
17272,VIP Customers,1,33,4,2148.63,3,4,5,12,537.16,0.018100,221,73.67,70,1778,2011,3,2011-03-22 12:05:00.000,2011-10-28 16:37:00.000
13704,VIP Customers,1,13,8,2143.38,4,5,5,14,267.92,0.119403,67,9.57,107,1441,2011,9,2011-09-12 14:40:00.000,2011-11-17 14:30:00.000
12704,VIP Customers,1,13,7,2142.08,4,5,5,14,306.01,0.047297,148,24.67,63,925,2011,6,2011-06-23 10:20:00.000,2011-11-17 14:51:00.000
12584,VIP Customers,1,8,8,2137.7,5,5,5,15,267.21,0.030303,264,37.71,43,371,2011,3,2011-03-04 15:15:00.000,2011-11-22 08:34:00.000
13517,VIP Customers,1,50,3,2128.42,3,4,5,12,709.47,0.024793,121,60.50,125,1369,2011,6,2011-06-13 08:44:00.000,2011-10-11 11:43:00.000
15750,VIP Customers,1,6,7,2122.66,5,5,5,15,303.24,0.019886,352,58.67,207,1578,2010,12,2010-12-08 10:36:00.000,2011-11-24 19:30:00.000
14825,VIP Customers,1,6,11,2119.92,5,5,5,15,192.72,0.031073,354,35.40,79,910,2010,12,2010-12-06 12:30:00.000,2011-11-24 10:07:00.000
18061,VIP Customers,1,12,10,2119.41,5,5,5,15,211.94,0.028902,346,38.44,18,955,2010,12,2010-12-08 13:03:00.000,2011-11-18 11:20:00.000
13632,VIP Customers,1,15,5,2118.93,4,4,5,13,423.79,0.022727,220,55.00,121,1031,2011,4,2011-04-10 15:07:00.000,2011-11-15 10:51:00.000
14360,VIP Customers,1,22,4,2118.03,4,4,5,13,529.51,0.062500,64,21.33,104,1139,2011,9,2011-09-06 11:58:00.000,2011-11-08 09:12:00.000
18008,VIP Customers,1,61,9,2116.19,3,5,5,13,235.13,0.036145,249,31.13,24,1581,2011,1,2011-01-25 12:26:00.000,2011-09-30 15:17:00.000
14691,VIP Customers,1,21,5,2114.33,4,4,5,13,422.87,0.027322,183,45.75,50,707,2011,5,2011-05-11 09:55:00.000,2011-11-09 12:30:00.000
14640,VIP Customers,1,15,6,2107.38,4,5,5,14,351.23,0.029412,204,40.80,87,880,2011,4,2011-04-26 12:31:00.000,2011-11-15 13:07:00.000
12684,VIP Customers,1,15,6,2104.23,4,5,5,14,350.70,0.031579,190,38.00,61,1900,2011,5,2011-05-10 12:55:00.000,2011-11-15 10:50:00.000
15058,VIP Customers,1,16,11,2102.54,4,5,5,14,191.14,0.038194,288,28.80,199,1054,2011,1,2011-01-31 15:35:00.000,2011-11-14 14:57:00.000
15815,VIP Customers,1,54,5,2100.6,3,4,5,12,420.12,0.025381,197,49.25,33,1856,2011,3,2011-03-25 08:43:00.000,2011-10-07 12:42:00.000
12610,VIP Customers,1,13,5,2099.54,4,4,5,13,419.91,0.047619,105,26.25,85,1049,2011,8,2011-08-05 13:52:00.000,2011-11-17 09:34:00.000
16875,VIP Customers,1,58,5,2095.53,3,4,5,12,419.11,0.018315,273,68.25,93,1069,2011,1,2011-01-04 10:37:00.000,2011-10-03 13:39:00.000
17449,VIP Customers,1,36,6,2095.17,3,5,5,13,349.19,0.019048,315,63.00,145,975,2010,12,2010-12-15 10:57:00.000,2011-10-25 17:22:00.000
17191,VIP Customers,1,19,7,2093.68,4,5,5,14,299.10,0.020528,341,56.83,163,1166,2010,12,2010-12-06 14:36:00.000,2011-11-11 16:58:00.000
13265,VIP Customers,1,44,5,2092.66,3,4,5,12,418.53,0.022624,221,55.25,66,1740,2011,3,2011-03-11 09:54:00.000,2011-10-17 15:02:00.000
13571,VIP Customers,1,3,12,2088.94,5,5,5,15,174.08,0.049587,242,22.00,157,1757,2011,3,2011-03-31 12:43:00.000,2011-11-27 10:47:00.000
14810,VIP Customers,1,31,11,2085.33,3,5,5,13,189.58,0.033333,330,33.00,106,1015,2010,12,2010-12-05 12:08:00.000,2011-10-30 11:19:00.000
16407,VIP Customers,1,3,10,2079.68,5,5,5,15,207.97,0.033223,301,33.44,99,1093,2011,1,2011-01-31 14:02:00.000,2011-11-27 11:05:00.000
14546,VIP Customers,1,31,4,2078.1,3,4,5,12,519.53,0.019139,209,69.67,229,1082,2011,4,2011-04-05 12:37:00.000,2011-10-30 11:47:00.000
14515,VIP Customers,1,8,6,2076.89,5,5,5,15,346.15,0.029703,202,40.40,68,1110,2011,5,2011-05-05 12:13:00.000,2011-11-22 11:37:00.000
16076,VIP Customers,1,13,9,2073.75,4,5,5,14,230.42,0.048128,187,23.38,71,1353,2011,5,2011-05-15 12:31:00.000,2011-11-17 17:16:00.000
14209,VIP Customers,1,1,6,2073.43,5,5,5,15,345.57,0.018576,323,64.60,55,691,2011,1,2011-01-11 12:56:00.000,2011-11-29 10:18:00.000
18241,VIP Customers,1,0,17,2073.09,5,5,5,15,121.95,0.081340,209,13.06,60,1051,2011,5,2011-05-06 09:22:00.000,2011-11-30 12:10:00.000
15373,VIP Customers,1,9,11,2070.38,5,5,5,15,188.22,0.031073,354,35.40,74,437,2010,12,2010-12-03 14:40:00.000,2011-11-21 09:55:00.000
12948,VIP Customers,1,7,7,2064.95,5,5,5,15,294.99,0.028112,249,41.50,82,1080,2011,3,2011-03-20 10:17:00.000,2011-11-23 17:10:00.000
12928,VIP Customers,1,26,5,2062.7,4,4,5,13,412.54,0.015385,325,81.25,59,1472,2010,12,2010-12-15 15:45:00.000,2011-11-04 14:24:00.000
14409,VIP Customers,1,62,6,2059.45,3,5,5,13,343.24,0.020134,298,59.60,40,1230,2010,12,2010-12-06 15:03:00.000,2011-09-29 18:18:00.000
17667,VIP Customers,1,57,5,2055.51,3,4,5,12,411.10,0.021459,233,58.25,85,1033,2011,2,2011-02-14 09:24:00.000,2011-10-04 14:32:00.000
14188,VIP Customers,1,21,6,2054.36,4,5,5,14,342.39,0.021352,281,56.20,34,1162,2011,2,2011-02-02 13:46:00.000,2011-11-09 12:45:00.000
16150,VIP Customers,1,33,5,2053.02,3,4,5,12,410.60,0.015106,331,82.75,91,1047,2010,12,2010-12-02 18:27:00.000,2011-10-28 12:39:00.000
17434,VIP Customers,1,0,6,2052.48,5,5,5,15,342.08,0.077922,77,15.40,93,1447,2011,9,2011-09-15 13:54:00.000,2011-11-30 15:58:00.000
15984,VIP Customers,1,62,8,2050.71,3,5,5,13,256.34,0.026846,298,42.57,179,1089,2010,12,2010-12-06 13:21:00.000,2011-09-29 19:30:00.000
17612,VIP Customers,1,44,6,2048.45,3,5,5,13,341.41,0.024490,245,49.00,116,1808,2011,2,2011-02-15 10:40:00.000,2011-10-17 14:59:00.000
14232,VIP Customers,1,33,5,2048.07,3,4,5,12,409.61,0.022422,223,55.75,81,1941,2011,3,2011-03-20 12:44:00.000,2011-10-28 11:09:00.000
13450,VIP Customers,1,17,6,2043.72,4,5,5,14,340.62,0.031088,193,38.60,32,1982,2011,5,2011-05-05 19:48:00.000,2011-11-13 11:54:00.000
14001,VIP Customers,1,36,3,2043.08,3,4,5,12,681.03,0.009119,329,164.50,34,962,2010,12,2010-12-01 12:58:00.000,2011-10-25 10:31:00.000
12352,VIP Customers,1,27,8,2042.24,4,5,5,14,255.28,0.030651,261,37.29,59,534,2011,2,2011-02-16 12:33:00.000,2011-11-03 14:37:00.000
17954,VIP Customers,1,59,11,2034.76,3,5,5,13,184.98,0.036184,304,30.40,279,1950,2010,12,2010-12-03 14:18:00.000,2011-10-02 15:52:00.000
16409,VIP Customers,1,27,5,2022.98,4,4,5,13,404.60,0.017730,282,70.50,145,1304,2011,1,2011-01-26 14:51:00.000,2011-11-03 16:45:00.000
14482,VIP Customers,1,9,6,2022.81,5,5,5,15,337.13,0.027027,222,44.40,110,1627,2011,4,2011-04-14 16:41:00.000,2011-11-21 13:14:00.000
17625,VIP Customers,1,9,4,2020.4,5,4,5,14,505.10,0.016667,240,80.00,223,1180,2011,3,2011-03-27 12:21:00.000,2011-11-21 13:36:00.000
18069,VIP Customers,1,17,5,2009.24,4,4,5,13,401.85,0.016556,302,75.50,334,1296,2011,1,2011-01-16 15:50:00.000,2011-11-13 16:03:00.000
18188,VIP Customers,1,6,3,2001.04,5,4,5,14,667.01,0.010870,276,138.00,63,1168,2011,2,2011-02-22 14:43:00.000,2011-11-24 16:46:00.000
17088,VIP Customers,1,19,4,1991.01,4,4,5,13,497.75,0.017699,226,75.33,96,868,2011,3,2011-03-31 09:48:00.000,2011-11-11 14:23:00.000
13590,VIP Customers,1,2,6,1981.92,5,5,5,15,330.32,0.020478,293,58.60,70,1848,2011,2,2011-02-09 13:25:00.000,2011-11-28 12:54:00.000
14462,VIP Customers,1,57,11,1980.57,3,5,5,13,180.05,0.040146,274,27.40,150,956,2011,1,2011-01-04 12:45:00.000,2011-10-04 15:55:00.000
13725,VIP Customers,1,40,8,1980.56,3,5,4,12,247.57,0.030769,260,37.14,95,806,2011,2,2011-02-04 12:18:00.000,2011-10-21 10:03:00.000
17422,VIP Customers,1,7,6,1979.37,5,5,4,14,329.89,0.021352,281,56.20,93,2253,2011,2,2011-02-16 14:44:00.000,2011-11-23 13:27:00.000
16341,VIP Customers,1,15,4,1971.87,4,4,4,12,492.97,0.022472,178,59.33,60,1398,2011,5,2011-05-22 13:20:00.000,2011-11-15 09:12:00.000
12674,VIP Customers,1,29,4,1970.6,4,4,4,12,492.65,0.023529,170,56.67,52,1133,2011,5,2011-05-16 09:10:00.000,2011-11-01 12:12:00.000
17790,VIP Customers,1,17,14,1964.3,4,5,4,13,140.31,0.041298,339,26.08,121,835,2010,12,2010-12-10 10:47:00.000,2011-11-13 11:30:00.000
14309,VIP Customers,1,19,8,1962.66,4,5,4,13,245.33,0.024169,331,47.29,67,1380,2010,12,2010-12-16 13:05:00.000,2011-11-11 09:46:00.000
17997,VIP Customers,1,65,8,1962.46,3,5,4,12,245.31,0.087912,91,13.00,133,2273,2011,6,2011-06-28 17:28:00.000,2011-09-26 16:13:00.000
13246,VIP Customers,1,9,6,1961.52,5,5,4,14,326.92,0.019169,313,62.60,110,1587,2011,1,2011-01-13 13:36:00.000,2011-11-21 16:50:00.000
14506,VIP Customers,1,8,5,1960.65,5,4,4,13,392.13,0.014164,353,88.25,204,704,2010,12,2010-12-05 14:25:00.000,2011-11-22 13:02:00.000
12856,VIP Customers,1,9,5,1957.68,5,5,4,14,391.54,0.108696,46,11.50,148,950,2011,10,2011-10-07 12:38:00.000,2011-11-21 11:34:00.000
14498,VIP Customers,1,33,5,1957.32,3,4,4,11,391.46,0.015625,320,80.00,162,1098,2010,12,2010-12-13 11:29:00.000,2011-10-28 12:09:00.000
15493,VIP Customers,1,23,5,1953.41,4,4,4,12,390.68,0.020921,239,59.75,177,551,2011,3,2011-03-14 11:44:00.000,2011-11-07 12:04:00.000
13755,VIP Customers,1,0,8,1951.16,5,5,4,14,243.90,0.145455,55,7.86,219,1162,2011,10,2011-10-07 15:45:00.000,2011-11-30 13:29:00.000
14533,VIP Customers,1,15,7,1949.72,4,5,4,13,278.53,0.021277,329,54.83,53,4019,2010,12,2010-12-22 11:07:00.000,2011-11-15 12:05:00.000
12913,VIP Customers,1,6,4,1948.53,5,4,4,13,487.13,0.011299,354,118.00,32,896,2010,12,2010-12-06 16:36:00.000,2011-11-24 10:39:00.000
15814,VIP Customers,1,7,4,1945.33,5,4,4,13,486.33,0.114286,35,11.67,63,1271,2011,10,2011-10-20 09:04:00.000,2011-11-23 08:17:00.000
15864,VIP Customers,1,13,6,1936.32,4,5,4,13,322.72,0.020339,295,59.00,16,1192,2011,1,2011-01-27 16:43:00.000,2011-11-17 13:32:00.000
15351,VIP Customers,1,3,7,1934.66,5,5,4,14,276.38,0.019553,358,59.67,157,742,2010,12,2010-12-05 11:49:00.000,2011-11-27 12:52:00.000
13685,VIP Customers,1,36,3,1934.45,3,4,4,11,644.82,0.187500,16,8.00,16,4441,2011,10,2011-10-10 12:59:00.000,2011-10-25 13:14:00.000
12528,VIP Customers,1,0,6,1933.48,5,5,4,14,322.25,0.019737,304,60.80,50,756,2011,1,2011-01-31 09:05:00.000,2011-11-30 14:40:00.000
13094,VIP Customers,1,12,12,1927.32,5,5,4,14,160.61,0.034483,348,31.64,4,1716,2010,12,2010-12-06 10:34:00.000,2011-11-18 14:07:00.000
15518,VIP Customers,1,55,8,1921.55,3,5,4,12,240.19,0.029740,269,38.43,135,1263,2011,1,2011-01-11 12:55:00.000,2011-10-06 13:05:00.000
14978,VIP Customers,1,63,5,1921.37,3,4,4,11,384.27,0.019305,259,64.75,136,523,2011,1,2011-01-13 12:03:00.000,2011-09-28 13:07:00.000
14217,VIP Customers,1,2,16,1910.5,5,5,4,14,119.41,0.044944,356,23.73,73,661,2010,12,2010-12-08 13:28:00.000,2011-11-28 12:08:00.000
14285,VIP Customers,1,12,4,1910.01,5,4,4,13,477.50,0.025641,156,52.00,18,541,2011,6,2011-06-16 12:36:00.000,2011-11-18 14:50:00.000
13949,VIP Customers,1,15,5,1909.09,4,4,4,12,381.82,0.070423,71,17.75,86,1801,2011,9,2011-09-06 11:55:00.000,2011-11-15 11:30:00.000
17228,VIP Customers,1,6,8,1906.09,5,5,4,14,238.26,0.022346,358,51.14,140,1532,2010,12,2010-12-02 16:00:00.000,2011-11-24 10:24:00.000
16983,VIP Customers,1,3,7,1905.87,5,5,4,14,272.27,0.019553,358,59.67,112,1335,2010,12,2010-12-05 12:34:00.000,2011-11-27 12:10:00.000
15819,VIP Customers,1,40,4,1905.45,3,4,4,11,476.36,0.017544,228,76.00,96,1357,2011,3,2011-03-08 09:45:00.000,2011-10-21 14:50:00.000
16942,VIP Customers,1,3,9,1904.99,5,5,4,14,211.67,0.041667,216,27.00,159,805,2011,4,2011-04-26 11:59:00.000,2011-11-27 12:40:00.000
16170,VIP Customers,1,41,6,1885.05,3,5,4,12,314.18,0.030151,199,39.80,106,1770,2011,4,2011-04-05 13:42:00.000,2011-10-20 08:21:00.000
16128,VIP Customers,1,8,5,1880.22,5,5,4,14,376.04,0.018797,266,66.50,76,988,2011,3,2011-03-02 12:21:00.000,2011-11-22 11:14:00.000
17738,VIP Customers,1,10,4,1879.05,5,4,4,13,469.76,0.015152,264,88.00,89,1029,2011,3,2011-03-02 16:26:00.000,2011-11-20 15:05:00.000
17368,VIP Customers,1,14,8,1878.87,4,5,4,13,234.86,0.025397,315,45.00,93,1377,2011,1,2011-01-06 11:57:00.000,2011-11-16 15:26:00.000
18044,VIP Customers,1,27,9,1877.7,4,5,4,13,208.63,0.027692,325,40.63,81,936,2010,12,2010-12-14 12:25:00.000,2011-11-03 08:56:00.000
15367,VIP Customers,1,48,4,1877.59,3,4,4,11,469.40,0.018265,219,73.00,91,1057,2011,3,2011-03-09 13:53:00.000,2011-10-13 14:13:00.000
17463,VIP Customers,1,7,5,1875.86,5,4,4,13,375.17,0.016779,298,74.50,162,1086,2011,1,2011-01-30 15:48:00.000,2011-11-23 13:40:00.000
13982,VIP Customers,1,30,4,1871.81,4,4,4,12,467.95,0.012232,327,109.00,72,1136,2010,12,2010-12-09 13:57:00.000,2011-10-31 16:24:00.000
17469,VIP Customers,1,7,5,1870.97,5,4,4,13,374.19,0.026455,189,47.25,61,787,2011,5,2011-05-19 08:55:00.000,2011-11-23 13:15:00.000
16841,VIP Customers,1,27,6,1869.82,4,5,4,13,311.64,0.023810,252,50.40,101,2250,2011,2,2011-02-25 12:40:00.000,2011-11-03 11:51:00.000
12615,VIP Customers,1,27,3,1868.34,4,4,4,12,622.78,0.022556,133,66.50,74,1127,2011,6,2011-06-24 13:35:00.000,2011-11-03 10:45:00.000
14493,VIP Customers,1,7,4,1867.54,5,4,4,13,466.88,0.028571,140,46.67,77,1007,2011,7,2011-07-07 16:59:00.000,2011-11-23 10:21:00.000
17519,VIP Customers,1,8,6,1844.02,5,5,4,14,307.34,0.017045,352,70.40,60,1236,2010,12,2010-12-06 15:18:00.000,2011-11-22 16:43:00.000
14524,VIP Customers,1,22,9,1843.83,4,5,4,13,204.87,0.027273,330,41.25,161,669,2010,12,2010-12-14 11:01:00.000,2011-11-08 12:29:00.000
17218,VIP Customers,1,2,9,1843.28,5,5,4,14,204.81,0.025140,358,44.75,140,902,2010,12,2010-12-06 15:25:00.000,2011-11-28 13:27:00.000
16102,VIP Customers,1,33,3,1842.14,3,4,4,11,614.05,0.034483,87,43.50,41,942,2011,8,2011-08-03 12:50:00.000,2011-10-28 13:19:00.000
16455,VIP Customers,1,54,7,1841.18,3,5,4,12,263.03,0.022654,309,51.50,69,988,2010,12,2010-12-03 16:44:00.000,2011-10-07 12:17:00.000
17015,VIP Customers,1,19,3,1838.61,4,4,4,12,612.87,0.018987,158,79.00,182,1978,2011,6,2011-06-07 13:19:00.000,2011-11-11 10:45:00.000
18283,VIP Customers,1,0,15,1837.53,5,5,4,14,122.50,0.045593,329,23.50,259,1215,2011,1,2011-01-06 14:14:00.000,2011-11-30 12:59:00.000
18287,VIP Customers,1,33,3,1837.28,3,4,4,11,612.43,0.018750,160,80.00,59,1586,2011,5,2011-05-22 10:39:00.000,2011-10-28 09:29:00.000
13650,VIP Customers,1,7,6,1836.34,5,5,4,14,306.06,0.023810,252,50.40,79,922,2011,3,2011-03-17 12:37:00.000,2011-11-23 12:22:00.000
15827,VIP Customers,1,64,14,1836.09,3,5,4,12,131.15,0.046667,300,23.08,72,882,2010,12,2010-12-02 13:06:00.000,2011-09-27 15:35:00.000
14665,VIP Customers,1,51,5,1835.7,3,4,4,11,367.14,0.019920,251,62.75,63,740,2011,2,2011-02-02 09:08:00.000,2011-10-10 09:14:00.000
15203,VIP Customers,1,16,6,1827.8,4,5,4,13,304.63,0.020906,287,57.40,82,1753,2011,2,2011-02-01 12:29:00.000,2011-11-14 08:16:00.000
18219,VIP Customers,1,34,9,1827.4,3,5,4,12,203.04,0.027607,326,40.75,57,746,2010,12,2010-12-06 10:05:00.000,2011-10-27 18:02:00.000
12783,VIP Customers,1,23,5,1825.33,4,4,4,12,365.07,0.113636,44,11.00,63,482,2011,9,2011-09-25 15:35:00.000,2011-11-07 11:57:00.000
17702,VIP Customers,1,21,4,1824.37,4,4,4,12,456.09,0.022599,177,59.00,58,1353,2011,5,2011-05-17 16:23:00.000,2011-11-09 16:03:00.000
16153,VIP Customers,1,40,5,1824.23,3,4,4,11,364.85,0.016340,306,76.50,78,1073,2010,12,2010-12-20 09:22:00.000,2011-10-21 10:50:00.000
17828,VIP Customers,1,13,4,1820.09,4,4,4,12,455.02,0.024540,163,54.33,54,667,2011,6,2011-06-08 08:31:00.000,2011-11-17 08:41:00.000
13048,VIP Customers,1,5,4,1819.41,5,4,4,13,454.85,0.012739,314,104.67,77,1228,2011,1,2011-01-16 14:36:00.000,2011-11-25 13:23:00.000
12935,VIP Customers,1,17,5,1816.92,4,4,4,12,363.38,0.017007,294,73.50,70,1523,2011,1,2011-01-24 13:58:00.000,2011-11-13 11:24:00.000
13481,VIP Customers,1,36,5,1804.56,3,4,4,11,360.91,0.023585,212,53.00,98,1142,2011,3,2011-03-28 09:07:00.000,2011-10-25 09:07:00.000
17663,VIP Customers,1,16,7,1802.91,4,5,4,13,257.56,0.026616,263,43.83,63,797,2011,2,2011-02-25 14:11:00.000,2011-11-14 08:56:00.000
16249,VIP Customers,1,43,5,1800.07,3,4,4,11,360.01,0.026596,188,47.00,67,950,2011,4,2011-04-14 13:50:00.000,2011-10-18 10:07:00.000
13630,VIP Customers,1,66,6,1799.78,3,5,4,12,299.96,0.028436,211,42.20,50,1271,2011,2,2011-02-27 12:49:00.000,2011-09-25 10:30:00.000
13196,VIP Customers,1,2,4,1797.78,5,4,4,13,449.44,0.015873,252,84.00,97,1224,2011,3,2011-03-22 14:24:00.000,2011-11-28 13:54:00.000
17648,VIP Customers,1,51,4,1797.5,3,4,4,11,449.38,0.021053,190,63.33,81,487,2011,4,2011-04-04 10:29:00.000,2011-10-10 09:41:00.000
12348,VIP Customers,1,66,4,1797.24,3,4,4,11,449.31,0.014085,284,94.67,22,2341,2010,12,2010-12-16 19:09:00.000,2011-09-25 13:13:00.000
18179,VIP Customers,1,0,6,1793.17,5,5,4,14,298.86,0.018293,328,65.60,86,1360,2011,1,2011-01-07 14:22:00.000,2011-11-30 16:23:00.000
12523,VIP Customers,1,10,11,1789.77,5,5,4,14,162.71,0.035144,313,31.30,84,865,2011,1,2011-01-12 09:43:00.000,2011-11-20 12:55:00.000
14215,VIP Customers,1,2,6,1789.72,5,5,4,14,298.29,0.016760,358,71.60,98,1358,2010,12,2010-12-06 15:34:00.000,2011-11-28 12:19:00.000
13305,VIP Customers,1,12,9,1787.7,5,5,4,14,198.63,0.025568,352,44.00,47,1076,2010,12,2010-12-02 12:10:00.000,2011-11-18 11:07:00.000
13875,VIP Customers,1,44,5,1786.79,3,4,4,11,357.36,0.020080,249,62.25,79,1316,2011,2,2011-02-11 15:39:00.000,2011-10-17 09:36:00.000
15220,VIP Customers,1,42,6,1778.96,3,5,4,12,296.49,0.026087,230,46.00,110,1393,2011,3,2011-03-04 10:24:00.000,2011-10-19 12:39:00.000
14696,VIP Customers,1,62,6,1778.41,3,5,4,12,296.40,0.019802,303,60.60,101,1439,2010,12,2010-12-01 15:37:00.000,2011-09-29 15:04:00.000
12645,VIP Customers,1,24,4,1775.18,4,4,4,12,443.79,0.014085,284,94.67,58,1084,2011,1,2011-01-27 13:08:00.000,2011-11-06 12:38:00.000
17092,VIP Customers,1,41,4,1774.03,3,4,4,11,443.51,0.017544,228,76.00,99,1130,2011,3,2011-03-07 14:51:00.000,2011-10-20 19:51:00.000
15594,VIP Customers,1,6,5,1771.78,5,5,4,14,354.36,0.022727,220,55.00,85,983,2011,4,2011-04-19 10:08:00.000,2011-11-24 08:53:00.000
15473,VIP Customers,1,5,7,1771.2,5,5,4,14,253.03,0.148936,47,7.83,4,672,2011,10,2011-10-10 11:12:00.000,2011-11-25 15:15:00.000
16681,VIP Customers,1,63,6,1770.34,3,5,4,12,295.06,0.032967,182,36.40,18,1407,2011,3,2011-03-31 13:46:00.000,2011-09-28 11:11:00.000
16719,VIP Customers,1,5,7,1770.22,5,5,4,14,252.89,0.019718,355,59.17,107,1175,2010,12,2010-12-06 12:06:00.000,2011-11-25 09:27:00.000
16966,VIP Customers,1,6,6,1769.17,5,5,4,14,294.86,0.026549,226,45.20,8,1705,2011,4,2011-04-13 14:17:00.000,2011-11-24 09:13:00.000
13456,VIP Customers,1,8,6,1766.72,5,5,4,14,294.45,0.031414,191,38.20,43,765,2011,5,2011-05-16 15:34:00.000,2011-11-22 09:18:00.000
13297,VIP Customers,1,14,3,1766.33,4,4,4,12,588.78,0.066667,45,22.50,44,839,2011,10,2011-10-03 15:08:00.000,2011-11-16 09:28:00.000
12823,VIP Customers,1,65,5,1759.5,3,4,4,11,351.90,0.022422,223,55.75,1,230,2011,2,2011-02-16 12:15:00.000,2011-09-26 07:35:00.000
15241,VIP Customers,1,57,8,1756.44,3,5,4,12,219.56,0.036697,218,31.14,82,1818,2011,3,2011-03-01 11:02:00.000,2011-10-04 09:05:00.000
17090,VIP Customers,1,43,6,1750.61,3,5,4,12,291.77,0.019802,303,60.60,45,781,2010,12,2010-12-20 13:52:00.000,2011-10-18 12:59:00.000
15950,VIP Customers,1,22,4,1744.71,4,4,4,12,436.18,0.012158,329,109.67,86,719,2010,12,2010-12-15 11:56:00.000,2011-11-08 11:09:00.000
13157,VIP Customers,1,40,4,1741.22,3,4,4,11,435.31,0.016000,250,83.33,69,1439,2011,2,2011-02-14 14:03:00.000,2011-10-21 13:50:00.000
14595,VIP Customers,1,10,6,1740.6,5,5,4,14,290.10,0.020339,295,59.00,94,978,2011,1,2011-01-30 13:36:00.000,2011-11-20 12:12:00.000
17930,VIP Customers,1,26,5,1740.48,4,4,4,12,348.10,0.024390,205,51.25,26,1594,2011,4,2011-04-14 15:46:00.000,2011-11-04 10:23:00.000
14440,VIP Customers,1,33,4,1740.43,3,4,4,11,435.11,0.012346,324,108.00,31,471,2010,12,2010-12-09 12:49:00.000,2011-10-28 15:54:00.000
15050,VIP Customers,1,16,3,1737.69,4,4,4,12,579.23,0.063830,47,23.50,68,1216,2011,9,2011-09-29 13:22:00.000,2011-11-14 16:17:00.000
17043,VIP Customers,1,23,4,1735.18,4,4,4,12,433.80,0.017021,235,78.33,100,998,2011,3,2011-03-18 14:53:00.000,2011-11-07 15:33:00.000
13495,VIP Customers,1,26,4,1732.23,4,4,4,12,433.06,0.011976,334,111.33,32,753,2010,12,2010-12-06 15:14:00.000,2011-11-04 10:29:00.000
13126,VIP Customers,1,35,7,1730.2,3,5,4,12,247.17,0.021672,323,53.83,97,1695,2010,12,2010-12-08 11:42:00.000,2011-10-26 10:43:00.000
14387,VIP Customers,1,23,3,1727.6,4,4,4,12,575.87,0.038462,78,39.00,125,795,2011,8,2011-08-22 14:13:00.000,2011-11-07 12:29:00.000
14834,VIP Customers,1,8,6,1720.3,5,5,4,14,286.72,0.026786,224,44.80,43,734,2011,4,2011-04-13 15:00:00.000,2011-11-22 10:30:00.000
12518,VIP Customers,1,19,4,1717.75,4,4,4,12,429.44,0.048193,83,27.67,75,1130,2011,8,2011-08-21 13:18:00.000,2011-11-11 11:18:00.000
15267,VIP Customers,1,13,5,1717.36,4,4,4,12,343.47,0.031056,161,40.25,8,944,2011,6,2011-06-10 10:24:00.000,2011-11-17 15:59:00.000
17162,VIP Customers,1,19,10,1715.46,4,5,4,13,171.55,0.035971,278,30.89,81,1001,2011,2,2011-02-07 12:27:00.000,2011-11-11 11:34:00.000
17147,VIP Customers,1,13,4,1714.59,4,4,4,12,428.65,0.013793,290,96.67,68,882,2011,2,2011-02-01 09:36:00.000,2011-11-17 12:32:00.000
17554,VIP Customers,1,7,4,1714.15,5,4,4,13,428.54,0.030075,133,44.33,57,1685,2011,7,2011-07-14 20:01:00.000,2011-11-23 08:42:00.000
12407,VIP Customers,1,40,5,1708.12,3,4,4,11,341.62,0.023148,216,54.00,57,1416,2011,3,2011-03-20 13:21:00.000,2011-10-21 10:11:00.000
15240,VIP Customers,1,35,5,1706.57,3,4,4,11,341.31,0.018657,268,67.00,58,1369,2011,2,2011-02-01 08:23:00.000,2011-10-26 09:50:00.000
16791,VIP Customers,1,20,7,1705.78,4,5,4,13,243.68,0.023026,304,50.67,218,757,2011,1,2011-01-11 15:42:00.000,2011-11-10 19:12:00.000
16954,VIP Customers,1,7,7,1703.96,5,5,4,14,243.42,0.020349,344,57.33,38,862,2010,12,2010-12-15 10:41:00.000,2011-11-23 11:42:00.000
12843,VIP Customers,1,56,8,1702.26,3,5,4,12,212.78,0.040000,200,28.57,69,781,2011,3,2011-03-20 14:38:00.000,2011-10-05 12:09:00.000
17193,VIP Customers,1,26,7,1699.3,4,5,4,13,242.76,0.049296,142,23.67,17,1254,2011,6,2011-06-16 10:04:00.000,2011-11-04 12:47:00.000
13824,VIP Customers,1,23,5,1698.94,4,4,4,12,339.79,0.017921,279,69.75,34,768,2011,2,2011-02-02 13:07:00.000,2011-11-07 12:41:00.000
12381,VIP Customers,1,24,4,1698.3,4,4,4,12,424.57,0.045977,87,29.00,67,716,2011,8,2011-08-12 09:57:00.000,2011-11-06 13:36:00.000
17813,VIP Customers,1,5,5,1698.07,5,4,4,13,339.61,0.086207,58,14.50,297,752,2011,9,2011-09-29 15:57:00.000,2011-11-25 16:13:00.000
16007,VIP Customers,1,38,4,1693.81,3,4,4,11,423.45,0.023669,169,56.33,221,1388,2011,5,2011-05-08 13:32:00.000,2011-10-23 11:05:00.000
16671,VIP Customers,1,19,3,1692.27,4,4,4,12,564.09,0.021898,137,68.50,3,875,2011,6,2011-06-28 11:20:00.000,2011-11-11 13:40:00.000
16775,VIP Customers,1,1,11,1691.51,5,5,4,14,153.77,0.030726,358,35.80,84,439,2010,12,2010-12-07 15:15:00.000,2011-11-29 15:22:00.000
16474,VIP Customers,1,8,6,1689.54,5,5,4,14,281.59,0.046512,129,25.80,237,862,2011,7,2011-07-17 14:51:00.000,2011-11-22 14:04:00.000
13577,VIP Customers,1,16,4,1687.6,4,4,4,12,421.90,0.018433,217,72.33,61,791,2011,4,2011-04-12 10:33:00.000,2011-11-14 15:19:00.000
16638,VIP Customers,1,13,10,1680.72,4,5,4,13,168.07,0.028818,347,38.56,92,1255,2010,12,2010-12-06 10:19:00.000,2011-11-17 11:09:00.000
13149,VIP Customers,1,5,4,1676.06,5,4,4,13,419.01,0.014493,276,92.00,76,1280,2011,2,2011-02-23 13:57:00.000,2011-11-25 13:09:00.000
17656,VIP Customers,1,64,5,1674.69,3,4,4,11,334.94,0.089286,56,14.00,67,1399,2011,8,2011-08-03 10:45:00.000,2011-09-27 13:04:00.000
14730,VIP Customers,1,56,7,1669.38,3,5,4,12,238.48,0.033019,212,35.33,277,901,2011,3,2011-03-08 12:49:00.000,2011-10-05 13:47:00.000
13184,VIP Customers,1,5,10,1668.95,5,5,4,14,166.89,0.036101,277,30.78,138,1662,2011,2,2011-02-22 17:25:00.000,2011-11-25 12:02:00.000
12530,VIP Customers,1,50,4,1662.28,3,4,4,11,415.57,0.014388,278,92.67,51,913,2011,1,2011-01-07 10:04:00.000,2011-10-11 12:34:00.000
16115,VIP Customers,1,0,8,1660.88,5,5,4,14,207.61,0.028169,284,40.57,169,994,2011,2,2011-02-20 12:14:00.000,2011-11-30 11:32:00.000
17861,VIP Customers,1,15,7,1660.14,4,5,4,13,237.16,0.023649,296,49.33,127,1535,2011,1,2011-01-24 11:34:00.000,2011-11-15 13:01:00.000
17293,VIP Customers,1,21,8,1659.93,4,5,4,13,207.49,0.024096,332,47.43,89,1009,2010,12,2010-12-13 14:55:00.000,2011-11-09 13:46:00.000
15953,VIP Customers,1,6,8,1657.28,5,5,4,14,207.16,0.022535,355,50.71,63,891,2010,12,2010-12-05 15:15:00.000,2011-11-24 15:32:00.000
15826,VIP Customers,1,47,3,1654.31,3,4,4,11,551.44,0.019355,155,77.50,64,963,2011,5,2011-05-13 10:44:00.000,2011-10-14 16:05:00.000
13647,VIP Customers,1,0,4,1648.12,5,4,4,13,412.03,0.017699,226,75.33,65,887,2011,4,2011-04-19 09:49:00.000,2011-11-30 12:00:00.000
17284,VIP Customers,1,51,6,1647.48,3,5,4,12,274.58,0.021661,277,55.40,229,1362,2011,1,2011-01-07 14:31:00.000,2011-10-10 14:38:00.000
13750,VIP Customers,1,44,5,1647.26,3,4,4,11,329.45,0.017606,284,71.00,20,516,2011,1,2011-01-07 11:49:00.000,2011-10-17 12:16:00.000
13012,VIP Customers,1,0,8,1646.84,5,5,4,14,205.86,0.027972,286,40.86,67,820,2011,2,2011-02-18 09:43:00.000,2011-11-30 13:05:00.000
12657,VIP Customers,1,2,4,1643.18,5,4,4,13,410.80,0.058824,68,22.67,35,1044,2011,9,2011-09-22 11:40:00.000,2011-11-28 15:47:00.000
16359,VIP Customers,1,56,8,1640.19,3,5,4,12,205.02,0.029963,267,38.14,38,1092,2011,1,2011-01-12 10:49:00.000,2011-10-05 13:00:00.000
13627,VIP Customers,1,50,5,1638.47,3,4,4,11,327.69,0.016722,299,74.75,84,1269,2010,12,2010-12-17 09:52:00.000,2011-10-11 14:20:00.000
15024,VIP Customers,1,0,10,1636.43,5,5,4,14,163.64,0.027855,359,39.89,105,902,2010,12,2010-12-07 13:20:00.000,2011-11-30 12:06:00.000
15021,VIP Customers,1,17,8,1629.8,4,5,4,13,203.72,0.023460,341,48.71,273,709,2010,12,2010-12-08 12:17:00.000,2011-11-13 12:31:00.000
16515,VIP Customers,1,43,5,1624.14,3,4,4,11,324.83,0.019231,260,65.00,89,826,2011,2,2011-02-01 13:09:00.000,2011-10-18 13:10:00.000
14937,VIP Customers,1,47,3,1621.88,3,4,4,11,540.63,0.040000,75,37.50,33,484,2011,8,2011-08-01 14:16:00.000,2011-10-14 12:29:00.000
17101,VIP Customers,1,1,4,1621.73,5,4,4,13,405.43,0.023669,169,56.33,28,815,2011,6,2011-06-14 14:49:00.000,2011-11-29 13:57:00.000
16979,VIP Customers,1,8,5,1620.26,5,4,4,13,324.05,0.017794,281,70.25,57,807,2011,2,2011-02-15 09:20:00.000,2011-11-22 13:20:00.000
18161,VIP Customers,1,6,5,1618.69,5,4,4,13,323.74,0.016393,305,76.25,49,812,2011,1,2011-01-24 11:56:00.000,2011-11-24 16:40:00.000
17870,VIP Customers,1,5,11,1616.04,5,5,4,14,146.91,0.031161,353,35.30,185,1114,2010,12,2010-12-08 08:12:00.000,2011-11-25 11:20:00.000
14336,VIP Customers,1,7,4,1614.91,5,4,4,13,403.73,0.015326,261,87.00,77,1759,2011,3,2011-03-08 16:48:00.000,2011-11-23 11:40:00.000
16992,VIP Customers,1,1,5,1614.31,5,4,4,13,322.86,0.018182,275,68.75,84,860,2011,2,2011-02-28 10:37:00.000,2011-11-29 11:50:00.000
14312,VIP Customers,1,37,6,1611.59,3,5,4,12,268.60,0.020548,292,58.40,74,1012,2011,1,2011-01-06 16:35:00.000,2011-10-24 09:46:00.000
17750,VIP Customers,1,27,8,1607.21,4,5,4,13,200.90,0.062016,129,18.43,97,3503,2011,6,2011-06-28 15:44:00.000,2011-11-03 15:16:00.000
17705,VIP Customers,1,21,8,1605.52,4,5,4,13,200.69,0.029412,272,38.86,61,889,2011,2,2011-02-11 10:57:00.000,2011-11-09 15:50:00.000
15660,VIP Customers,1,16,9,1600.86,4,5,4,13,177.87,0.026393,341,42.63,55,1050,2010,12,2010-12-09 09:49:00.000,2011-11-14 16:58:00.000
16466,VIP Customers,1,24,7,1595.96,4,5,4,13,227.99,0.026923,260,43.33,103,785,2011,2,2011-02-20 11:39:00.000,2011-11-06 11:35:00.000
16358,VIP Customers,1,54,3,1594.34,3,4,4,11,531.45,0.024590,122,61.00,65,870,2011,6,2011-06-08 15:05:00.000,2011-10-07 10:50:00.000
16676,VIP Customers,1,24,4,1592.12,4,4,4,12,398.03,0.013115,305,101.67,75,636,2011,1,2011-01-06 13:00:00.000,2011-11-06 12:01:00.000
14970,VIP Customers,1,59,4,1592.06,3,4,4,11,398.01,0.016064,249,83.00,24,250,2011,1,2011-01-27 12:23:00.000,2011-10-02 13:44:00.000
17744,VIP Customers,1,16,5,1592.02,4,4,4,12,318.40,0.014970,334,83.50,68,2260,2010,12,2010-12-16 14:17:00.000,2011-11-14 09:05:00.000
12963,VIP Customers,1,1,7,1591.98,5,5,4,14,227.43,0.019663,356,59.33,69,784,2010,12,2010-12-09 09:14:00.000,2011-11-29 16:44:00.000
15611,VIP Customers,1,0,13,1591.45,5,5,4,14,122.42,0.039877,326,27.17,23,504,2011,1,2011-01-09 11:32:00.000,2011-11-30 12:36:00.000
17086,VIP Customers,1,15,5,1590.22,4,4,4,12,318.04,0.125000,40,10.00,56,1390,2011,10,2011-10-07 11:22:00.000,2011-11-15 13:07:00.000
13614,VIP Customers,1,15,4,1585.46,4,4,4,12,396.37,0.013029,307,102.33,171,564,2011,1,2011-01-13 12:37:00.000,2011-11-15 14:47:00.000
16332,VIP Customers,1,19,7,1582.8,4,5,4,13,226.11,0.025180,278,46.33,125,797,2011,2,2011-02-07 14:16:00.000,2011-11-11 14:22:00.000
12393,VIP Customers,1,63,4,1582.6,3,4,4,11,395.65,0.015326,261,87.00,47,816,2011,1,2011-01-11 09:47:00.000,2011-09-28 15:41:00.000
14587,VIP Customers,1,9,9,1580.29,5,5,4,14,175.59,0.028662,314,39.25,170,749,2011,1,2011-01-12 13:16:00.000,2011-11-21 11:34:00.000
13186,VIP Customers,1,30,3,1575.89,4,4,4,12,525.30,0.033333,90,45.00,69,820,2011,8,2011-08-03 09:09:00.000,2011-10-31 11:40:00.000
17671,VIP Customers,1,6,4,1572.71,5,4,4,13,393.18,0.011396,351,117.00,40,772,2010,12,2010-12-09 14:27:00.000,2011-11-24 12:21:00.000
15906,VIP Customers,1,10,7,1567.69,5,5,4,14,223.96,0.029536,237,39.50,113,544,2011,3,2011-03-29 13:28:00.000,2011-11-20 12:24:00.000
15111,VIP Customers,1,20,3,1567.48,4,4,4,12,522.49,0.008721,344,172.00,70,710,2010,12,2010-12-02 11:45:00.000,2011-11-10 16:58:00.000
15532,VIP Customers,1,16,4,1564.73,4,4,4,12,391.18,0.011976,334,111.33,205,515,2010,12,2010-12-16 16:45:00.000,2011-11-14 14:51:00.000
16394,VIP Customers,1,47,5,1555.34,3,4,4,11,311.07,0.021368,234,58.50,61,2604,2011,2,2011-02-23 10:58:00.000,2011-10-14 09:48:00.000
13313,VIP Customers,1,13,5,1555.32,4,4,4,12,311.06,0.015723,318,79.50,47,851,2011,1,2011-01-04 10:00:00.000,2011-11-17 16:48:00.000
15620,VIP Customers,1,47,3,1553.18,3,4,4,11,517.73,0.009901,303,151.50,92,915,2010,12,2010-12-16 14:34:00.000,2011-10-14 12:41:00.000
15117,VIP Customers,1,5,5,1551.78,5,4,4,13,310.36,0.024752,202,50.50,63,1948,2011,5,2011-05-08 12:38:00.000,2011-11-25 08:12:00.000
13634,VIP Customers,1,24,5,1547.36,4,4,4,12,309.47,0.016949,295,73.75,156,700,2011,1,2011-01-16 15:30:00.000,2011-11-06 13:40:00.000
14229,VIP Customers,1,42,3,1547.2,3,4,4,11,515.73,0.010601,283,141.50,29,610,2011,1,2011-01-10 12:03:00.000,2011-10-19 10:04:00.000
13397,VIP Customers,1,63,5,1544.13,3,4,4,11,308.83,0.018657,268,67.00,28,430,2011,1,2011-01-04 13:50:00.000,2011-09-28 10:56:00.000
17837,VIP Customers,1,33,8,1541.23,3,5,4,12,192.65,0.065574,122,17.43,110,510,2011,6,2011-06-29 16:44:00.000,2011-10-28 16:13:00.000
16365,VIP Customers,1,8,9,1540.42,5,5,4,14,171.16,0.025641,351,43.88,45,504,2010,12,2010-12-07 17:19:00.000,2011-11-22 11:24:00.000
13924,VIP Customers,1,8,5,1536.45,5,4,4,13,307.29,0.089286,56,14.00,63,933,2011,9,2011-09-28 15:07:00.000,2011-11-22 11:28:00.000
18180,VIP Customers,1,50,5,1533.02,3,4,4,11,306.60,0.059524,84,21.00,93,1454,2011,7,2011-07-20 08:59:00.000,2011-10-11 11:38:00.000
15214,VIP Customers,1,1,7,1532.68,5,5,4,14,218.95,0.030043,233,38.83,97,1102,2011,4,2011-04-11 09:46:00.000,2011-11-29 14:51:00.000
13107,VIP Customers,1,35,4,1531.62,3,4,4,11,382.91,0.013793,290,96.67,54,1293,2011,1,2011-01-10 12:28:00.000,2011-10-26 14:52:00.000
12759,VIP Customers,1,43,3,1531.44,3,4,4,11,510.48,0.013393,224,112.00,81,902,2011,3,2011-03-09 08:09:00.000,2011-10-18 14:49:00.000
14321,VIP Customers,1,1,5,1530.75,5,4,4,13,306.15,0.015432,324,81.00,111,2406,2011,1,2011-01-10 11:35:00.000,2011-11-29 09:47:00.000
14653,VIP Customers,1,0,6,1523.62,5,5,4,14,253.94,0.018182,330,66.00,142,759,2011,1,2011-01-05 13:40:00.000,2011-11-30 10:14:00.000
16066,VIP Customers,1,7,5,1521.04,5,5,4,14,304.21,0.045872,109,27.25,77,935,2011,8,2011-08-07 14:33:00.000,2011-11-23 11:54:00.000
13213,VIP Customers,1,47,5,1520.58,3,4,4,11,304.12,0.034722,144,36.00,82,1360,2011,5,2011-05-24 12:22:00.000,2011-10-14 11:42:00.000
13808,VIP Customers,1,37,4,1518.5,3,4,4,11,379.63,0.078431,51,17.00,59,668,2011,9,2011-09-04 12:07:00.000,2011-10-24 12:38:00.000
16748,VIP Customers,1,8,5,1515.9,5,4,4,13,303.18,0.015723,318,79.50,42,880,2011,1,2011-01-09 13:50:00.000,2011-11-22 10:17:00.000
16434,VIP Customers,1,20,7,1511.8,4,5,4,13,215.97,0.025830,271,45.17,88,760,2011,2,2011-02-13 12:17:00.000,2011-11-10 14:28:00.000
12937,VIP Customers,1,6,4,1504.27,5,4,4,13,376.07,0.015810,253,84.33,81,1007,2011,3,2011-03-17 14:19:00.000,2011-11-24 15:05:00.000
16813,VIP Customers,1,41,9,1503.64,3,5,4,12,167.07,0.058065,155,19.38,238,1422,2011,5,2011-05-19 13:28:00.000,2011-10-20 15:20:00.000
15916,VIP Customers,1,7,8,1502.86,5,5,4,14,187.86,0.022792,351,50.14,124,752,2010,12,2010-12-08 13:07:00.000,2011-11-23 13:46:00.000
13810,VIP Customers,1,19,3,1499.01,4,4,4,12,499.67,0.103448,29,14.50,32,312,2011,10,2011-10-14 12:57:00.000,2011-11-11 08:33:00.000
15530,VIP Customers,1,12,4,1497.31,5,4,4,13,374.33,0.017699,226,75.33,90,938,2011,4,2011-04-07 11:16:00.000,2011-11-18 12:25:00.000
14704,VIP Customers,1,2,9,1493.96,5,5,4,14,166.00,0.052941,170,21.25,288,1043,2011,6,2011-06-12 13:59:00.000,2011-11-28 12:51:00.000
16880,VIP Customers,1,21,7,1491.43,4,5,4,13,213.06,0.043750,160,26.67,121,746,2011,6,2011-06-03 16:45:00.000,2011-11-09 11:33:00.000
13110,VIP Customers,1,22,7,1488.67,4,5,4,13,212.67,0.024911,281,46.83,109,388,2011,2,2011-02-01 15:24:00.000,2011-11-08 14:30:00.000
13692,VIP Customers,1,15,3,1488.32,4,4,4,12,496.11,0.014085,213,106.50,48,1226,2011,4,2011-04-17 12:57:00.000,2011-11-15 11:17:00.000
14621,VIP Customers,1,21,4,1485.5,4,4,4,12,371.38,0.012158,329,109.67,72,739,2010,12,2010-12-16 13:00:00.000,2011-11-09 15:02:00.000
16169,VIP Customers,1,20,3,1483.95,4,4,4,12,494.65,0.063830,47,23.50,59,1115,2011,9,2011-09-25 11:33:00.000,2011-11-10 15:23:00.000
17673,VIP Customers,1,57,5,1482.5,3,4,4,11,296.50,0.019608,255,63.75,113,1369,2011,1,2011-01-23 15:16:00.000,2011-10-04 12:25:00.000
16395,VIP Customers,1,51,5,1482.06,3,4,4,11,296.41,0.018450,271,67.75,150,1472,2011,1,2011-01-13 12:10:00.000,2011-10-10 12:50:00.000
18016,VIP Customers,1,23,5,1477.66,4,4,4,12,295.53,0.015015,333,83.25,90,1027,2010,12,2010-12-10 17:14:00.000,2011-11-07 13:25:00.000
14878,VIP Customers,1,3,9,1476.09,5,5,4,14,164.01,0.025937,347,43.38,62,799,2010,12,2010-12-16 12:11:00.000,2011-11-27 11:15:00.000
17629,VIP Customers,1,9,7,1474.67,5,5,4,14,210.67,0.020468,342,57.00,91,1335,2010,12,2010-12-15 09:58:00.000,2011-11-21 17:04:00.000
17754,VIP Customers,1,28,4,1473.02,4,4,4,12,368.26,0.017857,224,74.67,60,1435,2011,3,2011-03-24 13:54:00.000,2011-11-02 12:37:00.000
14963,VIP Customers,1,0,5,1472.34,5,4,4,13,294.47,0.028571,175,43.75,149,1159,2011,6,2011-06-09 12:30:00.000,2011-11-30 12:16:00.000
15128,VIP Customers,1,51,4,1471,3,4,4,11,367.75,0.025000,160,53.33,74,1343,2011,5,2011-05-04 12:32:00.000,2011-10-10 13:54:00.000
15983,VIP Customers,1,13,4,1465.12,4,4,4,12,366.28,0.011364,352,117.33,82,886,2010,12,2010-12-01 12:15:00.000,2011-11-17 17:34:00.000
14233,VIP Customers,1,40,4,1462.72,3,4,4,11,365.68,0.014870,269,89.67,30,680,2011,1,2011-01-26 12:43:00.000,2011-10-21 15:54:00.000
17063,VIP Customers,1,12,7,1461.14,5,5,4,14,208.73,0.026022,269,44.83,66,770,2011,2,2011-02-23 13:44:00.000,2011-11-18 16:19:00.000
16996,VIP Customers,1,21,6,1456.96,4,5,4,13,242.83,0.018519,324,64.80,13,544,2010,12,2010-12-21 13:22:00.000,2011-11-09 16:43:00.000
13477,VIP Customers,1,28,6,1454.58,4,5,4,13,242.43,0.023529,255,51.00,57,1021,2011,2,2011-02-21 12:29:00.000,2011-11-02 12:04:00.000
14541,VIP Customers,1,49,8,1453.35,3,5,4,12,181.67,0.030534,262,37.43,71,641,2011,1,2011-01-24 14:16:00.000,2011-10-12 10:08:00.000
16059,VIP Customers,1,56,6,1453.16,3,5,4,12,242.19,0.019802,303,60.60,126,641,2010,12,2010-12-07 10:36:00.000,2011-10-05 09:56:00.000
13510,VIP Customers,1,36,3,1449.7,3,4,4,11,483.23,0.021583,139,69.50,77,1132,2011,6,2011-06-09 09:32:00.000,2011-10-25 13:51:00.000
14404,VIP Customers,1,24,6,1449.32,4,5,4,13,241.55,0.017804,337,67.40,70,827,2010,12,2010-12-05 16:00:00.000,2011-11-06 12:30:00.000
17073,VIP Customers,1,8,4,1446.09,5,4,4,13,361.52,0.043011,93,31.00,142,759,2011,8,2011-08-22 14:37:00.000,2011-11-22 11:47:00.000
13717,VIP Customers,1,23,6,1445.01,4,5,4,13,240.84,0.022472,267,53.40,92,1959,2011,2,2011-02-14 13:21:00.000,2011-11-07 14:13:00.000
13461,VIP Customers,1,29,3,1445,4,4,4,12,481.67,0.023810,126,63.00,14,1170,2011,6,2011-06-29 10:23:00.000,2011-11-01 09:01:00.000
17175,VIP Customers,1,35,4,1443.69,3,4,4,11,360.92,0.015810,253,84.33,42,866,2011,2,2011-02-16 14:56:00.000,2011-10-26 15:31:00.000
12877,VIP Customers,1,15,11,1436.11,4,5,4,13,130.56,0.032836,335,33.50,97,1040,2010,12,2010-12-16 12:23:00.000,2011-11-15 13:21:00.000
15987,VIP Customers,1,3,7,1432.77,5,5,4,14,204.68,0.019608,357,59.50,110,1533,2010,12,2010-12-06 08:34:00.000,2011-11-27 15:38:00.000
15427,VIP Customers,1,24,3,1430.54,4,4,4,12,476.85,0.200000,15,7.50,233,967,2011,10,2011-10-23 14:47:00.000,2011-11-06 14:29:00.000
14035,VIP Customers,1,19,5,1428.02,4,4,4,12,285.60,0.018519,270,67.50,41,739,2011,2,2011-02-15 12:48:00.000,2011-11-11 10:03:00.000
15858,VIP Customers,1,6,5,1427.57,5,5,4,14,285.51,0.014164,353,88.25,145,1163,2010,12,2010-12-07 14:31:00.000,2011-11-24 12:48:00.000
17451,VIP Customers,1,6,6,1427.22,5,5,4,14,237.87,0.065934,91,18.20,76,1049,2011,8,2011-08-26 11:54:00.000,2011-11-24 11:19:00.000
15681,VIP Customers,1,16,5,1426.16,4,4,4,12,285.23,0.019531,256,64.00,32,816,2011,3,2011-03-04 13:46:00.000,2011-11-14 16:30:00.000
17571,VIP Customers,1,41,4,1425.67,3,4,4,11,356.42,0.016064,249,83.00,247,876,2011,2,2011-02-14 15:15:00.000,2011-10-20 15:57:00.000
15106,VIP Customers,1,8,5,1422.52,5,4,4,13,284.50,0.019763,253,63.25,90,1181,2011,3,2011-03-15 12:52:00.000,2011-11-22 09:16:00.000
16463,VIP Customers,1,12,4,1422.4,4,4,4,12,355.60,0.021739,184,61.33,74,1163,2011,5,2011-05-19 14:45:00.000,2011-11-18 14:01:00.000
16571,VIP Customers,1,17,3,1421.69,4,4,4,12,473.90,0.011719,256,128.00,73,1239,2011,3,2011-03-03 09:41:00.000,2011-11-13 11:46:00.000
14019,VIP Customers,1,37,3,1421.61,3,4,4,11,473.87,0.032258,93,46.50,37,1037,2011,7,2011-07-24 15:39:00.000,2011-10-24 10:13:00.000
14901,VIP Customers,1,2,9,1421.29,5,5,4,14,157.92,0.024862,362,45.25,73,661,2010,12,2010-12-02 11:20:00.000,2011-11-28 17:09:00.000
14443,VIP Customers,1,44,4,1420.2,3,4,4,11,355.05,0.012658,316,105.33,84,938,2010,12,2010-12-06 11:03:00.000,2011-10-17 10:10:00.000
16173,VIP Customers,1,6,6,1418.32,5,5,4,14,236.39,0.071429,84,16.80,70,575,2011,9,2011-09-02 15:23:00.000,2011-11-24 10:53:00.000
17288,VIP Customers,1,0,7,1417.63,5,5,4,14,202.52,0.020000,350,58.33,118,1201,2010,12,2010-12-16 13:33:00.000,2011-11-30 16:09:00.000
14748,VIP Customers,1,20,5,1415.75,4,4,4,12,283.15,0.014706,340,85.00,87,1223,2010,12,2010-12-06 10:19:00.000,2011-11-10 18:33:00.000
16348,VIP Customers,1,23,7,1415.65,4,5,4,13,202.24,0.033493,209,34.83,157,805,2011,4,2011-04-13 15:49:00.000,2011-11-07 15:44:00.000
16012,VIP Customers,1,26,3,1415.29,4,4,4,12,471.76,0.024793,121,60.50,87,799,2011,7,2011-07-07 18:02:00.000,2011-11-04 13:25:00.000
16245,VIP Customers,1,14,3,1413.66,4,4,4,12,471.22,0.012821,234,117.00,80,1014,2011,3,2011-03-28 09:30:00.000,2011-11-16 10:14:00.000
14441,VIP Customers,1,34,3,1407.19,3,4,4,11,469.06,0.014085,213,106.50,37,362,2011,3,2011-03-29 12:01:00.000,2011-10-27 14:27:00.000
15426,VIP Customers,1,10,5,1404.07,5,4,4,13,280.81,0.014245,351,87.75,217,656,2010,12,2010-12-05 13:55:00.000,2011-11-20 15:36:00.000
18116,VIP Customers,1,58,8,1403.11,3,5,4,12,175.39,0.026846,298,42.57,230,837,2010,12,2010-12-10 12:14:00.000,2011-10-03 11:00:00.000
15563,VIP Customers,1,13,4,1400.44,4,4,4,12,350.11,0.011869,337,112.33,88,1501,2010,12,2010-12-16 11:27:00.000,2011-11-17 14:50:00.000
14741,VIP Customers,1,2,6,1400.34,5,5,4,14,233.39,0.016575,362,72.40,35,841,2010,12,2010-12-02 08:43:00.000,2011-11-28 08:48:00.000
17131,VIP Customers,1,24,4,1395.84,4,4,4,12,348.96,0.093023,43,14.33,61,565,2011,9,2011-09-25 12:42:00.000,2011-11-06 15:43:00.000
13995,VIP Customers,1,6,5,1393.69,5,5,4,14,278.74,0.021645,231,57.75,55,879,2011,4,2011-04-08 08:20:00.000,2011-11-24 14:22:00.000
16987,VIP Customers,1,33,6,1393.12,3,5,4,12,232.19,0.036585,164,32.80,66,327,2011,5,2011-05-18 15:55:00.000,2011-10-28 17:26:00.000
16271,VIP Customers,1,6,4,1389.64,5,4,4,13,347.41,0.011628,344,114.67,88,1023,2010,12,2010-12-16 16:36:00.000,2011-11-24 12:12:00.000
15134,VIP Customers,1,5,8,1387.99,5,5,4,14,173.50,0.035242,227,32.43,44,887,2011,4,2011-04-13 11:05:00.000,2011-11-25 08:55:00.000
16817,VIP Customers,1,23,8,1387.42,4,5,4,13,173.43,0.023739,337,48.14,61,669,2010,12,2010-12-06 14:19:00.000,2011-11-07 12:39:00.000
12775,VIP Customers,1,8,5,1386.04,5,5,4,14,277.21,0.016949,295,73.75,47,877,2011,2,2011-02-01 13:45:00.000,2011-11-22 16:33:00.000
13308,VIP Customers,1,13,3,1385.51,4,4,4,12,461.84,0.016484,182,91.00,49,843,2011,5,2011-05-20 13:13:00.000,2011-11-17 09:31:00.000
18167,VIP Customers,1,14,3,1384.86,4,4,4,12,461.62,0.036145,83,41.50,24,382,2011,8,2011-08-26 11:40:00.000,2011-11-16 15:56:00.000
15051,VIP Customers,1,14,3,1383.36,4,4,4,12,461.12,0.023438,128,64.00,130,1010,2011,7,2011-07-12 15:29:00.000,2011-11-16 15:38:00.000
14116,VIP Customers,1,10,5,1382.74,5,4,4,13,276.55,0.048544,103,25.75,61,707,2011,8,2011-08-10 12:44:00.000,2011-11-20 10:29:00.000
16389,VIP Customers,1,44,4,1382.07,3,4,4,11,345.52,0.017316,231,77.00,33,1242,2011,3,2011-03-01 15:47:00.000,2011-10-17 14:41:00.000
14434,VIP Customers,1,12,6,1372.8,5,5,4,14,228.80,0.115385,52,10.40,3,368,2011,9,2011-09-28 15:31:00.000,2011-11-18 08:56:00.000
14673,VIP Customers,1,0,4,1369.63,5,4,4,13,342.41,0.011142,359,119.67,37,787,2010,12,2010-12-07 12:49:00.000,2011-11-30 12:36:00.000
18122,VIP Customers,1,13,5,1368.7,4,4,4,12,273.74,0.038760,129,32.25,203,878,2011,7,2011-07-12 11:37:00.000,2011-11-17 14:29:00.000
14113,VIP Customers,1,13,3,1368.52,4,4,4,12,456.17,0.009009,333,166.50,19,514,2010,12,2010-12-20 12:14:00.000,2011-11-17 10:59:00.000
14507,VIP Customers,1,14,6,1367.88,4,5,4,13,227.98,0.023622,254,50.80,79,594,2011,3,2011-03-08 17:23:00.000,2011-11-16 12:21:00.000
13890,VIP Customers,1,13,7,1367.61,4,5,4,13,195.37,0.020772,337,56.17,62,605,2010,12,2010-12-16 09:31:00.000,2011-11-17 14:46:00.000
13813,VIP Customers,1,30,4,1366.86,4,4,4,12,341.72,0.041667,96,32.00,54,552,2011,7,2011-07-28 10:33:00.000,2011-10-31 10:38:00.000
16790,VIP Customers,1,7,5,1366.12,5,5,4,14,273.22,0.227273,22,5.50,79,772,2011,11,2011-11-02 11:23:00.000,2011-11-23 14:37:00.000
16726,VIP Customers,1,17,5,1358.74,4,4,4,12,271.75,0.014881,336,84.00,121,945,2010,12,2010-12-13 13:28:00.000,2011-11-13 14:53:00.000
17054,VIP Customers,1,19,5,1356.33,4,4,4,12,271.27,0.022936,218,54.50,64,804,2011,4,2011-04-08 13:14:00.000,2011-11-11 12:56:00.000
16711,VIP Customers,1,17,4,1355.43,4,4,4,12,338.86,0.012048,332,110.67,14,489,2010,12,2010-12-17 12:43:00.000,2011-11-13 11:51:00.000
14859,VIP Customers,1,3,4,1353.74,5,4,4,13,338.43,0.020725,193,64.33,47,671,2011,5,2011-05-19 14:42:00.000,2011-11-27 11:18:00.000
15116,VIP Customers,1,8,4,1352.75,5,4,4,13,338.19,0.021277,188,62.67,37,648,2011,5,2011-05-19 08:50:00.000,2011-11-22 12:25:00.000
16079,VIP Customers,1,7,3,1352,5,4,4,13,450.67,0.120000,25,12.50,18,864,2011,10,2011-10-30 13:06:00.000,2011-11-23 12:48:00.000
15411,VIP Customers,1,17,4,1348.93,4,4,4,12,337.23,0.025478,157,52.33,86,529,2011,6,2011-06-10 12:30:00.000,2011-11-13 15:19:00.000
16669,VIP Customers,1,14,3,1348.88,4,4,4,12,449.63,0.053571,56,28.00,141,881,2011,9,2011-09-22 14:13:00.000,2011-11-16 12:26:00.000
12463,VIP Customers,1,44,4,1344.78,3,4,4,11,336.20,0.021164,189,63.00,65,776,2011,4,2011-04-12 12:47:00.000,2011-10-17 13:44:00.000
18177,VIP Customers,1,22,6,1340.87,4,5,4,13,223.48,0.026667,225,45.00,53,709,2011,3,2011-03-29 08:46:00.000,2011-11-08 14:44:00.000
15059,VIP Customers,1,31,9,1337.72,4,5,4,13,148.64,0.030508,295,36.88,161,604,2011,1,2011-01-09 11:54:00.000,2011-10-30 11:35:00.000
17372,VIP Customers,1,31,8,1337.18,3,5,4,12,167.15,0.024768,323,46.14,215,747,2010,12,2010-12-12 12:00:00.000,2011-10-30 11:37:00.000
14064,VIP Customers,1,20,5,1334.34,4,4,4,12,266.87,0.020325,246,61.50,59,1772,2011,3,2011-03-10 12:59:00.000,2011-11-10 13:14:00.000
12826,VIP Customers,1,20,6,1332.12,4,5,4,13,222.02,0.017804,337,67.40,57,995,2010,12,2010-12-09 15:21:00.000,2011-11-10 15:37:00.000
17932,VIP Customers,1,20,3,1331.57,4,4,4,12,443.86,0.016393,183,91.50,84,789,2011,5,2011-05-12 13:58:00.000,2011-11-10 19:49:00.000
12676,VIP Customers,1,15,6,1331.39,4,5,4,13,221.90,0.020833,288,57.60,33,670,2011,2,2011-02-01 15:41:00.000,2011-11-15 12:25:00.000
16283,VIP Customers,1,59,4,1330.14,3,4,4,11,332.53,0.028369,141,47.00,114,1087,2011,5,2011-05-15 13:37:00.000,2011-10-02 13:49:00.000
16295,VIP Customers,1,0,4,1328.55,5,4,4,13,332.14,0.071429,56,18.67,70,841,2011,10,2011-10-06 10:45:00.000,2011-11-30 08:17:00.000
13232,VIP Customers,1,3,7,1328.35,5,5,4,14,189.76,0.030172,232,38.67,147,773,2011,4,2011-04-10 13:48:00.000,2011-11-27 10:39:00.000
16426,VIP Customers,1,12,7,1327.44,5,5,4,14,189.63,0.027344,256,42.67,170,820,2011,3,2011-03-08 15:45:00.000,2011-11-18 13:33:00.000
16016,VIP Customers,1,6,7,1324.91,5,5,4,14,189.27,0.019886,352,58.67,139,526,2010,12,2010-12-08 12:36:00.000,2011-11-24 19:07:00.000
17633,VIP Customers,1,22,4,1324.84,4,4,4,12,331.21,0.044444,90,30.00,59,644,2011,8,2011-08-11 15:43:00.000,2011-11-08 13:25:00.000
16910,VIP Customers,1,0,7,1323.26,5,5,4,14,189.04,0.084337,83,13.83,286,739,2011,9,2011-09-09 14:14:00.000,2011-11-30 14:33:00.000
17490,VIP Customers,1,55,4,1321.22,3,4,4,11,330.30,0.035398,113,37.67,47,640,2011,6,2011-06-16 09:15:00.000,2011-10-06 17:52:00.000
16110,VIP Customers,1,36,3,1320.95,3,4,4,11,440.32,0.011236,267,133.50,283,720,2011,2,2011-02-01 14:01:00.000,2011-10-25 14:35:00.000
14591,VIP Customers,1,6,4,1320.21,5,4,4,13,330.05,0.020101,199,66.33,138,1228,2011,5,2011-05-10 14:09:00.000,2011-11-24 13:57:00.000
12576,VIP Customers,1,26,5,1315.83,4,4,4,12,263.17,0.018519,270,67.50,72,967,2011,2,2011-02-08 11:31:00.000,2011-11-04 10:11:00.000
14511,VIP Customers,1,2,5,1314.81,5,4,4,13,262.96,0.040650,123,30.75,53,784,2011,7,2011-07-29 12:13:00.000,2011-11-28 17:05:00.000
14738,VIP Customers,1,33,7,1314.45,3,5,4,12,187.78,0.025455,275,45.83,39,601,2011,1,2011-01-27 14:10:00.000,2011-10-28 08:56:00.000
14477,VIP Customers,1,10,4,1309.6,5,4,4,13,327.40,0.014337,279,93.00,7,720,2011,2,2011-02-15 15:44:00.000,2011-11-20 11:11:00.000
16120,VIP Customers,1,50,4,1309.14,3,4,4,11,327.28,4.000000,1,0.33,26,878,2011,10,2011-10-11 14:10:00.000,2011-10-11 14:22:00.000
14297,VIP Customers,1,8,4,1305.33,5,4,4,13,326.33,0.015504,258,86.00,48,865,2011,3,2011-03-10 08:31:00.000,2011-11-22 09:06:00.000
15380,VIP Customers,1,37,4,1304.96,3,4,4,11,326.24,0.012500,320,106.67,22,322,2010,12,2010-12-09 15:01:00.000,2011-10-24 10:30:00.000
13168,VIP Customers,1,27,4,1299.59,4,4,4,12,324.90,0.014134,283,94.33,102,670,2011,1,2011-01-25 13:55:00.000,2011-11-03 12:56:00.000
16464,VIP Customers,1,10,3,1298.66,5,4,4,13,432.89,0.024194,124,62.00,152,952,2011,7,2011-07-20 13:53:00.000,2011-11-20 12:11:00.000
17961,VIP Customers,1,12,39,1296.44,5,5,4,14,33.24,0.110795,352,9.26,211,560,2010,12,2010-12-02 19:18:00.000,2011-11-18 16:55:00.000
16224,VIP Customers,1,48,4,1295.3,3,4,4,11,323.83,0.020725,193,64.33,90,1116,2011,4,2011-04-04 12:00:00.000,2011-10-13 17:51:00.000
16744,VIP Customers,1,2,7,1291.91,5,5,4,14,184.56,0.042945,163,27.17,198,798,2011,6,2011-06-19 15:13:00.000,2011-11-28 13:06:00.000
14856,VIP Customers,1,27,3,1290.53,4,4,4,12,430.18,0.142857,21,10.50,65,711,2011,10,2011-10-14 09:35:00.000,2011-11-03 14:53:00.000
14071,VIP Customers,1,10,6,1282.99,5,5,4,14,213.83,0.024390,246,49.20,210,866,2011,3,2011-03-20 11:33:00.000,2011-11-20 14:07:00.000
13538,VIP Customers,1,34,7,1280.85,3,5,4,12,182.98,0.025641,273,45.50,10,175,2011,1,2011-01-28 10:40:00.000,2011-10-27 16:34:00.000
14608,VIP Customers,1,20,3,1277.6,4,4,4,12,425.87,0.008982,334,167.00,8,312,2010,12,2010-12-12 14:49:00.000,2011-11-10 18:37:00.000
14898,VIP Customers,1,14,6,1269.31,4,5,4,13,211.55,0.017192,349,69.80,86,1001,2010,12,2010-12-03 15:25:00.000,2011-11-16 14:54:00.000
14916,VIP Customers,1,61,4,1268.98,3,4,4,11,317.24,0.015686,255,85.00,72,1136,2011,1,2011-01-19 15:30:00.000,2011-09-30 09:20:00.000
15199,VIP Customers,1,50,4,1268.7,3,4,4,11,317.17,0.016000,250,83.33,5,396,2011,2,2011-02-04 14:04:00.000,2011-10-11 15:12:00.000
16660,VIP Customers,1,7,4,1267.65,5,4,4,13,316.91,0.013158,304,101.33,16,571,2011,1,2011-01-24 12:44:00.000,2011-11-23 14:53:00.000
17158,VIP Customers,1,23,3,1266.97,4,4,4,12,422.32,0.009119,329,164.50,53,778,2010,12,2010-12-14 13:03:00.000,2011-11-07 15:15:00.000
17388,VIP Customers,1,68,4,1259.56,3,4,4,11,314.89,0.018957,211,70.33,13,1068,2011,2,2011-02-25 12:28:00.000,2011-09-23 10:31:00.000
15009,VIP Customers,1,3,3,1259.43,5,4,4,13,419.81,0.214286,14,7.00,148,639,2011,11,2011-11-14 17:40:00.000,2011-11-27 13:35:00.000
17019,VIP Customers,1,2,4,1258.08,5,4,4,13,314.52,0.011173,358,119.33,166,820,2010,12,2010-12-06 12:55:00.000,2011-11-28 13:06:00.000
16639,VIP Customers,1,22,3,1257.51,4,4,4,12,419.17,0.014634,205,102.50,48,510,2011,4,2011-04-18 09:31:00.000,2011-11-08 13:20:00.000
17262,VIP Customers,1,43,5,1253.36,3,4,4,11,250.67,0.015873,315,78.75,9,367,2010,12,2010-12-08 13:30:00.000,2011-10-18 12:56:00.000
15172,VIP Customers,1,61,4,1247.95,3,4,4,11,311.99,0.023952,167,55.67,82,1225,2011,4,2011-04-17 11:56:00.000,2011-09-30 13:15:00.000
14383,VIP Customers,1,29,3,1247.69,4,4,4,12,415.90,0.023810,126,63.00,49,817,2011,6,2011-06-29 10:18:00.000,2011-11-01 15:53:00.000
13029,VIP Customers,1,21,3,1247.5,4,4,4,12,415.83,0.009259,324,162.00,8,134,2010,12,2010-12-21 13:53:00.000,2011-11-09 09:13:00.000
12494,VIP Customers,1,6,7,1246.1,5,5,4,14,178.01,0.019943,351,58.50,63,707,2010,12,2010-12-09 11:31:00.000,2011-11-24 09:34:00.000
16531,VIP Customers,1,13,7,1244.59,4,5,4,13,177.80,0.020649,339,56.50,68,915,2010,12,2010-12-14 13:19:00.000,2011-11-17 16:29:00.000
15453,VIP Customers,1,26,6,1236.49,4,5,4,13,206.08,0.039216,153,30.60,161,770,2011,6,2011-06-05 12:37:00.000,2011-11-04 12:21:00.000
18171,VIP Customers,1,49,5,1231.31,3,4,4,11,246.26,0.018116,276,69.00,43,481,2011,1,2011-01-10 09:55:00.000,2011-10-12 09:13:00.000
15392,VIP Customers,1,21,3,1231.12,4,4,4,12,410.37,0.009063,331,165.50,64,1070,2010,12,2010-12-14 15:50:00.000,2011-11-09 13:37:00.000
14913,VIP Customers,1,26,4,1227.43,4,4,4,12,306.86,0.012308,325,108.33,76,1743,2010,12,2010-12-15 14:35:00.000,2011-11-04 08:29:00.000
12997,VIP Customers,1,13,4,1226.89,4,4,4,12,306.72,0.013514,296,98.67,45,664,2011,1,2011-01-26 15:49:00.000,2011-11-17 15:47:00.000
15841,VIP Customers,1,63,4,1224.06,3,4,4,11,306.02,0.014981,267,89.00,36,942,2011,1,2011-01-05 11:25:00.000,2011-09-28 12:15:00.000
13309,VIP Customers,1,36,4,1221.91,3,4,4,11,305.48,0.015152,264,88.00,77,1228,2011,2,2011-02-04 12:29:00.000,2011-10-25 13:16:00.000
15376,VIP Customers,1,31,3,1221.56,4,4,4,12,407.19,0.016393,183,91.50,100,615,2011,5,2011-05-01 13:45:00.000,2011-10-30 15:04:00.000
15227,VIP Customers,1,27,5,1219.4,4,4,4,12,243.88,0.017730,282,70.50,43,750,2011,1,2011-01-26 15:31:00.000,2011-11-03 11:59:00.000
13208,VIP Customers,1,49,6,1217.65,3,5,4,12,202.94,0.023810,252,50.40,124,803,2011,2,2011-02-03 19:32:00.000,2011-10-12 09:54:00.000
13491,VIP Customers,1,42,10,1215.82,3,5,4,12,121.58,0.031056,322,35.78,73,903,2010,12,2010-12-02 14:30:00.000,2011-10-19 08:32:00.000
17410,VIP Customers,1,7,5,1214.72,5,4,4,13,242.94,0.025000,200,50.00,57,616,2011,5,2011-05-08 15:21:00.000,2011-11-23 15:46:00.000
18263,VIP Customers,1,16,3,1213.16,4,4,4,12,404.39,0.013158,228,114.00,59,1468,2011,4,2011-04-01 11:48:00.000,2011-11-14 09:00:00.000
12464,VIP Customers,1,1,8,1212.05,5,5,4,14,151.51,0.026667,300,42.86,6,112,2011,2,2011-02-03 13:30:00.000,2011-11-29 13:33:00.000
17653,VIP Customers,1,27,4,1207.56,4,4,4,12,301.89,0.047059,85,28.33,44,1409,2011,8,2011-08-11 15:24:00.000,2011-11-03 12:46:00.000
16762,VIP Customers,1,10,3,1207.24,5,4,4,13,402.41,0.023810,126,63.00,51,480,2011,7,2011-07-18 12:52:00.000,2011-11-20 11:43:00.000
16949,VIP Customers,1,31,5,1204.23,3,4,4,11,240.85,0.018051,277,69.25,53,699,2011,1,2011-01-27 12:11:00.000,2011-10-30 11:55:00.000
14684,VIP Customers,1,16,5,1201.51,4,4,4,12,240.30,0.014793,338,84.50,231,821,2010,12,2010-12-12 12:44:00.000,2011-11-14 11:33:00.000
15605,VIP Customers,1,27,5,1198.23,4,4,4,12,239.65,0.014793,338,84.50,61,441,2010,12,2010-12-01 13:38:00.000,2011-11-03 14:17:00.000
13118,VIP Customers,1,10,5,1197.81,5,4,4,13,239.56,0.018519,270,67.50,68,410,2011,2,2011-02-24 12:32:00.000,2011-11-20 12:46:00.000
17720,VIP Customers,1,17,4,1195.94,4,4,4,12,298.98,0.011696,342,114.00,39,576,2010,12,2010-12-07 10:43:00.000,2011-11-13 15:04:00.000
15737,VIP Customers,1,5,8,1188.12,5,5,4,14,148.51,0.034934,229,32.71,60,597,2011,4,2011-04-11 10:01:00.000,2011-11-25 11:21:00.000
16612,VIP Customers,1,23,4,1187.66,4,4,4,12,296.92,0.014286,280,93.33,48,506,2011,2,2011-02-01 10:38:00.000,2011-11-07 07:38:00.000
17800,VIP Customers,1,28,9,1187.21,4,5,4,13,131.91,0.030201,298,37.25,51,732,2011,1,2011-01-09 13:50:00.000,2011-11-02 12:57:00.000
14178,VIP Customers,1,19,6,1181.79,4,5,4,13,196.96,0.038710,155,31.00,160,987,2011,6,2011-06-10 12:51:00.000,2011-11-11 12:10:00.000
16950,VIP Customers,1,47,3,1178.56,3,4,4,11,392.85,0.009615,312,156.00,39,644,2010,12,2010-12-07 15:20:00.000,2011-10-14 09:06:00.000
16042,VIP Customers,1,13,5,1177.47,4,4,4,12,235.49,0.016077,311,77.75,68,743,2011,1,2011-01-11 13:25:00.000,2011-11-17 17:50:00.000
14719,VIP Customers,1,1,4,1175.42,5,4,4,13,293.85,0.016667,240,80.00,153,772,2011,4,2011-04-04 14:17:00.000,2011-11-29 12:52:00.000
12640,VIP Customers,1,14,3,1174.58,4,4,4,12,391.53,0.050847,59,29.50,47,311,2011,9,2011-09-19 12:01:00.000,2011-11-16 11:52:00.000
13500,VIP Customers,1,14,3,1166.77,4,4,4,12,388.92,0.030000,100,50.00,60,609,2011,8,2011-08-09 12:20:00.000,2011-11-16 15:35:00.000
14487,VIP Customers,1,17,6,1165.48,4,5,4,13,194.25,0.017493,343,68.60,112,712,2010,12,2010-12-06 13:22:00.000,2011-11-13 12:17:00.000
14447,VIP Customers,1,9,5,1163.23,5,5,4,14,232.65,0.019011,263,65.75,54,571,2011,3,2011-03-04 10:49:00.000,2011-11-21 08:28:00.000
13499,VIP Customers,1,8,5,1159.11,5,5,4,14,231.82,0.019763,253,63.25,31,1365,2011,3,2011-03-15 08:52:00.000,2011-11-22 11:21:00.000
16184,VIP Customers,1,55,6,1158.79,3,5,4,12,193.13,0.040541,148,29.60,26,561,2011,5,2011-05-12 13:33:00.000,2011-10-06 17:43:00.000
17867,VIP Customers,1,21,6,1157.87,4,5,4,13,192.98,0.023166,259,51.80,62,508,2011,2,2011-02-24 12:25:00.000,2011-11-09 14:15:00.000
17348,VIP Customers,1,5,5,1156.6,5,4,4,13,231.32,0.017606,284,71.00,180,1398,2011,2,2011-02-15 10:49:00.000,2011-11-25 11:25:00.000
16637,VIP Customers,1,23,4,1154.47,4,4,4,12,288.62,0.020619,194,64.67,66,927,2011,4,2011-04-28 10:20:00.000,2011-11-07 13:17:00.000
16062,VIP Customers,1,0,4,1153.62,5,4,4,13,288.41,0.011236,356,118.67,50,800,2010,12,2010-12-10 12:00:00.000,2011-11-30 12:15:00.000
13159,VIP Customers,1,41,3,1146.79,3,4,4,11,382.26,0.045455,66,33.00,95,806,2011,8,2011-08-16 11:44:00.000,2011-10-20 13:20:00.000
17135,VIP Customers,1,7,7,1139.73,5,5,4,14,162.82,0.019663,356,59.33,34,1224,2010,12,2010-12-03 09:31:00.000,2011-11-23 16:48:00.000
17302,VIP Customers,1,5,5,1135.63,5,4,4,13,227.13,0.017123,292,73.00,68,575,2011,2,2011-02-07 10:14:00.000,2011-11-25 09:36:00.000
13310,VIP Customers,1,19,3,1132.03,4,4,4,12,377.34,0.010101,297,148.50,65,587,2011,1,2011-01-19 14:50:00.000,2011-11-11 17:23:00.000
18125,VIP Customers,1,20,4,1131.75,4,4,4,12,282.94,0.013889,288,96.00,164,800,2011,1,2011-01-27 15:02:00.000,2011-11-10 12:29:00.000
13447,VIP Customers,1,14,3,1129.14,4,4,4,12,376.38,0.230769,13,6.50,55,584,2011,11,2011-11-04 10:10:00.000,2011-11-16 13:38:00.000
14824,VIP Customers,1,1,4,1127.71,5,4,4,13,281.93,0.048780,82,27.33,19,525,2011,9,2011-09-09 14:12:00.000,2011-11-29 14:20:00.000
17470,VIP Customers,1,35,5,1125.07,3,4,4,11,225.01,0.015432,324,81.00,67,1675,2010,12,2010-12-07 09:57:00.000,2011-10-26 12:42:00.000
13772,VIP Customers,1,24,3,1122.63,4,4,4,12,374.21,0.014493,207,103.50,141,540,2011,4,2011-04-14 12:31:00.000,2011-11-06 11:43:00.000
17562,VIP Customers,1,5,7,1122.38,5,5,4,14,160.34,0.043750,160,26.67,48,817,2011,6,2011-06-19 13:06:00.000,2011-11-25 14:21:00.000
14723,VIP Customers,1,1,6,1122.36,5,5,4,14,187.06,0.016575,362,72.40,193,673,2010,12,2010-12-03 14:18:00.000,2011-11-29 15:23:00.000
16086,VIP Customers,1,50,5,1121.39,3,4,4,11,224.28,0.016181,309,77.25,24,511,2010,12,2010-12-07 13:45:00.000,2011-10-11 13:09:00.000
17894,VIP Customers,1,62,8,1118.96,3,5,4,12,139.87,0.027027,296,42.29,127,404,2010,12,2010-12-08 14:50:00.000,2011-09-29 09:23:00.000
15602,VIP Customers,1,13,8,1117.03,4,5,4,13,139.63,0.023055,347,49.57,29,933,2010,12,2010-12-06 15:35:00.000,2011-11-17 19:52:00.000
16350,VIP Customers,1,12,4,1116.47,5,4,4,13,279.12,0.012780,313,104.33,40,545,2011,1,2011-01-10 09:44:00.000,2011-11-18 15:53:00.000
14794,VIP Customers,1,0,6,1115.05,5,5,4,14,185.84,0.018405,326,65.20,62,515,2011,1,2011-01-09 16:11:00.000,2011-11-30 09:00:00.000
12679,VIP Customers,1,49,4,1113.02,3,4,4,11,278.25,0.017699,226,75.33,43,554,2011,3,2011-03-01 12:26:00.000,2011-10-12 12:30:00.000
17609,VIP Customers,1,31,5,1105.78,4,4,4,12,221.16,0.017361,288,72.00,199,719,2011,1,2011-01-16 16:23:00.000,2011-10-30 12:28:00.000
13064,VIP Customers,1,3,4,1105.59,5,4,4,13,276.40,0.012658,316,105.33,51,514,2011,1,2011-01-16 13:41:00.000,2011-11-27 12:31:00.000
14948,VIP Customers,1,14,6,1101.97,4,5,4,13,183.66,0.030457,197,39.40,56,673,2011,5,2011-05-04 14:52:00.000,2011-11-16 17:16:00.000
14744,VIP Customers,1,7,7,1099.98,5,5,4,14,157.14,0.019943,351,58.50,21,627,2010,12,2010-12-08 10:21:00.000,2011-11-23 12:51:00.000
17966,VIP Customers,1,28,5,1098.43,4,4,4,12,219.69,0.022222,225,56.25,53,2571,2011,3,2011-03-23 17:25:00.000,2011-11-02 10:26:00.000
14971,VIP Customers,1,26,3,1097.98,4,4,4,12,365.99,0.333333,9,4.50,144,639,2011,10,2011-10-27 13:33:00.000,2011-11-04 17:07:00.000
16794,VIP Customers,1,1,9,1097.09,5,5,4,14,121.90,0.052632,171,21.38,131,860,2011,6,2011-06-12 14:15:00.000,2011-11-29 12:46:00.000
16225,VIP Customers,1,35,5,1096.32,3,4,4,11,219.26,0.021368,234,58.50,109,493,2011,3,2011-03-07 12:17:00.000,2011-10-26 08:30:00.000
15910,VIP Customers,1,6,7,1095.53,5,5,4,14,156.50,0.023179,302,50.33,209,855,2011,1,2011-01-27 11:55:00.000,2011-11-24 16:59:00.000
13652,VIP Customers,1,36,3,1095.08,3,4,4,11,365.03,0.009259,324,162.00,48,578,2010,12,2010-12-06 09:21:00.000,2011-10-25 08:51:00.000
15745,VIP Customers,1,10,4,1094.59,5,4,4,13,273.65,0.018349,218,72.67,57,421,2011,4,2011-04-17 13:04:00.000,2011-11-20 13:45:00.000
15608,VIP Customers,1,19,4,1093.68,4,4,4,12,273.42,0.043011,93,31.00,59,714,2011,8,2011-08-11 09:56:00.000,2011-11-11 13:20:00.000
16989,VIP Customers,1,6,5,1093.65,5,5,4,14,218.73,0.036765,136,34.00,7,1209,2011,7,2011-07-12 09:11:00.000,2011-11-24 17:32:00.000
12952,VIP Customers,1,34,3,1090.06,3,4,4,11,363.35,0.083333,36,18.00,55,534,2011,9,2011-09-22 16:37:00.000,2011-10-27 17:00:00.000
16929,VIP Customers,1,8,6,1089.45,5,5,4,14,181.57,0.043165,139,27.80,45,723,2011,7,2011-07-07 12:39:00.000,2011-11-22 15:36:00.000
13610,VIP Customers,1,3,7,1082.33,5,5,4,14,154.62,0.025547,274,45.67,165,488,2011,2,2011-02-27 14:44:00.000,2011-11-27 15:38:00.000
16094,VIP Customers,1,2,4,1078.23,5,4,4,13,269.56,0.019139,209,69.67,48,647,2011,5,2011-05-04 13:57:00.000,2011-11-28 12:45:00.000
16049,VIP Customers,1,31,3,1074.81,3,4,4,11,358.27,0.083333,36,18.00,248,763,2011,9,2011-09-25 14:33:00.000,2011-10-30 13:19:00.000
13131,VIP Customers,1,14,3,1073.3,4,4,4,12,357.77,0.018182,165,82.50,30,447,2011,6,2011-06-05 10:54:00.000,2011-11-16 13:21:00.000
15712,VIP Customers,1,0,5,1072.36,5,4,4,13,214.47,0.017921,279,69.75,41,486,2011,2,2011-02-25 11:32:00.000,2011-11-30 14:09:00.000
15238,VIP Customers,1,20,3,1071.99,4,4,4,12,357.33,0.019231,156,78.00,49,692,2011,6,2011-06-08 16:00:00.000,2011-11-10 14:28:00.000
17412,VIP Customers,1,14,6,1071.66,4,5,4,13,178.61,0.017143,350,70.00,44,652,2010,12,2010-12-02 16:29:00.000,2011-11-16 12:21:00.000
17041,VIP Customers,1,17,3,1071.49,4,4,4,12,357.16,0.008955,335,167.50,59,927,2010,12,2010-12-14 11:43:00.000,2011-11-13 11:21:00.000
16918,VIP Customers,1,40,6,1068.82,3,5,4,12,178.14,0.022305,269,53.80,97,721,2011,1,2011-01-26 17:37:00.000,2011-10-21 12:50:00.000
15436,VIP Customers,1,3,3,1067.75,5,4,4,13,355.92,0.013453,223,111.50,243,574,2011,4,2011-04-19 16:52:00.000,2011-11-27 16:05:00.000
15027,VIP Customers,1,21,4,1066.15,4,4,4,12,266.54,0.019139,209,69.67,30,565,2011,4,2011-04-15 14:14:00.000,2011-11-09 10:16:00.000
14698,VIP Customers,1,6,4,1065.09,5,4,4,13,266.27,0.108108,37,12.33,116,504,2011,10,2011-10-19 12:54:00.000,2011-11-24 11:10:00.000
15801,VIP Customers,1,37,3,1063.95,3,4,4,11,354.65,0.046875,64,32.00,61,570,2011,8,2011-08-22 09:53:00.000,2011-10-24 13:52:00.000
12936,VIP Customers,1,8,4,1063.9,5,4,4,13,265.98,0.064516,62,20.67,56,559,2011,9,2011-09-22 13:51:00.000,2011-11-22 17:32:00.000
15706,VIP Customers,1,54,4,1060.56,3,4,4,11,265.14,0.074074,54,18.00,50,321,2011,8,2011-08-15 14:32:00.000,2011-10-07 10:09:00.000
14931,VIP Customers,1,13,4,1059.28,4,4,4,12,264.82,0.018265,219,73.00,27,357,2011,4,2011-04-13 09:32:00.000,2011-11-17 09:25:00.000
17214,VIP Customers,1,51,6,1059.12,3,5,4,12,176.52,0.020000,300,60.00,79,272,2010,12,2010-12-15 15:14:00.000,2011-10-10 13:17:00.000
14419,VIP Customers,1,1,6,1051.79,5,5,4,14,175.30,0.016901,355,71.00,112,483,2010,12,2010-12-10 10:56:00.000,2011-11-29 11:22:00.000
16416,VIP Customers,1,17,3,1051.4,4,4,4,12,350.47,0.096774,31,15.50,59,672,2011,10,2011-10-14 13:35:00.000,2011-11-13 12:50:00.000
15329,VIP Customers,1,30,3,1049.7,4,4,4,12,349.90,0.022556,133,66.50,51,486,2011,6,2011-06-21 10:37:00.000,2011-10-31 15:36:00.000
17287,VIP Customers,1,17,7,1049.06,4,5,4,13,149.87,0.020173,347,57.83,88,556,2010,12,2010-12-02 12:22:00.000,2011-11-13 13:27:00.000
15839,VIP Customers,1,24,3,1048.49,4,4,4,12,349.50,0.025862,116,58.00,56,675,2011,7,2011-07-14 16:35:00.000,2011-11-06 13:54:00.000
16728,VIP Customers,1,37,4,1048.28,3,4,4,11,262.07,0.018265,219,73.00,218,671,2011,3,2011-03-20 13:28:00.000,2011-10-24 14:36:00.000
12919,VIP Customers,1,7,5,1047.29,5,5,4,14,209.46,0.032468,154,38.50,32,537,2011,6,2011-06-23 09:22:00.000,2011-11-23 10:38:00.000
15407,VIP Customers,1,24,4,1046.74,4,4,4,12,261.68,0.014652,273,91.00,142,552,2011,2,2011-02-07 13:18:00.000,2011-11-06 11:55:00.000
13719,VIP Customers,1,6,5,1041.68,5,4,4,13,208.34,0.022727,220,55.00,56,609,2011,4,2011-04-19 13:56:00.000,2011-11-24 15:26:00.000
18221,VIP Customers,1,13,5,1041.61,4,4,4,12,208.32,0.026316,190,47.50,59,791,2011,5,2011-05-12 14:13:00.000,2011-11-17 14:40:00.000
15145,VIP Customers,1,34,3,1036.37,3,4,4,11,345.46,0.014563,206,103.00,46,628,2011,4,2011-04-05 15:20:00.000,2011-10-27 12:33:00.000
12691,VIP Customers,1,19,6,1035.8,4,5,4,13,172.63,0.018182,330,66.00,21,394,2010,12,2010-12-17 14:46:00.000,2011-11-11 16:49:00.000
12599,VIP Customers,1,20,7,1032.58,4,5,4,13,147.51,0.025362,276,46.00,32,956,2011,2,2011-02-08 13:28:00.000,2011-11-10 13:34:00.000
17676,VIP Customers,1,49,5,1023.58,3,4,4,11,204.72,0.016181,309,77.25,40,706,2010,12,2010-12-08 13:49:00.000,2011-10-12 14:21:00.000
14428,VIP Customers,1,27,4,1022.2,4,4,4,12,255.55,0.013793,290,96.67,102,352,2011,1,2011-01-18 16:39:00.000,2011-11-03 16:30:00.000
17096,VIP Customers,1,6,4,1022.13,5,4,4,13,255.53,0.016194,247,82.33,46,339,2011,3,2011-03-23 12:05:00.000,2011-11-24 15:01:00.000
13728,VIP Customers,1,27,6,1016.14,4,5,4,13,169.36,0.021818,275,55.00,38,458,2011,2,2011-02-02 12:09:00.000,2011-11-03 10:49:00.000
12642,VIP Customers,1,16,3,1013.26,4,4,4,12,337.75,0.036145,83,41.50,39,552,2011,8,2011-08-24 09:23:00.000,2011-11-14 15:03:00.000
14775,VIP Customers,1,49,3,1011.9,3,4,4,11,337.30,0.009524,315,157.50,57,1174,2010,12,2010-12-02 16:38:00.000,2011-10-12 15:27:00.000
17951,VIP Customers,1,30,3,1008.54,4,4,4,12,336.18,0.008955,335,167.50,18,616,2010,12,2010-12-01 12:40:00.000,2011-10-31 12:30:00.000
14631,VIP Customers,1,41,3,1006.98,3,4,4,11,335.66,0.012048,249,124.50,38,622,2011,2,2011-02-14 09:31:00.000,2011-10-20 11:17:00.000
13429,VIP Customers,1,1,4,1006.8,5,4,4,13,251.70,0.060606,66,22.00,55,1390,2011,9,2011-09-25 15:59:00.000,2011-11-29 09:10:00.000
13867,VIP Customers,1,22,3,1005.09,4,4,4,12,335.03,0.015957,188,94.00,51,501,2011,5,2011-05-05 17:28:00.000,2011-11-08 15:48:00.000
14214,VIP Customers,1,21,5,1004.38,4,4,4,12,200.88,0.020161,248,62.00,64,751,2011,3,2011-03-07 12:26:00.000,2011-11-09 10:31:00.000
13410,VIP Customers,1,15,5,1003.06,4,4,4,12,200.61,0.018657,268,67.00,15,518,2011,2,2011-02-21 14:38:00.000,2011-11-15 15:33:00.000
12364,VIP Customers,1,31,3,1002.78,4,4,4,12,334.26,0.041096,73,36.50,47,1004,2011,8,2011-08-19 15:24:00.000,2011-10-30 15:43:00.000
13882,VIP Customers,1,2,4,998.05,5,4,4,13,249.51,0.074074,54,18.00,43,629,2011,10,2011-10-06 15:28:00.000,2011-11-28 13:08:00.000
15110,VIP Customers,1,14,4,996.1,4,4,4,12,249.03,0.013514,296,98.67,17,246,2011,1,2011-01-25 11:41:00.000,2011-11-16 11:16:00.000
16232,VIP Customers,1,34,4,990.88,3,4,4,11,247.72,0.023121,173,57.67,24,550,2011,5,2011-05-08 14:05:00.000,2011-10-27 12:16:00.000
14514,VIP Customers,1,52,3,990.2,3,4,4,11,330.07,0.011070,271,135.50,65,564,2011,1,2011-01-12 15:22:00.000,2011-10-09 16:05:00.000
15062,VIP Customers,1,62,4,987.86,3,4,4,11,246.97,0.013841,289,96.33,47,763,2010,12,2010-12-15 15:37:00.000,2011-09-29 16:51:00.000
14102,VIP Customers,1,2,4,987.38,5,4,4,13,246.84,0.117647,34,11.33,34,679,2011,10,2011-10-26 12:46:00.000,2011-11-28 10:20:00.000
17324,VIP Customers,1,8,4,986.48,5,4,4,13,246.62,0.011429,350,116.67,43,843,2010,12,2010-12-08 12:45:00.000,2011-11-22 10:34:00.000
13117,VIP Customers,1,12,8,984.91,5,5,4,14,123.11,0.022727,352,50.29,66,945,2010,12,2010-12-02 13:11:00.000,2011-11-18 12:02:00.000
16188,VIP Customers,1,35,4,981.86,3,4,4,11,245.47,0.020101,199,66.33,65,782,2011,4,2011-04-11 09:44:00.000,2011-10-26 12:19:00.000
16085,VIP Customers,1,14,5,981.51,4,4,4,12,196.30,0.016779,298,74.50,123,636,2011,1,2011-01-23 12:07:00.000,2011-11-16 13:24:00.000
12541,VIP Customers,1,20,3,981.18,4,4,4,12,327.06,0.011905,252,126.00,46,680,2011,3,2011-03-04 09:32:00.000,2011-11-10 10:40:00.000
18170,VIP Customers,1,24,3,980.31,4,4,4,12,326.77,0.016216,185,92.50,29,409,2011,5,2011-05-06 15:13:00.000,2011-11-06 14:35:00.000
15132,VIP Customers,1,9,5,977.93,5,5,4,14,195.59,0.020408,245,61.25,49,679,2011,3,2011-03-22 12:02:00.000,2011-11-21 17:10:00.000
14522,VIP Customers,1,15,4,974.54,4,4,4,12,243.64,0.022857,175,58.33,15,525,2011,5,2011-05-25 16:01:00.000,2011-11-15 13:24:00.000
15449,VIP Customers,1,17,3,974.52,4,4,4,12,324.84,0.012712,236,118.00,47,812,2011,3,2011-03-23 10:43:00.000,2011-11-13 15:02:00.000
16009,VIP Customers,1,13,4,972.11,4,4,4,12,243.03,0.028986,138,46.00,68,366,2011,7,2011-07-03 11:26:00.000,2011-11-17 16:51:00.000
13155,VIP Customers,1,24,4,971.76,4,4,4,12,242.94,0.011905,336,112.00,67,497,2010,12,2010-12-06 12:44:00.000,2011-11-06 15:41:00.000
14129,VIP Customers,1,8,4,971.28,5,4,4,13,242.82,0.016393,244,81.33,28,506,2011,3,2011-03-24 08:44:00.000,2011-11-22 12:09:00.000
16899,VIP Customers,1,10,5,969.43,5,4,4,13,193.89,0.014620,342,85.50,66,450,2010,12,2010-12-14 13:11:00.000,2011-11-20 14:31:00.000
15860,VIP Customers,1,31,8,965.16,3,5,4,12,120.65,0.024316,329,47.00,105,437,2010,12,2010-12-06 11:38:00.000,2011-10-30 11:25:00.000
13138,VIP Customers,1,13,6,962.39,4,5,4,13,160.40,0.017094,351,70.20,31,473,2010,12,2010-12-02 15:03:00.000,2011-11-17 16:51:00.000
12697,VIP Customers,1,19,3,957.59,4,4,4,12,319.20,0.021127,142,71.00,37,508,2011,6,2011-06-23 15:44:00.000,2011-11-11 08:47:00.000
14047,VIP Customers,1,64,4,957.46,3,4,4,11,239.37,0.013333,300,100.00,17,272,2010,12,2010-12-02 10:09:00.000,2011-09-27 14:08:00.000
15835,VIP Customers,1,35,4,954.09,3,4,4,11,238.52,0.013937,287,95.67,47,439,2011,1,2011-01-13 10:35:00.000,2011-10-26 15:47:00.000
15421,VIP Customers,1,49,4,950.36,3,4,4,11,237.59,0.015810,253,84.33,40,500,2011,2,2011-02-02 14:36:00.000,2011-10-12 09:20:00.000
13636,VIP Customers,1,27,5,949.12,4,4,4,12,189.82,0.020000,250,62.50,57,592,2011,2,2011-02-27 14:29:00.000,2011-11-03 10:30:00.000
15747,VIP Customers,1,3,3,946.64,5,4,4,13,315.55,0.018634,161,80.50,52,466,2011,6,2011-06-20 11:30:00.000,2011-11-27 12:26:00.000
15289,VIP Customers,1,20,3,939.78,4,4,4,12,313.26,0.013575,221,110.50,43,1008,2011,4,2011-04-04 12:44:00.000,2011-11-10 13:49:00.000
17527,VIP Customers,1,44,4,939.37,3,4,4,11,234.84,0.024096,166,55.33,45,488,2011,5,2011-05-05 13:43:00.000,2011-10-17 12:32:00.000
17227,VIP Customers,1,9,6,939.32,5,5,4,14,156.55,0.017094,351,70.20,28,741,2010,12,2010-12-06 11:16:00.000,2011-11-21 10:51:00.000
15787,VIP Customers,1,17,3,933.259999999999,4,4,4,12,311.09,0.083333,36,18.00,156,534,2011,10,2011-10-09 13:11:00.000,2011-11-13 14:55:00.000
17289,VIP Customers,1,22,3,931.02,4,4,4,12,310.34,0.020000,150,75.00,86,513,2011,6,2011-06-12 13:51:00.000,2011-11-08 12:01:00.000
17552,VIP Customers,1,51,4,930.41,3,4,4,11,232.60,0.012780,313,104.33,43,719,2010,12,2010-12-02 18:45:00.000,2011-10-10 17:00:00.000
16907,VIP Customers,1,20,5,928.76,4,4,4,12,185.75,0.014837,337,84.25,89,286,2010,12,2010-12-09 16:52:00.000,2011-11-10 18:04:00.000
13860,VIP Customers,1,5,4,926.45,5,4,4,13,231.61,0.054795,73,24.33,49,368,2011,9,2011-09-14 09:27:00.000,2011-11-25 13:42:00.000
15312,VIP Customers,1,66,4,924.85,3,4,4,11,231.21,0.014286,280,93.33,42,516,2010,12,2010-12-20 12:51:00.000,2011-09-25 13:10:00.000
13984,VIP Customers,1,17,5,920.51,4,4,4,12,184.10,0.014663,341,85.25,14,679,2010,12,2010-12-08 15:58:00.000,2011-11-13 12:38:00.000
13549,VIP Customers,1,16,7,918.2,4,5,4,13,131.17,0.032110,218,36.33,37,458,2011,4,2011-04-11 13:42:00.000,2011-11-14 09:20:00.000
15253,VIP Customers,1,7,5,918.2,5,4,4,13,183.64,0.032468,154,38.50,52,866,2011,6,2011-06-23 12:19:00.000,2011-11-23 16:22:00.000
16682,VIP Customers,1,48,4,917.14,3,4,4,11,229.29,0.030534,131,43.67,15,870,2011,6,2011-06-05 11:02:00.000,2011-10-13 15:47:00.000
14712,VIP Customers,1,20,3,917.07,4,4,4,12,305.69,0.035714,84,42.00,21,315,2011,8,2011-08-19 13:33:00.000,2011-11-10 12:59:00.000
15707,VIP Customers,1,26,4,916.98,4,4,4,12,229.25,0.076923,52,17.33,126,594,2011,9,2011-09-14 14:19:00.000,2011-11-04 14:35:00.000
17236,VIP Customers,1,3,6,916.13,5,5,4,14,152.69,0.017094,351,70.20,88,474,2010,12,2010-12-12 11:49:00.000,2011-11-27 12:00:00.000
16809,VIP Customers,1,14,5,914.69,4,4,4,12,182.94,0.020833,240,60.00,79,652,2011,3,2011-03-22 15:20:00.000,2011-11-16 15:45:00.000
12346,At Risk,2,316,1,77183.6,1,1,5,7,77183.60,1.000000,1,NULL,1,74215,2011,1,2011-01-18 10:01:00.000,2011-01-18 10:01:00.000
15749,At Risk,2,226,3,44534.3,1,4,5,10,14844.77,0.030612,98,49.00,5,18028,2011,1,2011-01-11 12:55:00.000,2011-04-18 13:20:00.000
15098,At Risk,2,173,3,39916.5,2,3,5,10,13305.50,3.000000,1,0.50,1,121,2011,6,2011-06-10 15:22:00.000,2011-06-10 15:33:00.000
12409,At Risk,2,69,3,11072.67,2,4,5,11,3690.89,0.028571,105,52.50,91,5551,2011,6,2011-06-10 12:19:00.000,2011-09-22 10:38:00.000
16180,At Risk,2,91,8,10254.18,2,5,5,12,1281.77,0.052288,153,21.86,90,5867,2011,4,2011-04-01 10:23:00.000,2011-08-31 16:28:00.000
14769,At Risk,2,73,7,10071.11,2,5,5,12,1438.73,0.025362,276,46.00,713,7036,2010,12,2010-12-17 11:40:00.000,2011-09-18 15:33:00.000
12590,At Risk,2,202,2,9864.26,1,3,5,9,4932.13,2.000000,1,1.00,68,4283,2011,5,2011-05-12 14:46:00.000,2011-05-12 14:52:00.000
13093,At Risk,2,266,8,7832.47,1,5,5,11,979.06,0.080808,99,14.14,97,3961,2010,12,2010-12-01 15:00:00.000,2011-03-09 12:14:00.000
12435,At Risk,2,70,2,7829.89,2,2,5,9,3914.94,0.010582,189,189.00,31,2055,2011,3,2011-03-17 07:40:00.000,2011-09-21 09:06:00.000
12980,At Risk,2,148,9,7374.9,2,5,5,12,819.43,0.044554,202,25.25,6,886,2010,12,2010-12-16 11:36:00.000,2011-07-05 09:34:00.000
16745,At Risk,2,77,17,7180.7,2,5,5,12,422.39,0.075221,226,14.13,148,6719,2011,2,2011-02-01 11:31:00.000,2011-09-14 11:58:00.000
13027,At Risk,2,104,6,6912,2,5,5,12,1152.00,0.024793,242,48.40,6,17280,2010,12,2010-12-20 12:45:00.000,2011-08-18 09:39:00.000
15939,At Risk,2,80,15,6115.01,2,5,5,12,407.67,0.061728,243,17.36,28,4728,2011,1,2011-01-12 12:43:00.000,2011-09-11 11:30:00.000
16553,At Risk,2,154,12,5719.82,2,5,5,12,476.65,0.060606,198,18.00,62,4600,2010,12,2010-12-14 13:58:00.000,2011-06-29 15:42:00.000
17850,At Risk,2,363,34,5391.21,1,5,5,11,158.56,17.000000,2,0.06,21,1733,2010,12,2010-12-01 08:26:00.000,2010-12-02 15:27:00.000
17686,At Risk,2,71,6,5110.09,2,5,5,12,851.68,0.026906,223,44.60,190,2183,2011,2,2011-02-10 10:18:00.000,2011-09-20 11:39:00.000
15032,At Risk,2,247,3,4959.1,1,4,5,10,1653.03,0.027027,111,55.50,29,2968,2010,12,2010-12-08 12:57:00.000,2011-03-28 15:03:00.000
12688,At Risk,2,104,1,4873.81,2,2,5,9,4873.81,1.000000,1,NULL,171,3028,2011,8,2011-08-18 08:49:00.000,2011-08-18 08:49:00.000
13802,At Risk,2,129,3,4599.42,2,3,5,10,1533.14,0.017241,174,87.00,55,2572,2011,2,2011-02-01 12:03:00.000,2011-07-24 10:54:00.000
16984,At Risk,2,79,2,4459.52,2,3,5,10,2229.76,0.046512,43,43.00,354,2380,2011,8,2011-08-01 17:37:00.000,2011-09-12 13:43:00.000
12752,At Risk,2,72,1,4366.78,2,1,5,8,4366.78,1.000000,1,NULL,53,2262,2011,9,2011-09-19 13:32:00.000,2011-09-19 13:32:00.000
14016,At Risk,2,152,4,4341.21,2,4,5,11,1085.30,0.020305,197,65.67,154,2125,2010,12,2010-12-17 14:21:00.000,2011-07-01 11:29:00.000
18251,At Risk,2,78,1,4314.72,2,2,5,9,4314.72,1.000000,1,NULL,16,7824,2011,9,2011-09-13 15:03:00.000,2011-09-13 15:03:00.000
17426,At Risk,2,82,4,4280.59,2,4,5,11,1070.15,0.020833,192,64.00,153,2541,2011,3,2011-03-02 16:34:00.000,2011-09-09 15:51:00.000
18087,At Risk,2,89,2,4055.72,2,3,5,10,2027.86,0.010363,193,193.00,2,3907,2011,2,2011-02-22 10:43:00.000,2011-09-02 15:12:00.000
12378,At Risk,2,120,1,4008.62,2,2,5,9,4008.62,1.000000,1,NULL,219,2529,2011,8,2011-08-02 10:34:00.000,2011-08-02 10:34:00.000
18073,At Risk,2,105,12,3859.82,2,5,5,12,321.65,0.142857,84,7.64,23,3102,2011,5,2011-05-26 19:38:00.000,2011-08-17 14:02:00.000
12755,At Risk,2,271,2,3811.95,1,2,5,8,1905.97,0.023256,86,86.00,4,1491,2010,12,2010-12-09 10:44:00.000,2011-03-04 12:42:00.000
13124,At Risk,2,80,3,3756.33,2,3,5,10,1252.11,0.011070,271,135.50,185,2119,2010,12,2010-12-15 15:00:00.000,2011-09-11 12:45:00.000
12502,At Risk,2,86,5,3723.87,2,4,5,11,744.77,0.023256,215,53.75,102,820,2011,2,2011-02-03 10:41:00.000,2011-09-05 11:52:00.000
14364,At Risk,2,99,8,3717.35,2,5,5,12,464.67,0.076923,104,14.86,61,1967,2011,5,2011-05-12 12:56:00.000,2011-08-23 11:01:00.000
15379,At Risk,2,160,7,3703.29,2,5,5,12,529.04,0.036842,190,31.67,145,2305,2010,12,2010-12-16 13:02:00.000,2011-06-23 13:13:00.000
15581,At Risk,2,111,13,3675.77,2,5,5,12,282.75,0.052632,247,20.58,134,283,2010,12,2010-12-08 14:38:00.000,2011-08-11 09:38:00.000
15808,At Risk,2,297,4,3651.27,1,4,5,10,912.82,0.062500,64,21.33,142,1305,2010,12,2010-12-05 13:05:00.000,2011-02-06 14:33:00.000
17230,At Risk,2,255,8,3638.41,1,5,5,11,454.80,0.083333,96,13.71,51,1651,2010,12,2010-12-15 11:22:00.000,2011-03-20 16:12:00.000
13082,At Risk,2,117,9,3613.63,2,5,5,12,401.51,0.042254,213,26.63,63,4324,2011,1,2011-01-05 15:42:00.000,2011-08-05 16:16:00.000
13334,At Risk,2,73,3,3502.32,2,4,5,11,1167.44,0.013393,224,112.00,207,1764,2011,2,2011-02-07 11:42:00.000,2011-09-18 15:21:00.000
15410,At Risk,2,75,8,3450.84,2,5,5,12,431.35,0.044944,178,25.43,48,1200,2011,3,2011-03-23 10:15:00.000,2011-09-16 14:47:00.000
12643,At Risk,2,119,6,3344.64,2,5,5,12,557.44,0.029268,205,41.00,11,1808,2011,1,2011-01-11 11:48:00.000,2011-08-03 12:56:00.000
15764,At Risk,2,79,6,3279.97,2,5,5,12,546.66,0.031746,189,37.80,150,2050,2011,3,2011-03-08 09:23:00.000,2011-09-12 17:58:00.000
17723,At Risk,2,118,6,3276.4,2,5,5,12,546.07,0.068182,88,17.60,4,792,2011,5,2011-05-09 14:44:00.000,2011-08-04 18:37:00.000
13952,At Risk,2,208,2,3251.071,1,3,5,9,1625.54,0.090909,22,22.00,120,1431,2011,4,2011-04-15 09:27:00.000,2011-05-06 09:00:00.000
17593,At Risk,2,82,4,3245.66,2,4,5,11,811.42,0.015267,262,87.33,149,2249,2010,12,2010-12-22 10:29:00.000,2011-09-09 09:52:00.000
17050,At Risk,2,87,6,3185.64,2,5,5,12,530.94,0.029412,204,40.80,169,1595,2011,2,2011-02-13 12:41:00.000,2011-09-04 13:48:00.000
15491,At Risk,2,86,6,3100.09,2,5,5,12,516.68,0.042553,141,28.20,108,1646,2011,4,2011-04-18 10:04:00.000,2011-09-05 15:56:00.000
14565,At Risk,2,86,4,3099.12,2,4,5,11,774.78,0.014981,267,89.00,111,1540,2010,12,2010-12-13 13:25:00.000,2011-09-05 09:07:00.000
13135,At Risk,2,187,1,3096,1,2,5,8,3096.00,1.000000,1,NULL,1,4300,2011,5,2011-05-27 10:52:00.000,2011-05-27 10:52:00.000
13869,At Risk,2,114,4,3083.65,2,4,5,11,770.91,0.017021,235,78.33,234,1709,2010,12,2010-12-17 15:14:00.000,2011-08-08 13:53:00.000
13631,At Risk,2,90,11,3070.42,2,5,5,12,279.13,0.065089,169,16.90,6,467,2011,3,2011-03-17 17:13:00.000,2011-09-01 09:57:00.000
16709,At Risk,2,75,5,3029.87,2,4,5,11,605.97,0.025253,198,49.50,64,851,2011,3,2011-03-03 10:55:00.000,2011-09-16 10:56:00.000
18094,At Risk,2,72,7,3017.3,2,5,5,12,431.04,0.033175,211,35.17,39,2518,2011,2,2011-02-21 08:50:00.000,2011-09-19 09:28:00.000
12754,At Risk,2,226,3,3010.74,1,4,5,10,1003.58,0.040541,74,37.00,49,6481,2011,2,2011-02-04 10:31:00.000,2011-04-18 09:00:00.000
17504,At Risk,2,197,9,2997.03,1,5,5,11,333.00,0.076923,117,14.63,112,1664,2011,1,2011-01-21 11:09:00.000,2011-05-17 12:59:00.000
14307,At Risk,2,79,6,2995.72,2,5,5,12,499.29,0.020979,286,57.20,150,2058,2010,12,2010-12-01 11:41:00.000,2011-09-12 09:38:00.000
14146,At Risk,2,72,4,2965.84,2,4,5,11,741.46,0.014440,277,92.33,122,1777,2010,12,2010-12-17 15:52:00.000,2011-09-19 15:01:00.000
12916,At Risk,2,129,4,2944.95,2,4,5,11,736.24,0.021858,183,61.00,53,1083,2011,1,2011-01-23 10:43:00.000,2011-07-24 10:35:00.000
17444,At Risk,2,138,3,2940.04,2,3,5,10,980.01,0.115385,26,13.00,132,2119,2011,6,2011-06-20 09:04:00.000,2011-07-15 12:05:00.000
15854,At Risk,2,77,10,2839.94,2,5,5,12,283.99,0.036232,276,30.67,70,819,2010,12,2010-12-13 11:47:00.000,2011-09-14 12:25:00.000
16928,At Risk,2,71,17,2814.7,2,5,5,12,165.57,0.057823,294,18.38,69,2092,2010,12,2010-12-01 15:21:00.000,2011-09-20 15:10:00.000
12758,At Risk,2,107,2,2791.59,2,3,5,10,1395.79,0.012422,161,161.00,84,2135,2011,3,2011-03-08 12:05:00.000,2011-08-15 10:22:00.000
12669,At Risk,2,141,3,2744.03,2,3,5,10,914.68,0.028037,107,53.50,98,1115,2011,3,2011-03-28 10:15:00.000,2011-07-12 09:54:00.000
14854,At Risk,2,69,7,2740.03,2,5,5,12,391.43,0.035533,197,32.83,110,1820,2011,3,2011-03-10 12:22:00.000,2011-09-22 17:00:00.000
12840,At Risk,2,134,4,2726.77,2,4,5,11,681.69,0.047619,84,28.00,67,1511,2011,4,2011-04-27 12:21:00.000,2011-07-19 09:29:00.000
15673,At Risk,2,79,4,2726.23,2,4,5,11,681.56,0.016667,240,80.00,107,1451,2011,1,2011-01-16 16:25:00.000,2011-09-12 16:12:00.000
12625,At Risk,2,202,2,2683.82,1,3,5,9,1341.91,0.018349,109,109.00,73,1612,2011,1,2011-01-24 13:27:00.000,2011-05-12 09:54:00.000
14439,At Risk,2,310,1,2661.24,1,1,5,7,2661.24,1.000000,1,NULL,32,526,2011,1,2011-01-24 11:39:00.000,2011-01-24 11:39:00.000
13851,At Risk,2,86,3,2651.46,2,3,5,10,883.82,0.015464,194,97.00,77,1705,2011,2,2011-02-24 17:18:00.000,2011-09-05 12:36:00.000
12520,At Risk,2,70,5,2634.26,2,4,5,11,526.85,0.025641,195,48.75,121,1439,2011,3,2011-03-11 11:35:00.000,2011-09-21 15:23:00.000
18260,At Risk,2,163,6,2628.35,2,5,5,12,438.06,0.032086,187,37.40,86,1475,2010,12,2010-12-16 18:23:00.000,2011-06-20 12:37:00.000
16919,At Risk,2,147,11,2592.25,2,5,5,12,235.66,0.051643,213,21.30,141,1403,2010,12,2010-12-06 12:52:00.000,2011-07-06 13:35:00.000
15245,At Risk,2,125,3,2515.84,2,3,5,10,838.61,0.023438,128,64.00,55,1784,2011,3,2011-03-23 13:42:00.000,2011-07-28 18:56:00.000
14163,At Risk,2,78,4,2445.91,2,4,5,11,611.48,0.026144,153,51.00,36,893,2011,4,2011-04-14 17:33:00.000,2011-09-13 15:18:00.000
17722,At Risk,2,87,4,2424.04,2,4,5,11,606.01,0.014760,271,90.33,111,1595,2010,12,2010-12-08 12:41:00.000,2011-09-04 15:22:00.000
15980,At Risk,2,79,3,2398.86,2,3,5,10,799.62,0.017964,167,83.50,40,1560,2011,3,2011-03-30 15:05:00.000,2011-09-12 09:41:00.000
13141,At Risk,2,75,5,2388.75,2,4,5,11,477.75,0.021552,232,58.00,113,1548,2011,1,2011-01-28 13:04:00.000,2011-09-16 09:54:00.000
16938,At Risk,2,170,3,2386.05,2,3,5,10,795.35,0.023077,130,65.00,205,2318,2011,2,2011-02-04 09:34:00.000,2011-06-13 11:24:00.000
13722,At Risk,2,122,3,2375.41,2,3,5,10,791.80,0.019737,152,76.00,75,1401,2011,3,2011-03-02 11:43:00.000,2011-07-31 12:44:00.000
13908,At Risk,2,70,4,2369.55,2,4,5,11,592.39,0.020202,198,66.00,104,1478,2011,3,2011-03-08 12:04:00.000,2011-09-21 11:49:00.000
14930,At Risk,2,99,3,2362.96,2,3,5,10,787.65,0.017964,167,83.50,116,1160,2011,3,2011-03-10 14:42:00.000,2011-08-23 10:31:00.000
16550,At Risk,2,99,5,2298.97,2,4,5,11,459.79,0.019157,261,65.25,162,1540,2010,12,2010-12-06 13:53:00.000,2011-08-23 11:12:00.000
15704,At Risk,2,131,4,2293.62,2,4,5,11,573.41,0.052632,76,25.33,79,1028,2011,5,2011-05-08 12:42:00.000,2011-07-22 13:35:00.000
16209,At Risk,2,79,5,2262.62,2,4,5,11,452.52,0.031447,159,39.75,37,1179,2011,4,2011-04-07 12:23:00.000,2011-09-12 11:58:00.000
15235,At Risk,2,208,12,2247.51,1,5,5,11,187.29,0.076433,157,14.27,132,1324,2010,12,2010-12-01 17:22:00.000,2011-05-06 09:44:00.000
16735,At Risk,2,69,5,2247.41,2,4,5,11,449.48,0.019455,257,64.25,88,1532,2011,1,2011-01-09 12:53:00.000,2011-09-22 11:49:00.000
15665,At Risk,2,159,2,2222.21,2,3,5,10,1111.11,0.026316,76,76.00,92,1654,2011,4,2011-04-10 15:09:00.000,2011-06-24 14:57:00.000
12653,At Risk,2,139,2,2209.85,2,3,5,10,1104.93,0.013423,149,149.00,37,919,2011,2,2011-02-16 10:53:00.000,2011-07-14 10:41:00.000
15797,At Risk,2,104,4,2207.4,2,4,5,11,551.85,0.019324,207,69.00,8,873,2011,1,2011-01-24 15:47:00.000,2011-08-18 17:04:00.000
15932,At Risk,2,79,7,2195.65,2,5,5,12,313.66,0.034653,202,33.67,76,1931,2011,2,2011-02-23 14:50:00.000,2011-09-12 14:24:00.000
17406,At Risk,2,324,3,2184.42,1,4,5,10,728.14,0.088235,34,17.00,99,780,2010,12,2010-12-08 10:35:00.000,2011-01-10 15:07:00.000
12501,At Risk,2,327,1,2169.39,1,1,5,7,2169.39,1.000000,1,NULL,149,1783,2011,1,2011-01-07 12:28:00.000,2011-01-07 12:28:00.000
16456,At Risk,2,90,5,2158.18,2,4,5,11,431.64,0.018182,275,68.75,80,1147,2010,12,2010-12-01 14:11:00.000,2011-09-01 13:50:00.000
14407,At Risk,2,98,6,2157.73,2,5,5,12,359.62,0.035294,170,34.00,67,1415,2011,3,2011-03-08 11:59:00.000,2011-08-24 14:02:00.000
14828,At Risk,2,187,3,2139.76,1,3,5,9,713.25,0.021277,141,70.50,17,2172,2011,1,2011-01-07 09:50:00.000,2011-05-27 10:16:00.000
18173,At Risk,2,77,4,2106.84,2,4,5,11,526.71,0.021164,189,63.00,23,1220,2011,3,2011-03-10 11:56:00.000,2011-09-14 11:26:00.000
18093,At Risk,2,84,4,2106.52,2,4,5,11,526.63,0.019048,210,70.00,31,1392,2011,2,2011-02-10 12:15:00.000,2011-09-07 15:43:00.000
14461,At Risk,2,139,3,2103.06,2,3,5,10,701.02,0.026316,114,57.00,173,766,2011,3,2011-03-23 12:15:00.000,2011-07-14 17:11:00.000
17400,At Risk,2,117,5,2097.84,2,4,5,11,419.57,0.021930,228,57.00,175,1088,2010,12,2010-12-21 17:16:00.000,2011-08-05 15:38:00.000
12782,At Risk,2,140,4,2078.67,2,4,5,11,519.67,0.019139,209,69.67,73,958,2010,12,2010-12-17 11:30:00.000,2011-07-13 10:30:00.000
18231,At Risk,2,183,5,2071.77,1,4,5,10,414.35,0.051546,97,24.25,106,819,2011,2,2011-02-24 09:08:00.000,2011-05-31 14:18:00.000
14766,At Risk,2,71,5,2050.85,2,4,5,11,410.17,0.017422,287,71.75,96,1199,2010,12,2010-12-08 15:33:00.000,2011-09-20 09:45:00.000
17597,At Risk,2,204,1,2044.37,1,1,5,7,2044.37,1.000000,1,NULL,55,1176,2011,5,2011-05-10 11:54:00.000,2011-05-10 11:54:00.000
12585,At Risk,2,225,2,2040.1,1,3,5,9,1020.05,0.016949,118,118.00,77,1279,2010,12,2010-12-23 12:58:00.000,2011-04-19 13:39:00.000
17846,At Risk,2,76,1,2033.1,2,1,5,8,2033.10,1.000000,1,NULL,1,1,2011,9,2011-09-15 15:20:00.000,2011-09-15 15:20:00.000
13507,At Risk,2,89,3,2022.79,2,3,5,10,674.26,0.062500,48,24.00,123,1212,2011,7,2011-07-17 11:50:00.000,2011-09-02 15:45:00.000
15341,At Risk,2,71,1,2020.52,2,1,5,8,2020.52,1.000000,1,NULL,17,812,2011,9,2011-09-20 09:40:00.000,2011-09-20 09:40:00.000
13593,At Risk,2,99,5,2011.88,2,5,5,12,402.38,0.021834,229,57.25,77,719,2011,1,2011-01-07 16:32:00.000,2011-08-23 13:35:00.000
15372,At Risk,2,128,1,2007.4,2,2,5,9,2007.40,1.000000,1,NULL,27,2924,2011,7,2011-07-25 16:39:00.000,2011-07-25 16:39:00.000
16098,At Risk,2,78,7,2005.63,2,5,5,12,286.52,0.024390,287,47.83,34,613,2010,12,2010-12-01 09:45:00.000,2011-09-13 09:59:00.000
16754,At Risk,2,363,1,2002.4,1,1,5,7,2002.40,1.000000,1,NULL,2,4280,2010,12,2010-12-02 17:38:00.000,2010-12-02 17:38:00.000
16698,At Risk,2,217,2,1998,1,3,5,9,999.00,0.071429,28,28.00,4,840,2011,3,2011-03-31 13:33:00.000,2011-04-27 10:52:00.000
18097,At Risk,2,117,5,1986.2,2,4,5,11,397.24,0.021834,229,57.25,56,1406,2010,12,2010-12-20 14:49:00.000,2011-08-05 10:32:00.000
17337,At Risk,2,142,4,1981.06,2,4,5,11,495.26,0.025000,160,53.33,421,1247,2011,2,2011-02-02 17:06:00.000,2011-07-11 14:55:00.000
12853,At Risk,2,125,6,1957.1,2,5,4,11,326.18,0.032967,182,36.40,66,800,2011,1,2011-01-28 10:28:00.000,2011-07-28 11:29:00.000
16143,At Risk,2,99,5,1949.36,2,4,4,10,389.87,0.019084,262,65.50,70,715,2010,12,2010-12-05 15:18:00.000,2011-08-23 16:01:00.000
18065,At Risk,2,77,11,1949.19,2,5,4,11,177.20,0.039427,279,27.90,93,863,2010,12,2010-12-10 12:44:00.000,2011-09-14 11:36:00.000
14210,At Risk,2,96,6,1905.84,2,5,4,11,317.64,0.022472,267,53.40,66,760,2010,12,2010-12-03 12:43:00.000,2011-08-26 12:36:00.000
14934,At Risk,2,72,2,1890.94,2,2,4,8,945.47,0.009901,202,202.00,68,1042,2011,3,2011-03-02 11:48:00.000,2011-09-19 10:10:00.000
15641,At Risk,2,96,4,1887.2,2,4,4,10,471.80,0.015686,255,85.00,102,1562,2010,12,2010-12-15 14:45:00.000,2011-08-26 14:04:00.000
14887,At Risk,2,70,1,1862,2,1,4,7,1862.00,1.000000,1,NULL,6,1100,2011,9,2011-09-21 15:32:00.000,2011-09-21 15:32:00.000
14472,At Risk,2,94,8,1852.67,2,5,4,11,231.58,0.031621,253,36.14,153,1135,2010,12,2010-12-19 14:03:00.000,2011-08-28 11:01:00.000
12383,At Risk,2,175,5,1850.56,2,4,4,10,370.11,0.029586,169,42.25,84,1532,2010,12,2010-12-22 14:28:00.000,2011-06-08 08:02:00.000
17873,At Risk,2,71,5,1848.96,2,4,4,10,369.79,0.017007,294,73.50,24,1035,2010,12,2010-12-01 14:54:00.000,2011-09-20 16:41:00.000
14459,At Risk,2,146,1,1837.92,2,2,4,8,1837.92,1.000000,1,NULL,37,760,2011,7,2011-07-07 13:35:00.000,2011-07-07 13:35:00.000
16152,At Risk,2,259,1,1829.04,1,1,4,6,1829.04,1.000000,1,NULL,29,642,2011,3,2011-03-16 09:47:00.000,2011-03-16 09:47:00.000
17787,At Risk,2,143,4,1817.54,2,4,4,10,454.39,0.018182,220,73.33,94,896,2010,12,2010-12-03 13:43:00.000,2011-07-10 11:24:00.000
15260,At Risk,2,91,7,1810.77,2,5,4,11,258.68,0.025641,273,45.50,62,885,2010,12,2010-12-02 12:09:00.000,2011-08-31 13:55:00.000
15812,At Risk,2,98,5,1801.14,2,4,4,10,360.23,0.023697,211,52.75,36,922,2011,1,2011-01-26 12:12:00.000,2011-08-24 14:19:00.000
13562,At Risk,2,72,3,1799.33,2,4,4,10,599.78,0.018182,165,82.50,50,757,2011,4,2011-04-08 12:42:00.000,2011-09-19 10:51:00.000
13134,At Risk,2,76,4,1793.58,2,4,4,10,448.39,0.025641,156,52.00,94,1059,2011,4,2011-04-13 12:57:00.000,2011-09-15 10:35:00.000
14935,At Risk,2,288,1,1784.71,1,2,4,7,1784.71,1.000000,1,NULL,10,935,2011,2,2011-02-15 14:44:00.000,2011-02-15 14:44:00.000
12424,At Risk,2,153,2,1760.96,2,3,4,9,880.48,2.000000,1,1.00,30,740,2011,6,2011-06-30 12:06:00.000,2011-06-30 12:06:00.000
15067,At Risk,2,69,3,1744.76,2,3,4,9,581.59,0.014634,205,102.50,82,954,2011,3,2011-03-02 12:10:00.000,2011-09-22 13:20:00.000
17353,At Risk,2,120,2,1740,2,2,4,8,870.00,0.076923,26,26.00,5,1200,2011,7,2011-07-08 16:17:00.000,2011-08-02 17:19:00.000
17457,At Risk,2,117,5,1737.7,2,4,4,10,347.54,0.023364,214,53.50,14,826,2011,1,2011-01-04 14:33:00.000,2011-08-05 12:48:00.000
13564,At Risk,2,135,3,1724.67,2,4,4,10,574.89,0.013333,225,112.50,68,636,2010,12,2010-12-06 17:26:00.000,2011-07-18 14:33:00.000
12405,At Risk,2,139,1,1710.39,2,2,4,8,1710.39,1.000000,1,NULL,54,857,2011,7,2011-07-14 08:52:00.000,2011-07-14 08:52:00.000
15947,At Risk,2,73,1,1708.24,2,1,4,7,1708.24,1.000000,1,NULL,29,898,2011,9,2011-09-18 10:46:00.000,2011-09-18 10:46:00.000
16902,At Risk,2,107,1,1706.88,2,2,4,8,1706.88,1.000000,1,NULL,43,629,2011,8,2011-08-15 14:17:00.000,2011-08-15 14:17:00.000
16398,At Risk,2,145,2,1705.8,2,3,4,9,852.90,0.020000,100,100.00,75,758,2011,3,2011-03-31 09:38:00.000,2011-07-08 15:16:00.000
17386,At Risk,2,90,5,1697.34,2,4,4,10,339.47,0.074627,67,16.75,8,1022,2011,6,2011-06-27 12:11:00.000,2011-09-01 13:47:00.000
12764,At Risk,2,307,1,1693.88,1,1,4,6,1693.88,1.000000,1,NULL,45,386,2011,1,2011-01-27 10:19:00.000,2011-01-27 10:19:00.000
14245,At Risk,2,210,2,1693.45,1,3,4,8,846.72,0.044444,45,45.00,107,976,2011,3,2011-03-21 10:41:00.000,2011-05-04 08:40:00.000
17152,At Risk,2,185,3,1689.5,1,3,4,8,563.17,0.042857,70,35.00,9,517,2011,3,2011-03-21 16:20:00.000,2011-05-29 12:19:00.000
12635,At Risk,2,80,2,1689.18,2,3,4,9,844.59,0.030303,66,66.00,96,1172,2011,7,2011-07-08 08:43:00.000,2011-09-11 11:04:00.000
13162,At Risk,2,113,4,1688.29,2,4,4,10,422.07,0.018779,213,71.00,74,1713,2011,1,2011-01-09 10:43:00.000,2011-08-09 15:59:00.000
17282,At Risk,2,121,3,1685.46,2,3,4,9,561.82,0.017647,170,85.00,79,1866,2011,2,2011-02-13 11:36:00.000,2011-08-01 14:29:00.000
18245,At Risk,2,140,6,1672.81,2,5,4,11,278.80,0.028986,207,41.40,103,1328,2010,12,2010-12-19 14:58:00.000,2011-07-13 14:29:00.000
15332,At Risk,2,357,4,1661.06,1,4,4,9,415.26,1.000000,4,1.33,29,652,2010,12,2010-12-05 12:00:00.000,2010-12-08 14:43:00.000
12967,At Risk,2,349,2,1660.9,1,2,4,7,830.45,0.142857,14,14.00,19,438,2010,12,2010-12-03 09:49:00.000,2010-12-16 19:10:00.000
14045,At Risk,2,100,4,1659.75,2,4,4,10,414.94,0.015094,265,88.33,4,535,2010,12,2010-12-01 11:32:00.000,2011-08-22 15:27:00.000
12423,At Risk,2,91,7,1650.67,2,5,4,11,235.81,0.027559,254,42.33,86,1136,2010,12,2010-12-21 10:54:00.000,2011-08-31 08:55:00.000
14837,At Risk,2,80,4,1649.5,2,4,4,10,412.38,0.035398,113,37.67,96,1436,2011,5,2011-05-22 12:49:00.000,2011-09-11 10:58:00.000
15002,At Risk,2,106,4,1641.76,2,4,4,10,410.44,0.015810,253,84.33,93,862,2010,12,2010-12-07 13:16:00.000,2011-08-16 10:44:00.000
14573,At Risk,2,170,9,1639.82,2,5,4,11,182.20,0.046392,194,24.25,127,534,2010,12,2010-12-02 19:59:00.000,2011-06-13 11:15:00.000
15122,At Risk,2,105,3,1633.78,2,3,4,9,544.59,0.016304,184,92.00,65,800,2011,2,2011-02-15 09:59:00.000,2011-08-17 16:48:00.000
12377,At Risk,2,306,2,1628.12,1,2,4,7,814.06,0.050000,40,40.00,72,944,2010,12,2010-12-20 09:37:00.000,2011-01-28 15:45:00.000
13425,At Risk,2,99,3,1624.21,2,3,4,9,541.40,0.016043,187,93.50,66,1123,2011,2,2011-02-18 08:34:00.000,2011-08-23 17:13:00.000
14918,At Risk,2,106,2,1610.15,2,3,4,9,805.08,0.050000,40,40.00,39,675,2011,7,2011-07-08 12:50:00.000,2011-08-16 11:50:00.000
12868,At Risk,2,176,6,1607.06,2,5,4,11,267.84,0.031746,189,37.80,72,928,2010,12,2010-12-01 12:50:00.000,2011-06-07 10:42:00.000
12947,At Risk,2,134,6,1603.99,2,5,4,11,267.33,0.025974,231,46.20,83,1165,2010,12,2010-12-01 16:21:00.000,2011-07-19 10:06:00.000
13850,At Risk,2,120,1,1595.48,2,2,4,8,1595.48,1.000000,1,NULL,93,944,2011,8,2011-08-02 14:04:00.000,2011-08-02 14:04:00.000
16801,At Risk,2,154,4,1594.23,2,4,4,10,398.56,0.036036,111,37.00,72,493,2011,3,2011-03-11 13:56:00.000,2011-06-29 15:33:00.000
18178,At Risk,2,119,4,1590.81,2,4,4,10,397.70,0.016878,237,79.00,80,983,2010,12,2010-12-10 12:42:00.000,2011-08-03 09:30:00.000
14442,At Risk,2,195,2,1589.82,1,3,4,8,794.91,0.017699,113,113.00,58,482,2011,1,2011-01-27 09:33:00.000,2011-05-19 11:36:00.000
17827,At Risk,2,233,4,1580.47,1,4,4,9,395.12,0.032520,123,41.00,140,957,2010,12,2010-12-10 10:18:00.000,2011-04-11 16:56:00.000
13814,At Risk,2,83,2,1579.12,2,3,4,9,789.56,0.043478,46,46.00,37,864,2011,7,2011-07-25 13:54:00.000,2011-09-08 13:48:00.000
16889,At Risk,2,185,3,1578.67,1,3,4,8,526.22,0.020979,143,71.50,112,925,2011,1,2011-01-07 10:47:00.000,2011-05-29 11:05:00.000
17204,At Risk,2,166,4,1564.56,2,4,4,10,391.14,0.044944,89,29.67,44,646,2011,3,2011-03-21 12:42:00.000,2011-06-17 14:46:00.000
13659,At Risk,2,196,2,1563,1,3,4,8,781.50,0.017241,116,116.00,92,882,2011,1,2011-01-23 12:08:00.000,2011-05-18 12:37:00.000
17085,At Risk,2,114,5,1562.4,2,4,4,10,312.48,0.020833,240,60.00,115,785,2010,12,2010-12-12 12:24:00.000,2011-08-08 14:15:00.000
18239,At Risk,2,209,5,1561.61,1,4,4,9,312.32,0.032258,155,38.75,80,795,2010,12,2010-12-02 17:48:00.000,2011-05-05 12:38:00.000
14038,At Risk,2,69,3,1560.38,2,4,4,10,520.13,0.023077,130,65.00,64,965,2011,5,2011-05-16 14:05:00.000,2011-09-22 13:37:00.000
12818,At Risk,2,252,1,1542.08,1,1,4,6,1542.08,1.000000,1,NULL,14,929,2011,3,2011-03-23 12:06:00.000,2011-03-23 12:06:00.000
15625,At Risk,2,94,4,1534.26,2,4,4,10,383.57,0.030075,133,44.33,44,1188,2011,4,2011-04-18 14:01:00.000,2011-08-28 10:21:00.000
13320,At Risk,2,69,4,1532.2,2,4,4,10,383.05,0.029412,136,45.33,77,1086,2011,5,2011-05-10 10:29:00.000,2011-09-22 18:07:00.000
16244,At Risk,2,202,2,1522.75,1,3,4,8,761.37,0.012346,162,162.00,88,855,2010,12,2010-12-02 11:41:00.000,2011-05-12 10:18:00.000
14267,At Risk,2,153,3,1516.24,2,3,4,9,505.41,0.030303,99,49.50,25,530,2011,3,2011-03-24 11:38:00.000,2011-06-30 10:09:00.000
13791,At Risk,2,118,2,1516,2,3,4,9,758.00,0.047619,42,42.00,7,1200,2011,6,2011-06-24 16:38:00.000,2011-08-04 11:44:00.000
15265,At Risk,2,142,2,1506.12,2,3,4,9,753.06,0.023529,85,85.00,76,612,2011,4,2011-04-18 12:16:00.000,2011-07-11 14:46:00.000
15157,At Risk,2,145,2,1505.37,2,3,4,9,752.69,0.009756,205,205.00,89,1910,2010,12,2010-12-16 13:44:00.000,2011-07-08 13:26:00.000
14414,At Risk,2,82,7,1496.98,2,5,4,11,213.85,0.026119,268,44.67,79,2512,2010,12,2010-12-16 11:11:00.000,2011-09-09 12:09:00.000
17002,At Risk,2,76,3,1493.73,2,3,4,9,497.91,0.014563,206,103.00,41,679,2011,2,2011-02-22 11:46:00.000,2011-09-15 12:40:00.000
15057,At Risk,2,266,2,1489.5,1,2,4,7,744.75,0.048780,41,41.00,25,668,2011,1,2011-01-28 09:09:00.000,2011-03-09 15:17:00.000
17553,At Risk,2,120,1,1487.6,2,2,4,8,1487.60,1.000000,1,NULL,2,1048,2011,8,2011-08-02 10:00:00.000,2011-08-02 10:00:00.000
14758,At Risk,2,135,4,1484.06,2,4,4,10,371.01,0.034483,116,38.67,54,419,2011,3,2011-03-25 12:10:00.000,2011-07-18 08:21:00.000
14403,At Risk,2,121,4,1475.81,2,4,4,10,368.95,0.033898,118,39.33,17,519,2011,4,2011-04-06 14:23:00.000,2011-08-01 12:57:00.000
16755,At Risk,2,105,3,1475.43,2,3,4,9,491.81,0.014851,202,101.00,133,1058,2011,1,2011-01-28 10:47:00.000,2011-08-17 13:21:00.000
14246,At Risk,2,101,3,1474.06,2,3,4,9,491.35,0.022059,136,68.00,57,804,2011,4,2011-04-08 08:25:00.000,2011-08-21 11:50:00.000
14875,At Risk,2,98,2,1465.32,2,3,4,9,732.66,0.012821,156,156.00,46,558,2011,3,2011-03-22 11:53:00.000,2011-08-24 12:20:00.000
14740,At Risk,2,188,3,1448.21,1,3,4,8,482.74,0.034483,87,43.50,85,735,2011,3,2011-03-01 08:35:00.000,2011-05-26 18:17:00.000
12560,At Risk,2,103,2,1436.31,2,2,4,8,718.15,0.062500,32,32.00,77,820,2011,7,2011-07-19 15:55:00.000,2011-08-19 15:22:00.000
14566,At Risk,2,101,1,1432,2,2,4,8,1432.00,1.000000,1,NULL,4,800,2011,8,2011-08-21 11:05:00.000,2011-08-21 11:05:00.000
16503,At Risk,2,97,4,1431.93,2,4,4,10,357.98,0.015686,255,85.00,71,569,2010,12,2010-12-14 13:50:00.000,2011-08-25 11:46:00.000
13475,At Risk,2,182,4,1431.78,1,4,4,9,357.94,0.037037,108,36.00,64,1012,2011,2,2011-02-14 12:36:00.000,2011-06-01 13:52:00.000
16103,At Risk,2,70,5,1413.14,2,4,4,10,282.63,0.032258,155,38.75,30,556,2011,4,2011-04-20 12:28:00.000,2011-09-21 11:55:00.000
15596,At Risk,2,91,5,1406.59,2,4,4,10,281.32,0.018797,266,66.50,51,561,2010,12,2010-12-09 16:10:00.000,2011-08-31 10:55:00.000
17083,At Risk,2,100,3,1405.78,2,3,4,9,468.59,0.015385,195,97.50,24,772,2011,2,2011-02-09 11:38:00.000,2011-08-22 15:43:00.000
18202,At Risk,2,190,3,1396.99,1,3,4,8,465.66,0.026549,113,56.50,55,581,2011,2,2011-02-01 13:36:00.000,2011-05-24 12:12:00.000
15810,At Risk,2,69,4,1391.98,2,4,4,10,348.00,0.018265,219,73.00,66,861,2011,2,2011-02-16 09:11:00.000,2011-09-22 09:38:00.000
13414,At Risk,2,124,3,1390.5,2,3,4,9,463.50,0.018293,164,82.00,23,1574,2011,2,2011-02-16 12:13:00.000,2011-07-29 11:45:00.000
17311,At Risk,2,69,2,1384.85,2,3,4,9,692.42,0.008368,239,239.00,55,1005,2011,1,2011-01-27 10:56:00.000,2011-09-22 14:11:00.000
13572,At Risk,2,196,1,1384.25,1,2,4,7,1384.25,1.000000,1,NULL,32,534,2011,5,2011-05-18 11:59:00.000,2011-05-18 11:59:00.000
15569,At Risk,2,94,5,1375.71,2,4,4,10,275.14,0.021739,230,57.50,27,666,2011,1,2011-01-11 13:26:00.000,2011-08-28 10:15:00.000
15095,At Risk,2,94,4,1370.6,2,4,4,10,342.65,0.039604,101,33.67,30,1079,2011,5,2011-05-20 14:27:00.000,2011-08-28 12:01:00.000
16493,At Risk,2,70,4,1351.63,2,4,4,10,337.91,0.015936,251,83.67,40,1164,2011,1,2011-01-14 08:16:00.000,2011-09-21 11:10:00.000
12770,At Risk,2,201,1,1351.45,1,2,4,7,1351.45,1.000000,1,NULL,12,743,2011,5,2011-05-13 09:33:00.000,2011-05-13 09:33:00.000
14154,At Risk,2,230,2,1345.62,1,3,4,8,672.81,2.000000,1,1.00,52,465,2011,4,2011-04-14 15:58:00.000,2011-04-14 16:26:00.000
16317,At Risk,2,110,3,1341.65,2,3,4,9,447.22,0.016760,179,89.50,64,890,2011,2,2011-02-15 14:30:00.000,2011-08-12 12:46:00.000
16045,At Risk,2,110,4,1340.7,2,4,4,10,335.18,0.023256,172,57.33,71,897,2011,2,2011-02-22 14:55:00.000,2011-08-12 12:41:00.000
13501,At Risk,2,279,1,1340.32,1,2,4,7,1340.32,1.000000,1,NULL,52,560,2011,2,2011-02-24 18:59:00.000,2011-02-24 18:59:00.000
15734,At Risk,2,105,2,1339.45,2,2,4,8,669.73,0.022989,87,87.00,25,346,2011,5,2011-05-23 14:59:00.000,2011-08-17 10:50:00.000
15237,At Risk,2,69,3,1328.72,2,4,4,10,442.91,0.020000,150,75.00,89,983,2011,4,2011-04-26 15:04:00.000,2011-09-22 15:28:00.000
15146,At Risk,2,155,2,1327.16,2,3,4,9,663.58,0.015625,128,128.00,90,1473,2011,2,2011-02-21 13:07:00.000,2011-06-28 12:09:00.000
16083,At Risk,2,91,2,1317.62,2,3,4,9,658.81,0.007663,261,261.00,31,908,2010,12,2010-12-14 11:51:00.000,2011-08-31 10:47:00.000
12854,At Risk,2,69,3,1316.25,2,4,4,10,438.75,0.012448,241,120.50,95,626,2011,1,2011-01-25 13:35:00.000,2011-09-22 12:15:00.000
14973,At Risk,2,98,3,1314.45,2,3,4,9,438.15,0.025210,119,59.50,29,369,2011,4,2011-04-28 12:22:00.000,2011-08-24 15:51:00.000
13328,At Risk,2,307,1,1308.48,1,1,4,6,1308.48,1.000000,1,NULL,17,680,2011,1,2011-01-27 15:22:00.000,2011-01-27 15:22:00.000
12507,At Risk,2,125,3,1304.81,2,3,4,9,434.94,0.018182,165,82.50,19,894,2011,2,2011-02-14 09:24:00.000,2011-07-28 17:09:00.000
17919,At Risk,2,79,1,1304.04,2,2,4,8,1304.04,1.000000,1,NULL,23,756,2011,9,2011-09-12 13:41:00.000,2011-09-12 13:41:00.000
15813,At Risk,2,198,2,1303.91,1,3,4,8,651.96,0.060606,33,33.00,40,603,2011,4,2011-04-14 09:09:00.000,2011-05-16 08:13:00.000
16370,At Risk,2,73,4,1301.91,2,4,4,10,325.48,0.027778,144,48.00,143,640,2011,4,2011-04-28 16:40:00.000,2011-09-18 15:55:00.000
15108,At Risk,2,132,4,1300.25,2,4,4,10,325.06,0.045977,87,29.00,50,499,2011,4,2011-04-26 10:54:00.000,2011-07-21 10:24:00.000
15171,At Risk,2,322,1,1289.5,1,1,4,6,1289.50,1.000000,1,NULL,5,290,2011,1,2011-01-12 15:36:00.000,2011-01-12 15:36:00.000
17802,At Risk,2,73,3,1285.04,2,4,4,10,428.35,0.010309,291,145.50,102,752,2010,12,2010-12-02 13:44:00.000,2011-09-18 14:56:00.000
16951,At Risk,2,125,3,1277.75,2,3,4,9,425.92,0.017544,171,85.50,73,1318,2011,2,2011-02-08 14:58:00.000,2011-07-28 12:05:00.000
16692,At Risk,2,247,2,1276,1,2,4,7,638.00,0.058824,34,34.00,2,152,2011,2,2011-02-23 15:41:00.000,2011-03-28 14:46:00.000
13492,At Risk,2,127,3,1269.84,2,3,4,9,423.28,0.037975,79,39.50,38,408,2011,5,2011-05-09 10:06:00.000,2011-07-26 14:25:00.000
17037,At Risk,2,78,1,1267.32,2,2,4,8,1267.32,1.000000,1,NULL,75,656,2011,9,2011-09-13 12:49:00.000,2011-09-13 12:49:00.000
14105,At Risk,2,230,1,1266.23,1,1,4,6,1266.23,1.000000,1,NULL,74,800,2011,4,2011-04-14 17:58:00.000,2011-04-14 17:58:00.000
16842,At Risk,2,91,3,1264.19,2,3,4,9,421.40,0.014778,203,101.50,45,693,2011,2,2011-02-10 14:51:00.000,2011-08-31 10:42:00.000
14669,At Risk,2,232,3,1259.24,1,4,4,9,419.75,0.032609,92,46.00,158,770,2011,1,2011-01-11 12:30:00.000,2011-04-12 11:43:00.000
13151,At Risk,2,286,1,1257.87,1,2,4,7,1257.87,1.000000,1,NULL,73,363,2011,2,2011-02-17 12:29:00.000,2011-02-17 12:29:00.000
13848,At Risk,2,83,3,1255,2,3,4,9,418.33,0.010909,275,137.50,3,3700,2010,12,2010-12-08 15:10:00.000,2011-09-08 12:58:00.000
17588,At Risk,2,91,3,1240.2,2,3,4,9,413.40,0.022556,133,66.50,19,676,2011,4,2011-04-21 10:31:00.000,2011-08-31 13:37:00.000
17731,At Risk,2,70,4,1240.11,2,4,4,10,310.03,0.038095,105,35.00,54,493,2011,6,2011-06-09 14:18:00.000,2011-09-21 15:02:00.000
13476,At Risk,2,169,2,1238.47,2,3,4,9,619.24,0.019231,104,104.00,56,417,2011,3,2011-03-03 14:43:00.000,2011-06-14 12:00:00.000
13931,At Risk,2,86,2,1237.53,2,3,4,9,618.76,0.010753,186,186.00,56,725,2011,3,2011-03-04 08:43:00.000,2011-09-05 10:12:00.000
15201,At Risk,2,78,5,1236.54,2,5,4,11,247.31,0.031056,161,40.25,35,1210,2011,4,2011-04-06 14:02:00.000,2011-09-13 14:53:00.000
14250,At Risk,2,80,1,1228.83,2,2,4,8,1228.83,1.000000,1,NULL,74,866,2011,9,2011-09-11 13:44:00.000,2011-09-11 13:44:00.000
15004,At Risk,2,138,1,1220.77,2,2,4,8,1220.77,1.000000,1,NULL,154,623,2011,7,2011-07-15 14:05:00.000,2011-07-15 14:05:00.000
14745,At Risk,2,103,5,1220.26,2,4,4,10,244.05,0.028736,174,43.50,46,1038,2011,2,2011-02-27 15:25:00.000,2011-08-19 10:05:00.000
13055,At Risk,2,69,3,1214.41,2,4,4,10,404.80,0.022059,136,68.00,74,894,2011,5,2011-05-10 08:58:00.000,2011-09-22 14:26:00.000
17774,At Risk,2,87,4,1213.73,2,4,4,10,303.43,0.019048,210,70.00,123,508,2011,2,2011-02-07 13:13:00.000,2011-09-04 12:49:00.000
13158,At Risk,2,85,4,1201.06,2,4,4,10,300.27,0.017778,225,75.00,59,784,2011,1,2011-01-25 09:58:00.000,2011-09-06 11:58:00.000
17320,At Risk,2,91,3,1200.62,2,3,4,9,400.21,0.011152,269,134.50,57,634,2010,12,2010-12-06 15:38:00.000,2011-08-31 13:31:00.000
16496,At Risk,2,198,2,1185.04,1,3,4,8,592.52,0.018182,110,110.00,71,784,2011,1,2011-01-27 09:42:00.000,2011-05-16 10:48:00.000
17058,At Risk,2,72,3,1179.89,2,4,4,10,393.30,0.018868,159,79.50,51,592,2011,4,2011-04-14 09:18:00.000,2011-09-19 10:13:00.000
13752,At Risk,2,115,6,1175.38,2,5,4,11,195.90,0.048780,123,24.60,64,874,2011,4,2011-04-07 12:04:00.000,2011-08-07 14:16:00.000
18168,At Risk,2,167,6,1160.04,2,5,4,11,193.34,0.030457,197,39.40,97,592,2010,12,2010-12-02 18:08:00.000,2011-06-16 19:21:00.000
13611,At Risk,2,80,3,1154.4,2,3,4,9,384.80,0.011070,271,135.50,67,754,2010,12,2010-12-15 10:31:00.000,2011-09-11 14:51:00.000
12710,At Risk,2,87,3,1149.02,2,3,4,9,383.01,0.028302,106,53.00,75,851,2011,5,2011-05-22 14:05:00.000,2011-09-04 12:00:00.000
17505,At Risk,2,152,2,1145.84,2,3,4,9,572.92,0.044444,45,45.00,48,556,2011,5,2011-05-18 09:01:00.000,2011-07-01 12:50:00.000
16766,At Risk,2,264,2,1145.6,1,2,4,7,572.80,2.000000,1,1.00,17,536,2011,3,2011-03-11 13:34:00.000,2011-03-11 15:22:00.000
12769,At Risk,2,229,1,1143.6,1,1,4,6,1143.60,1.000000,1,NULL,32,356,2011,4,2011-04-15 10:25:00.000,2011-04-15 10:25:00.000
17770,At Risk,2,189,5,1143.27,1,4,4,9,228.65,0.058824,85,21.25,33,365,2011,3,2011-03-02 13:35:00.000,2011-05-25 12:34:00.000
17856,At Risk,2,224,3,1142.63,1,4,4,9,380.88,0.061224,49,24.50,6,577,2011,3,2011-03-03 11:40:00.000,2011-04-20 13:13:00.000
15985,At Risk,2,114,2,1142.42,2,2,4,8,571.21,0.017544,114,114.00,29,1086,2011,4,2011-04-17 11:04:00.000,2011-08-08 16:31:00.000
16270,At Risk,2,344,1,1141.24,1,1,4,6,1141.24,1.000000,1,NULL,54,688,2010,12,2010-12-21 14:26:00.000,2010-12-21 14:26:00.000
13330,At Risk,2,83,3,1140.93,2,3,4,9,380.31,0.013393,224,112.00,37,751,2011,1,2011-01-28 10:08:00.000,2011-09-08 12:27:00.000
13819,At Risk,2,292,3,1140.35,1,4,4,9,380.12,0.157895,19,9.50,26,1109,2011,1,2011-01-24 10:38:00.000,2011-02-11 10:38:00.000
16172,At Risk,2,86,5,1140.21,2,4,4,10,228.04,0.034014,147,36.75,52,787,2011,4,2011-04-12 12:02:00.000,2011-09-05 13:22:00.000
17242,At Risk,2,99,2,1135.04,2,3,4,9,567.52,0.027397,73,73.00,30,611,2011,6,2011-06-12 13:04:00.000,2011-08-23 14:55:00.000
16714,At Risk,2,209,3,1129.06,1,4,4,9,376.35,0.030000,100,50.00,77,589,2011,1,2011-01-26 13:40:00.000,2011-05-05 11:09:00.000
12609,At Risk,2,69,3,1126.85,2,4,4,10,375.62,0.012448,241,120.50,57,648,2011,1,2011-01-25 15:13:00.000,2011-09-22 16:34:00.000
13486,At Risk,2,69,3,1122.41,2,4,4,10,374.14,0.038462,78,39.00,69,669,2011,7,2011-07-07 17:19:00.000,2011-09-22 13:13:00.000
16807,At Risk,2,133,3,1121.59,2,3,4,9,373.86,0.023256,129,64.50,57,778,2011,3,2011-03-14 09:46:00.000,2011-07-20 12:00:00.000
14276,At Risk,2,89,3,1119.74,2,3,4,9,373.25,0.015625,192,96.00,52,744,2011,2,2011-02-23 09:38:00.000,2011-09-02 09:45:00.000
17585,At Risk,2,100,4,1116.68,2,4,4,10,279.17,0.017391,230,76.67,176,1650,2011,1,2011-01-05 15:09:00.000,2011-08-22 13:30:00.000
14817,At Risk,2,191,2,1110.34,1,3,4,8,555.17,0.025641,78,78.00,52,655,2011,3,2011-03-07 13:51:00.000,2011-05-23 13:35:00.000
15069,At Risk,2,170,1,1109.53,2,2,4,8,1109.53,1.000000,1,NULL,70,520,2011,6,2011-06-13 14:16:00.000,2011-06-13 14:16:00.000
12399,At Risk,2,110,4,1108.65,2,4,4,10,277.16,0.027972,143,47.67,47,1178,2011,3,2011-03-23 09:42:00.000,2011-08-12 13:15:00.000
12857,At Risk,2,201,2,1106.4,1,3,4,8,553.20,0.021505,93,93.00,37,343,2011,2,2011-02-10 12:32:00.000,2011-05-13 10:20:00.000
15716,At Risk,2,136,4,1101.11,2,4,4,10,275.28,0.017778,225,75.00,101,738,2010,12,2010-12-05 12:26:00.000,2011-07-17 11:59:00.000
17047,At Risk,2,76,3,1100.9,2,4,4,10,366.97,0.024793,121,60.50,59,533,2011,5,2011-05-18 16:50:00.000,2011-09-15 13:27:00.000
14410,At Risk,2,83,9,1100.27,2,5,4,11,122.25,0.042056,214,26.75,153,567,2011,2,2011-02-07 09:36:00.000,2011-09-08 15:08:00.000
14161,At Risk,2,206,3,1097.62,1,4,4,9,365.87,0.019355,155,77.50,87,450,2010,12,2010-12-05 13:18:00.000,2011-05-08 11:41:00.000
12534,At Risk,2,121,1,1089.18,2,2,4,8,1089.18,1.000000,1,NULL,63,651,2011,8,2011-08-01 10:26:00.000,2011-08-01 10:26:00.000
14737,At Risk,2,119,2,1081.75,2,3,4,9,540.88,0.008850,226,226.00,13,303,2010,12,2010-12-21 13:49:00.000,2011-08-03 10:04:00.000
13744,At Risk,2,86,2,1080.52,2,3,4,9,540.26,0.010101,198,198.00,54,1153,2011,2,2011-02-20 14:08:00.000,2011-09-05 15:19:00.000
12354,At Risk,2,223,1,1079.4,1,2,4,7,1079.40,1.000000,1,NULL,58,530,2011,4,2011-04-21 13:11:00.000,2011-04-21 13:11:00.000
14352,At Risk,2,148,4,1078.96,2,4,4,10,269.74,0.034188,117,39.00,44,538,2011,3,2011-03-11 14:58:00.000,2011-07-05 15:41:00.000
13715,At Risk,2,272,5,1077.39,1,4,4,9,215.48,0.054348,92,23.00,89,562,2010,12,2010-12-02 08:52:00.000,2011-03-03 19:21:00.000
14212,At Risk,2,80,1,1070.48,2,2,4,8,1070.48,1.000000,1,NULL,9,1152,2011,9,2011-09-11 12:45:00.000,2011-09-11 12:45:00.000
15123,At Risk,2,197,1,1069.47,1,2,4,7,1069.47,1.000000,1,NULL,53,509,2011,5,2011-05-17 14:57:00.000,2011-05-17 14:57:00.000
13743,At Risk,2,79,6,1065.84,2,5,4,11,177.64,0.034884,172,34.40,8,1416,2011,3,2011-03-25 14:46:00.000,2011-09-12 12:19:00.000
17277,At Risk,2,218,2,1065.35,1,3,4,8,532.67,0.020833,96,96.00,67,430,2011,1,2011-01-21 12:37:00.000,2011-04-26 12:47:00.000
12815,At Risk,2,138,2,1063.46,2,3,4,9,531.73,0.038462,52,52.00,38,379,2011,5,2011-05-25 13:34:00.000,2011-07-15 10:21:00.000
14411,At Risk,2,301,1,1063,1,1,4,6,1063.00,1.000000,1,NULL,14,196,2011,2,2011-02-02 10:56:00.000,2011-02-02 10:56:00.000
16214,At Risk,2,161,3,1062.75,2,3,4,9,354.25,0.030000,100,50.00,36,420,2011,3,2011-03-15 13:23:00.000,2011-06-22 11:30:00.000
16539,At Risk,2,210,3,1053.61,1,4,4,9,351.20,0.019355,155,77.50,34,421,2010,12,2010-12-01 15:40:00.000,2011-05-04 09:52:00.000
14078,At Risk,2,92,6,1049.37,2,5,4,11,174.89,0.021978,273,54.60,46,310,2010,12,2010-12-01 12:54:00.000,2011-08-30 12:16:00.000
15777,At Risk,2,232,4,1047.11,1,4,4,9,261.78,0.033058,121,40.33,18,378,2010,12,2010-12-13 16:38:00.000,2011-04-12 16:43:00.000
16520,At Risk,2,177,3,1046.57,1,3,4,8,348.86,0.016667,180,90.00,129,558,2010,12,2010-12-09 13:08:00.000,2011-06-06 13:24:00.000
15464,At Risk,2,329,1,1044.65,1,1,4,6,1044.65,1.000000,1,NULL,155,348,2011,1,2011-01-05 15:56:00.000,2011-01-05 15:56:00.000
15192,At Risk,2,110,3,1044.32,2,3,4,9,348.11,0.012146,247,123.50,36,918,2010,12,2010-12-09 14:56:00.000,2011-08-12 11:41:00.000
12497,At Risk,2,72,1,1043.1,2,1,4,7,1043.10,1.000000,1,NULL,14,1236,2011,9,2011-09-19 12:29:00.000,2011-09-19 12:29:00.000
16320,At Risk,2,163,2,1038.46,2,3,4,9,519.23,0.047619,42,42.00,56,732,2011,5,2011-05-10 15:31:00.000,2011-06-20 15:25:00.000
14465,At Risk,2,237,3,1038.44,1,4,4,9,346.15,0.052632,57,28.50,107,398,2011,2,2011-02-10 12:13:00.000,2011-04-07 12:38:00.000
16175,At Risk,2,85,4,1037.59,2,4,4,10,259.40,0.027211,147,49.00,45,533,2011,4,2011-04-13 14:38:00.000,2011-09-06 14:32:00.000
14584,At Risk,2,160,4,1033.06,2,4,4,10,258.26,0.133333,30,10.00,68,381,2011,5,2011-05-25 17:31:00.000,2011-06-23 18:33:00.000
15996,At Risk,2,79,6,1032.58,2,5,4,11,172.10,0.021505,279,55.80,103,380,2010,12,2010-12-08 15:59:00.000,2011-09-12 15:14:00.000
13235,At Risk,2,203,1,1031.07,1,1,4,6,1031.07,1.000000,1,NULL,53,441,2011,5,2011-05-11 17:13:00.000,2011-05-11 17:13:00.000
12717,At Risk,2,142,2,1030.98,2,3,4,9,515.49,0.021053,95,95.00,49,506,2011,4,2011-04-08 10:32:00.000,2011-07-11 14:47:00.000
13253,At Risk,2,147,2,1030.4,2,3,4,9,515.20,0.010870,184,184.00,35,1572,2011,1,2011-01-04 15:43:00.000,2011-07-06 10:09:00.000
17033,At Risk,2,77,3,1030.14,2,3,4,9,343.38,0.010949,274,137.00,24,750,2010,12,2010-12-15 13:21:00.000,2011-09-14 14:34:00.000
15333,At Risk,2,199,1,1028.56,1,2,4,7,1028.56,1.000000,1,NULL,16,344,2011,5,2011-05-15 13:27:00.000,2011-05-15 13:27:00.000
16980,At Risk,2,246,2,1028.46,1,2,4,7,514.23,0.054054,37,37.00,71,739,2011,2,2011-02-21 12:58:00.000,2011-03-29 16:36:00.000
15658,At Risk,2,181,5,1024.1,1,4,4,9,204.82,0.027322,183,45.75,40,242,2010,12,2010-12-02 10:53:00.000,2011-06-02 15:22:00.000
14346,At Risk,2,111,2,1021.58,2,3,4,9,510.79,0.011236,178,178.00,55,605,2011,2,2011-02-15 13:52:00.000,2011-08-11 09:47:00.000
13376,At Risk,2,90,3,1019.76,2,3,4,9,339.92,0.022059,136,68.00,45,493,2011,4,2011-04-19 13:03:00.000,2011-09-01 16:16:00.000
18142,At Risk,2,148,2,1019.52,2,3,4,9,509.76,0.033898,59,59.00,9,1276,2011,5,2011-05-08 12:31:00.000,2011-07-05 13:19:00.000
12514,At Risk,2,258,1,1017.68,1,1,4,6,1017.68,1.000000,1,NULL,51,440,2011,3,2011-03-17 16:38:00.000,2011-03-17 16:38:00.000
12739,At Risk,2,69,2,1013.04,2,2,4,8,506.52,0.090909,22,22.00,38,486,2011,9,2011-09-01 17:45:00.000,2011-09-22 13:00:00.000
14195,At Risk,2,192,2,1012,1,2,4,7,506.00,0.038462,52,52.00,7,760,2011,4,2011-04-01 16:50:00.000,2011-05-22 10:29:00.000
16229,At Risk,2,78,2,1010.6,2,3,4,9,505.30,0.015873,126,126.00,46,318,2011,5,2011-05-11 10:18:00.000,2011-09-13 17:16:00.000
14224,At Risk,2,101,4,1009.73,2,4,4,10,252.43,0.018957,211,70.33,105,483,2011,1,2011-01-23 13:58:00.000,2011-08-21 13:24:00.000
16572,At Risk,2,118,3,1009.6,2,3,4,9,336.53,0.020134,149,74.50,40,532,2011,3,2011-03-09 12:04:00.000,2011-08-04 16:34:00.000
16174,At Risk,2,117,3,1009.55,2,3,4,9,336.52,0.115385,26,13.00,19,651,2011,7,2011-07-11 09:23:00.000,2011-08-05 13:26:00.000
17646,At Risk,2,210,3,1008.39,1,4,4,9,336.13,0.020408,147,73.50,46,323,2010,12,2010-12-09 14:28:00.000,2011-05-04 13:17:00.000
15508,At Risk,2,180,6,1000.27,1,5,4,10,166.71,0.127660,47,9.40,78,440,2011,4,2011-04-18 15:31:00.000,2011-06-03 15:43:00.000
18143,At Risk,2,107,2,1000.16,2,3,4,9,500.08,0.076923,26,26.00,59,570,2011,7,2011-07-21 10:44:00.000,2011-08-15 12:07:00.000
15898,At Risk,2,217,4,997.94,1,4,4,9,249.48,0.027972,143,47.67,67,421,2010,12,2010-12-06 11:01:00.000,2011-04-27 10:03:00.000
12722,At Risk,2,76,4,997.63,2,4,4,10,249.41,0.060606,66,22.00,50,566,2011,7,2011-07-12 11:55:00.000,2011-09-15 14:50:00.000
15104,At Risk,2,187,2,993.54,1,2,4,7,496.77,0.022989,87,87.00,66,635,2011,3,2011-03-02 14:16:00.000,2011-05-27 12:29:00.000
17594,At Risk,2,76,2,993.18,2,3,4,9,496.59,0.011765,170,170.00,42,550,2011,3,2011-03-30 10:32:00.000,2011-09-15 16:34:00.000
14223,At Risk,2,83,3,991.13,2,3,4,9,330.38,0.017341,173,86.50,50,585,2011,3,2011-03-20 16:02:00.000,2011-09-08 13:38:00.000
17126,At Risk,2,143,5,989.449999999999,2,4,4,10,197.89,0.023697,211,52.75,187,780,2010,12,2010-12-12 11:26:00.000,2011-07-10 13:52:00.000
12510,At Risk,2,133,2,982.57,2,3,4,9,491.28,0.010870,184,184.00,29,353,2011,1,2011-01-18 14:04:00.000,2011-07-20 10:15:00.000
15133,At Risk,2,118,3,982.42,2,3,4,9,327.47,0.017143,175,87.50,27,680,2011,2,2011-02-11 10:38:00.000,2011-08-04 10:44:00.000
15071,At Risk,2,84,2,982.07,2,3,4,9,491.03,0.010929,183,183.00,25,269,2011,3,2011-03-09 10:19:00.000,2011-09-07 11:43:00.000
14920,At Risk,2,203,2,977.77,1,3,4,8,488.88,2.000000,1,1.00,57,509,2011,5,2011-05-11 10:31:00.000,2011-05-11 10:32:00.000
18194,At Risk,2,73,1,973.84,2,1,4,7,973.84,1.000000,1,NULL,7,632,2011,9,2011-09-18 13:29:00.000,2011-09-18 13:29:00.000
14256,At Risk,2,251,2,969.06,1,2,4,7,484.53,0.019048,105,105.00,51,414,2010,12,2010-12-10 11:44:00.000,2011-03-24 13:17:00.000
12550,At Risk,2,70,1,964.83,2,1,4,7,964.83,1.000000,1,NULL,57,569,2011,9,2011-09-21 14:35:00.000,2011-09-21 14:35:00.000
14006,At Risk,2,106,3,962.19,2,3,4,9,320.73,0.015152,198,99.00,22,641,2011,1,2011-01-31 15:11:00.000,2011-08-16 09:39:00.000
16419,At Risk,2,103,6,958.71,2,5,4,11,159.78,0.030000,200,40.00,36,428,2011,2,2011-02-01 12:25:00.000,2011-08-19 12:33:00.000
13748,At Risk,2,86,5,948.25,2,4,4,10,189.65,0.017921,279,69.75,24,439,2010,12,2010-12-01 09:00:00.000,2011-09-05 09:45:00.000
13261,At Risk,2,259,2,944.1,1,2,4,7,472.05,0.111111,18,18.00,8,210,2011,2,2011-02-27 10:41:00.000,2011-03-16 12:22:00.000
16584,At Risk,2,71,2,936.08,2,2,4,8,468.04,0.011429,175,175.00,25,646,2011,3,2011-03-30 13:14:00.000,2011-09-20 13:45:00.000
16027,At Risk,2,82,6,934.62,2,5,4,11,155.77,0.028302,212,42.40,11,1147,2011,2,2011-02-10 12:19:00.000,2011-09-09 10:47:00.000
12924,At Risk,2,79,4,933.7,2,4,4,10,233.43,0.016667,240,80.00,22,481,2011,1,2011-01-16 11:49:00.000,2011-09-12 13:55:00.000
13655,At Risk,2,105,2,932.97,2,3,4,9,466.49,0.015625,128,128.00,52,605,2011,4,2011-04-12 09:53:00.000,2011-08-17 14:25:00.000
14532,At Risk,2,227,4,932.85,1,4,4,9,233.21,0.034188,117,39.00,45,284,2010,12,2010-12-22 13:48:00.000,2011-04-17 13:05:00.000
18133,At Risk,2,203,1,931.5,1,2,4,7,931.50,1.000000,1,NULL,1,1350,2011,5,2011-05-11 14:14:00.000,2011-05-11 14:14:00.000
14231,At Risk,2,174,3,925.71,2,3,4,9,308.57,0.028302,106,53.00,47,409,2011,2,2011-02-24 11:55:00.000,2011-06-09 11:05:00.000
17048,At Risk,2,108,3,925.35,2,3,4,9,308.45,0.013953,215,107.50,41,485,2011,1,2011-01-12 16:51:00.000,2011-08-14 11:49:00.000
13122,At Risk,2,85,2,922.39,2,3,4,9,461.20,0.013605,147,147.00,54,585,2011,4,2011-04-13 14:12:00.000,2011-09-06 15:53:00.000
16551,At Risk,2,86,3,922.12,2,3,4,9,307.37,0.012397,242,121.00,26,970,2011,1,2011-01-07 10:24:00.000,2011-09-05 09:38:00.000
13934,At Risk,2,254,1,922.1,1,1,4,6,922.10,1.000000,1,NULL,31,390,2011,3,2011-03-21 08:39:00.000,2011-03-21 08:39:00.000
14081,At Risk,2,293,2,921.62,1,2,4,7,460.81,0.029412,68,68.00,126,592,2010,12,2010-12-05 15:47:00.000,2011-02-10 16:17:00.000
12652,At Risk,2,322,1,919.98,1,1,4,6,919.98,1.000000,1,NULL,48,505,2011,1,2011-01-12 15:00:00.000,2011-01-12 15:00:00.000
13075,At Risk,2,120,1,919.61,2,2,4,8,919.61,1.000000,1,NULL,22,485,2011,8,2011-08-02 10:19:00.000,2011-08-02 10:19:00.000
17042,At Risk,2,112,4,915.02,2,4,4,10,228.76,0.031496,127,42.33,69,888,2011,4,2011-04-06 14:53:00.000,2011-08-10 13:19:00.000
16216,At Risk,2,258,1,914.93,1,1,4,6,914.93,1.000000,1,NULL,37,254,2011,3,2011-03-17 15:34:00.000,2011-03-17 15:34:00.000
15364,At Risk,2,86,2,913.19,2,3,3,8,456.60,0.012500,160,160.00,29,493,2011,3,2011-03-30 13:39:00.000,2011-09-05 09:46:00.000
17522,At Risk,2,129,4,912.25,2,4,3,9,228.06,0.049383,81,27.00,54,932,2011,5,2011-05-05 16:31:00.000,2011-07-24 12:29:00.000
13192,At Risk,2,86,2,911.94,2,3,3,8,455.97,0.018018,111,111.00,57,595,2011,5,2011-05-18 14:57:00.000,2011-09-05 14:13:00.000
13038,At Risk,2,71,3,908.46,2,4,3,9,302.82,0.014218,211,105.50,24,360,2011,2,2011-02-22 11:43:00.000,2011-09-20 14:37:00.000
15480,At Risk,2,107,1,905.5,2,2,3,7,905.50,1.000000,1,NULL,45,303,2011,8,2011-08-15 14:32:00.000,2011-08-15 14:32:00.000
16716,At Risk,2,257,2,901.2,1,2,3,6,450.60,0.043478,46,46.00,1,120,2011,2,2011-02-01 15:35:00.000,2011-03-18 10:03:00.000
17848,At Risk,2,72,9,901.2,2,5,3,10,100.13,0.032374,278,34.75,41,398,2010,12,2010-12-16 18:38:00.000,2011-09-19 16:49:00.000
14625,At Risk,2,187,2,899.63,1,3,3,7,449.81,0.012048,166,166.00,51,335,2010,12,2010-12-13 15:36:00.000,2011-05-27 15:32:00.000
15079,At Risk,2,203,4,895.61,1,4,3,8,223.90,0.025974,154,51.33,46,389,2010,12,2010-12-09 09:25:00.000,2011-05-11 12:45:00.000
14344,At Risk,2,118,8,889.93,2,5,3,10,111.24,0.033058,242,34.57,56,477,2010,12,2010-12-06 11:58:00.000,2011-08-04 13:51:00.000
17829,At Risk,2,289,1,889.24,1,2,3,6,889.24,1.000000,1,NULL,30,496,2011,2,2011-02-14 12:46:00.000,2011-02-14 12:46:00.000
17704,At Risk,2,159,2,885.19,2,3,3,8,442.60,0.027778,72,72.00,27,343,2011,4,2011-04-14 09:28:00.000,2011-06-24 09:40:00.000
13662,At Risk,2,76,3,881.26,2,3,3,8,293.75,0.017143,175,87.50,50,533,2011,3,2011-03-25 13:23:00.000,2011-09-15 12:04:00.000
13037,At Risk,2,129,3,881.07,2,3,3,8,293.69,0.025210,119,59.50,44,431,2011,3,2011-03-28 15:42:00.000,2011-07-24 15:46:00.000
15076,At Risk,2,163,1,880.85,2,2,3,7,880.85,1.000000,1,NULL,49,571,2011,6,2011-06-20 08:23:00.000,2011-06-20 08:23:00.000
17027,At Risk,2,69,6,877.56,2,5,3,10,146.26,0.025000,240,48.00,110,416,2011,1,2011-01-26 14:19:00.000,2011-09-22 12:24:00.000
15653,At Risk,2,83,2,877.44,2,3,3,8,438.72,0.083333,24,24.00,4,1200,2011,8,2011-08-16 09:50:00.000,2011-09-08 10:49:00.000
14770,At Risk,2,223,2,876.42,1,3,3,7,438.21,0.021739,92,92.00,49,490,2011,1,2011-01-20 15:00:00.000,2011-04-21 14:21:00.000
15100,At Risk,2,324,3,876,1,4,3,8,292.00,0.073171,41,20.50,1,80,2010,12,2010-12-01 09:09:00.000,2011-01-10 10:35:00.000
13294,At Risk,2,180,2,873.74,1,3,3,7,436.87,0.032787,61,61.00,48,453,2011,4,2011-04-04 12:37:00.000,2011-06-03 08:54:00.000
17526,At Risk,2,281,3,872.8,1,4,3,8,290.93,0.039474,76,38.00,9,140,2010,12,2010-12-09 12:20:00.000,2011-02-22 09:10:00.000
14759,At Risk,2,103,2,870.85,2,2,3,7,435.42,0.016529,121,121.00,47,247,2011,4,2011-04-21 10:55:00.000,2011-08-19 08:57:00.000
17649,At Risk,2,129,1,868.49,2,2,3,7,868.49,1.000000,1,NULL,52,399,2011,7,2011-07-24 15:53:00.000,2011-07-24 15:53:00.000
16567,At Risk,2,185,2,865.6,1,2,3,6,432.80,0.013986,143,143.00,34,996,2011,1,2011-01-07 09:31:00.000,2011-05-29 13:57:00.000
13339,At Risk,2,191,1,860.12,1,2,3,6,860.12,1.000000,1,NULL,54,326,2011,5,2011-05-23 08:31:00.000,2011-05-23 08:31:00.000
16163,At Risk,2,223,2,856.6,1,3,3,7,428.30,0.014925,134,134.00,5,192,2010,12,2010-12-09 16:28:00.000,2011-04-21 15:15:00.000
12693,At Risk,2,118,4,855.91,2,4,3,9,213.98,0.020725,193,64.33,35,255,2011,1,2011-01-24 12:58:00.000,2011-08-04 17:51:00.000
16037,At Risk,2,260,3,855.02,1,4,3,8,285.01,0.033333,90,45.00,37,428,2010,12,2010-12-16 10:18:00.000,2011-03-15 09:13:00.000
12878,At Risk,2,227,2,854.99,1,3,3,7,427.50,0.064516,31,31.00,38,547,2011,3,2011-03-18 14:02:00.000,2011-04-17 13:07:00.000
17560,At Risk,2,85,4,854.95,2,4,3,9,213.74,0.018433,217,72.33,22,635,2011,2,2011-02-02 11:14:00.000,2011-09-06 09:18:00.000
12379,At Risk,2,72,2,852.24,2,2,3,7,426.12,0.022222,90,90.00,39,407,2011,6,2011-06-22 16:32:00.000,2011-09-19 10:09:00.000
13221,At Risk,2,231,2,847.41,1,3,3,7,423.70,0.016667,120,120.00,62,244,2010,12,2010-12-15 13:24:00.000,2011-04-13 16:58:00.000
14803,At Risk,2,153,3,845.55,2,3,3,8,281.85,0.022901,131,65.50,35,370,2011,2,2011-02-20 13:21:00.000,2011-06-30 13:58:00.000
13929,At Risk,2,160,2,842.65,2,3,3,8,421.32,0.012658,158,158.00,8,143,2011,1,2011-01-17 15:11:00.000,2011-06-23 15:26:00.000
16108,At Risk,2,75,1,842.5,2,1,3,6,842.50,1.000000,1,NULL,48,615,2011,9,2011-09-16 11:48:00.000,2011-09-16 11:48:00.000
15832,At Risk,2,245,1,836.79,1,1,3,5,836.79,1.000000,1,NULL,54,465,2011,3,2011-03-30 15:29:00.000,2011-03-30 15:29:00.000
16644,At Risk,2,168,2,833.78,2,3,3,8,416.89,0.055556,36,36.00,62,826,2011,5,2011-05-11 12:53:00.000,2011-06-15 12:39:00.000
14289,At Risk,2,125,5,832.78,2,4,3,9,166.56,0.032051,156,39.00,33,278,2011,2,2011-02-23 12:33:00.000,2011-07-28 10:24:00.000
12461,At Risk,2,85,2,826.88,2,3,3,8,413.44,0.032787,61,61.00,35,287,2011,7,2011-07-08 10:23:00.000,2011-09-06 16:57:00.000
16494,At Risk,2,287,1,826.53,1,2,3,6,826.53,1.000000,1,NULL,47,675,2011,2,2011-02-16 12:49:00.000,2011-02-16 12:49:00.000
12724,At Risk,2,72,3,823.17,2,4,3,9,274.39,0.011905,252,126.00,41,370,2011,1,2011-01-11 15:00:00.000,2011-09-19 12:36:00.000
13893,At Risk,2,288,1,821.1,1,2,3,6,821.10,1.000000,1,NULL,21,190,2011,2,2011-02-15 11:30:00.000,2011-02-15 11:30:00.000
13220,At Risk,2,69,4,819.29,2,4,3,9,204.82,0.025157,159,53.00,18,196,2011,4,2011-04-17 10:59:00.000,2011-09-22 13:38:00.000
16092,At Risk,2,105,3,817.86,2,3,3,8,272.62,0.021277,141,70.50,37,628,2011,3,2011-03-30 15:38:00.000,2011-08-17 10:46:00.000
16943,At Risk,2,202,3,816.73,1,3,3,7,272.24,0.027778,108,54.00,23,145,2011,1,2011-01-25 14:00:00.000,2011-05-12 11:57:00.000
15649,At Risk,2,327,2,816,1,2,3,6,408.00,0.062500,32,32.00,1,192,2010,12,2010-12-07 10:06:00.000,2011-01-07 13:34:00.000
13811,At Risk,2,174,3,814.5,2,3,3,8,271.50,0.052632,57,28.50,7,68,2011,4,2011-04-14 18:40:00.000,2011-06-09 09:54:00.000
18064,At Risk,2,124,2,814,2,3,3,8,407.00,0.019417,103,103.00,7,384,2011,4,2011-04-18 15:08:00.000,2011-07-29 16:39:00.000
17980,At Risk,2,156,3,811.45,2,4,3,9,270.48,0.015385,195,97.50,23,682,2010,12,2010-12-15 15:50:00.000,2011-06-27 12:01:00.000
16276,At Risk,2,167,1,810.6,2,2,3,7,810.60,1.000000,1,NULL,6,420,2011,6,2011-06-16 09:34:00.000,2011-06-16 09:34:00.000
16624,At Risk,2,71,2,810.57,2,2,3,7,405.29,0.016949,118,118.00,44,488,2011,5,2011-05-26 14:20:00.000,2011-09-20 12:39:00.000
13707,At Risk,2,258,2,806.41,1,2,3,6,403.20,0.040816,49,49.00,48,351,2011,1,2011-01-28 13:27:00.000,2011-03-17 18:03:00.000
12434,At Risk,2,75,2,806.14,2,2,3,7,403.07,0.011299,177,177.00,46,394,2011,3,2011-03-24 13:05:00.000,2011-09-16 12:38:00.000
18248,At Risk,2,113,2,804.02,2,2,3,7,402.01,0.030769,65,65.00,39,511,2011,6,2011-06-06 13:18:00.000,2011-08-09 10:19:00.000
12422,At Risk,2,86,3,803.56,2,3,3,8,267.85,0.013043,230,115.00,39,370,2011,1,2011-01-19 09:13:00.000,2011-09-05 09:48:00.000
15644,At Risk,2,157,4,803.54,2,4,3,9,200.89,0.041667,96,32.00,166,550,2011,3,2011-03-23 15:37:00.000,2011-06-26 14:54:00.000
13720,At Risk,2,107,4,799.9,2,4,3,9,199.98,0.028777,139,46.33,42,501,2011,3,2011-03-30 09:17:00.000,2011-08-15 12:46:00.000
13280,At Risk,2,113,3,798.46,2,3,3,8,266.15,0.013889,216,108.00,67,518,2011,1,2011-01-06 17:10:00.000,2011-08-09 13:14:00.000
12701,At Risk,2,70,2,797.71,2,2,3,7,398.86,0.012195,164,164.00,50,678,2011,4,2011-04-11 13:02:00.000,2011-09-21 10:47:00.000
14557,At Risk,2,76,1,788.38,2,1,3,6,788.38,1.000000,1,NULL,16,510,2011,9,2011-09-15 15:48:00.000,2011-09-15 15:48:00.000
16546,At Risk,2,281,2,787.15,1,2,3,6,393.58,0.024096,83,83.00,25,549,2010,12,2010-12-02 12:07:00.000,2011-02-22 11:20:00.000
16054,At Risk,2,136,1,783.9,2,2,3,7,783.90,1.000000,1,NULL,70,380,2011,7,2011-07-17 13:08:00.000,2011-07-17 13:08:00.000
13583,At Risk,2,146,1,781.03,2,2,3,7,781.03,1.000000,1,NULL,53,725,2011,7,2011-07-07 10:40:00.000,2011-07-07 10:40:00.000
12735,At Risk,2,306,2,779.57,1,2,3,6,389.78,0.086957,23,23.00,38,368,2011,1,2011-01-06 14:26:00.000,2011-01-28 13:37:00.000
13375,At Risk,2,79,1,778.65,2,2,3,7,778.65,1.000000,1,NULL,37,442,2011,9,2011-09-12 10:19:00.000,2011-09-12 10:19:00.000
13563,At Risk,2,75,2,777.53,2,2,3,7,388.76,0.035088,57,57.00,49,209,2011,7,2011-07-22 17:21:00.000,2011-09-16 14:45:00.000
12425,At Risk,2,69,1,777.2,2,1,3,6,777.20,1.000000,1,NULL,36,496,2011,9,2011-09-22 17:31:00.000,2011-09-22 17:31:00.000
13341,At Risk,2,251,1,775.85,1,1,3,5,775.85,1.000000,1,NULL,42,301,2011,3,2011-03-24 09:50:00.000,2011-03-24 09:50:00.000
16222,At Risk,2,309,1,773.55,1,1,3,5,773.55,1.000000,1,NULL,120,325,2011,1,2011-01-25 13:38:00.000,2011-01-25 13:38:00.000
17409,At Risk,2,175,2,771.85,2,3,3,8,385.93,0.030769,65,65.00,13,105,2011,4,2011-04-05 16:42:00.000,2011-06-08 10:36:00.000
15353,At Risk,2,245,2,770.12,1,3,3,7,385.06,0.017544,114,114.00,59,341,2010,12,2010-12-07 11:49:00.000,2011-03-30 12:15:00.000
12965,At Risk,2,80,1,769.81,2,2,3,7,769.81,1.000000,1,NULL,108,282,2011,9,2011-09-11 15:31:00.000,2011-09-11 15:31:00.000
13356,At Risk,2,71,1,768.24,2,1,3,6,768.24,1.000000,1,NULL,42,325,2011,9,2011-09-20 14:33:00.000,2011-09-20 14:33:00.000
14672,At Risk,2,225,2,765.55,1,3,3,7,382.78,0.019417,103,103.00,58,454,2011,1,2011-01-07 15:48:00.000,2011-04-19 10:19:00.000
17695,At Risk,2,122,2,765.34,2,3,3,8,382.67,0.048780,41,41.00,30,779,2011,6,2011-06-21 12:35:00.000,2011-07-31 10:40:00.000
14885,At Risk,2,122,1,765.32,2,2,3,7,765.32,1.000000,1,NULL,15,724,2011,7,2011-07-31 12:05:00.000,2011-07-31 12:05:00.000
17268,At Risk,2,98,4,763.64,2,4,3,9,190.91,0.028777,139,46.33,3,844,2011,4,2011-04-08 13:20:00.000,2011-08-24 10:06:00.000
16806,At Risk,2,94,4,762.16,2,4,3,9,190.54,0.029197,137,45.67,68,356,2011,4,2011-04-14 19:59:00.000,2011-08-28 15:27:00.000
16036,At Risk,2,78,2,758.92,2,3,3,8,379.46,0.011299,177,177.00,55,716,2011,3,2011-03-21 13:01:00.000,2011-09-13 14:53:00.000
16725,At Risk,2,293,7,758.27,1,5,3,9,108.32,0.100000,70,11.67,110,288,2010,12,2010-12-03 16:02:00.000,2011-02-10 16:52:00.000
15223,At Risk,2,216,2,755.75,1,3,3,7,377.88,0.080000,25,25.00,14,213,2011,4,2011-04-04 12:17:00.000,2011-04-28 11:31:00.000
13370,At Risk,2,362,1,754.87,1,1,3,5,754.87,1.000000,1,NULL,39,343,2010,12,2010-12-03 10:26:00.000,2010-12-03 10:26:00.000
13730,At Risk,2,126,2,752.6,2,3,3,8,376.30,0.074074,27,27.00,38,488,2011,7,2011-07-01 12:47:00.000,2011-07-27 08:35:00.000
16256,At Risk,2,257,1,752.43,1,1,3,5,752.43,1.000000,1,NULL,13,581,2011,3,2011-03-18 12:18:00.000,2011-03-18 12:18:00.000
12951,At Risk,2,164,5,751.78,2,4,3,9,150.36,0.031646,158,39.50,39,331,2011,1,2011-01-13 10:33:00.000,2011-06-19 10:35:00.000
12908,At Risk,2,167,2,750,2,3,3,8,375.00,0.014599,137,137.00,1,1200,2011,1,2011-01-31 12:37:00.000,2011-06-16 15:39:00.000
17146,At Risk,2,96,3,749.78,2,3,3,8,249.93,0.011811,254,127.00,33,212,2010,12,2010-12-16 12:20:00.000,2011-08-26 12:44:00.000
17584,At Risk,2,118,1,749.45,2,2,3,7,749.45,1.000000,1,NULL,16,245,2011,8,2011-08-04 14:12:00.000,2011-08-04 14:12:00.000
16859,At Risk,2,135,2,747.81,2,3,3,8,373.91,0.016949,118,118.00,50,827,2011,3,2011-03-23 13:39:00.000,2011-07-18 12:19:00.000
14583,At Risk,2,135,4,741.72,2,4,3,9,185.43,0.064516,62,20.67,172,552,2011,5,2011-05-18 11:28:00.000,2011-07-18 12:53:00.000
13753,At Risk,2,278,1,741.26,1,2,3,6,741.26,1.000000,1,NULL,35,512,2011,2,2011-02-25 12:48:00.000,2011-02-25 12:48:00.000
13900,At Risk,2,174,3,740.95,2,3,3,8,246.98,0.037500,80,40.00,42,430,2011,3,2011-03-22 10:13:00.000,2011-06-09 19:26:00.000
17692,At Risk,2,118,4,740.94,2,4,3,9,185.24,0.017167,233,77.67,34,672,2010,12,2010-12-15 13:37:00.000,2011-08-04 14:01:00.000
14293,At Risk,2,138,3,739.41,2,3,3,8,246.47,0.013514,222,111.00,40,427,2010,12,2010-12-06 10:18:00.000,2011-07-15 15:28:00.000
12976,At Risk,2,202,1,738.6,1,2,3,6,738.60,1.000000,1,NULL,22,561,2011,5,2011-05-12 09:55:00.000,2011-05-12 09:55:00.000
15074,At Risk,2,96,1,735.67,2,2,3,7,735.67,1.000000,1,NULL,41,431,2011,8,2011-08-26 14:45:00.000,2011-08-26 14:45:00.000
15045,At Risk,2,142,2,735.66,2,3,3,8,367.83,0.018692,107,107.00,11,114,2011,3,2011-03-27 11:44:00.000,2011-07-11 11:33:00.000
16146,At Risk,2,148,3,734.13,2,3,3,8,244.71,0.039474,76,38.00,26,427,2011,4,2011-04-21 15:25:00.000,2011-07-05 14:20:00.000
14778,At Risk,2,118,2,730.86,2,2,3,7,365.43,0.010989,182,182.00,34,306,2011,2,2011-02-04 11:43:00.000,2011-08-04 15:23:00.000
12468,At Risk,2,178,2,729.54,1,2,3,6,364.77,0.015385,130,130.00,36,366,2011,1,2011-01-27 13:29:00.000,2011-06-05 11:36:00.000
14055,At Risk,2,97,1,725.64,2,2,3,7,725.64,1.000000,1,NULL,10,216,2011,8,2011-08-25 15:04:00.000,2011-08-25 15:04:00.000
15636,At Risk,2,80,2,724.76,2,3,3,8,362.38,0.010309,194,194.00,20,284,2011,3,2011-03-02 14:50:00.000,2011-09-11 11:17:00.000
18062,At Risk,2,164,3,720.52,2,3,3,8,240.17,0.018182,165,82.50,23,396,2011,1,2011-01-06 10:03:00.000,2011-06-19 14:47:00.000
12535,At Risk,2,82,2,716.35,2,3,3,8,358.18,0.020833,96,96.00,28,219,2011,6,2011-06-06 12:47:00.000,2011-09-09 08:48:00.000
15400,At Risk,2,83,5,716.2,2,4,3,9,143.24,0.026738,187,46.75,10,390,2011,3,2011-03-06 11:27:00.000,2011-09-08 13:57:00.000
17029,At Risk,2,101,2,716,2,3,3,8,358.00,0.015748,127,127.00,1,400,2011,4,2011-04-17 10:57:00.000,2011-08-21 11:06:00.000
12616,At Risk,2,86,2,713.3,2,3,3,8,356.65,0.009852,203,203.00,25,284,2011,2,2011-02-15 14:17:00.000,2011-09-05 15:17:00.000
17642,At Risk,2,110,2,712.29,2,3,3,8,356.14,0.034483,58,58.00,34,474,2011,6,2011-06-16 12:55:00.000,2011-08-12 09:11:00.000
15855,At Risk,2,127,5,712.24,2,4,3,9,142.45,0.039063,128,32.00,59,470,2011,3,2011-03-21 12:32:00.000,2011-07-26 10:20:00.000
17179,At Risk,2,169,3,711.79,2,3,3,8,237.26,0.016304,184,92.00,56,290,2010,12,2010-12-13 14:24:00.000,2011-06-14 16:48:00.000
13249,At Risk,2,83,3,711.41,2,3,3,8,237.14,0.017647,170,85.00,21,546,2011,3,2011-03-23 15:26:00.000,2011-09-08 13:26:00.000
14867,At Risk,2,176,3,710.28,2,3,3,8,236.76,0.019737,152,76.00,31,328,2011,1,2011-01-07 16:34:00.000,2011-06-07 11:39:00.000
14127,At Risk,2,113,3,709.71,2,3,3,8,236.57,0.015873,189,94.50,39,321,2011,2,2011-02-02 12:26:00.000,2011-08-09 10:49:00.000
16449,At Risk,2,188,2,707.69,1,2,3,6,353.85,0.023810,84,84.00,40,367,2011,3,2011-03-04 12:15:00.000,2011-05-26 10:25:00.000
12453,At Risk,2,125,1,707.09,2,2,3,7,707.09,1.000000,1,NULL,43,473,2011,7,2011-07-28 14:08:00.000,2011-07-28 14:08:00.000
16309,At Risk,2,97,2,706.57,2,3,3,8,353.29,0.014815,135,135.00,39,467,2011,4,2011-04-13 11:46:00.000,2011-08-25 15:35:00.000
16997,At Risk,2,279,3,702,1,4,3,8,234.00,0.078947,38,19.00,7,360,2011,1,2011-01-18 11:51:00.000,2011-02-24 17:28:00.000
14356,At Risk,2,70,2,701.23,2,2,3,7,350.62,0.666667,3,3.00,33,277,2011,9,2011-09-19 14:43:00.000,2011-09-21 09:18:00.000
14708,At Risk,2,145,2,701.18,2,3,3,8,350.59,0.009302,215,215.00,12,410,2010,12,2010-12-06 12:23:00.000,2011-07-08 16:08:00.000
17472,At Risk,2,182,3,697.54,1,3,3,7,232.51,0.027523,109,54.50,142,455,2011,2,2011-02-13 14:40:00.000,2011-06-01 14:57:00.000
15800,At Risk,2,98,2,696.89,2,3,3,8,348.44,0.014286,140,140.00,116,332,2011,4,2011-04-07 12:39:00.000,2011-08-24 14:23:00.000
15700,At Risk,2,163,2,696.68,2,3,3,8,348.34,1.000000,2,2.00,85,357,2011,6,2011-06-19 15:36:00.000,2011-06-20 16:53:00.000
14009,At Risk,2,189,2,695.61,1,2,3,6,347.80,0.250000,8,8.00,42,365,2011,5,2011-05-18 13:00:00.000,2011-05-25 15:47:00.000
14643,At Risk,2,161,2,693.81,2,3,3,8,346.91,0.010582,189,189.00,30,815,2010,12,2010-12-16 17:53:00.000,2011-06-22 14:41:00.000
12410,At Risk,2,299,2,693.33,1,2,3,6,346.66,2.000000,1,1.00,26,211,2011,2,2011-02-04 10:38:00.000,2011-02-04 10:39:00.000
18085,At Risk,2,321,2,689.95,1,2,3,6,344.98,0.045455,44,44.00,25,265,2010,12,2010-12-01 12:08:00.000,2011-01-13 15:17:00.000
13799,At Risk,2,107,2,688.86,2,3,3,8,344.43,0.011173,179,179.00,32,402,2011,2,2011-02-18 14:18:00.000,2011-08-15 12:07:00.000
18196,At Risk,2,86,2,686.63,2,3,3,8,343.32,0.010204,196,196.00,131,431,2011,2,2011-02-22 16:13:00.000,2011-09-05 16:22:00.000
17874,At Risk,2,176,6,683.46,2,5,3,10,113.91,0.084507,71,14.20,37,221,2011,3,2011-03-29 11:25:00.000,2011-06-07 12:54:00.000
14222,At Risk,2,168,1,683.17,2,2,3,7,683.17,1.000000,1,NULL,41,607,2011,6,2011-06-15 16:42:00.000,2011-06-15 16:42:00.000
17341,At Risk,2,147,3,682.29,2,3,3,8,227.43,0.014218,211,105.50,147,443,2010,12,2010-12-08 12:46:00.000,2011-07-06 12:33:00.000
15322,At Risk,2,76,1,679.68,2,1,3,6,679.68,1.000000,1,NULL,42,416,2011,9,2011-09-15 09:34:00.000,2011-09-15 09:34:00.000
13925,At Risk,2,83,4,678.25,2,4,3,9,169.56,0.093023,43,14.33,28,331,2011,7,2011-07-28 12:09:00.000,2011-09-08 12:47:00.000
13548,At Risk,2,87,2,678.16,2,3,3,8,339.08,0.013514,148,148.00,114,436,2011,4,2011-04-10 11:35:00.000,2011-09-04 14:50:00.000
12716,At Risk,2,124,1,677.9,2,2,3,7,677.90,1.000000,1,NULL,45,503,2011,7,2011-07-29 13:28:00.000,2011-07-29 13:28:00.000
13388,At Risk,2,122,2,677.1,2,3,3,8,338.55,2.000000,1,1.00,35,282,2011,7,2011-07-31 12:52:00.000,2011-07-31 12:52:00.000
16377,At Risk,2,258,1,676.2,1,1,3,5,676.20,1.000000,1,NULL,5,1500,2011,3,2011-03-17 15:41:00.000,2011-03-17 15:41:00.000
15574,At Risk,2,168,4,675.64,2,4,3,9,168.91,0.020408,196,65.33,131,332,2010,12,2010-12-02 15:46:00.000,2011-06-15 12:01:00.000
12942,At Risk,2,122,3,675.6,2,3,3,8,225.20,0.012766,235,117.50,68,198,2010,12,2010-12-09 09:34:00.000,2011-07-31 14:39:00.000
13325,At Risk,2,72,1,675.3,2,1,3,6,675.30,1.000000,1,NULL,12,240,2011,9,2011-09-19 10:36:00.000,2011-09-19 10:36:00.000
17994,At Risk,2,112,4,674.89,2,4,3,9,168.72,0.023529,170,56.67,63,495,2011,2,2011-02-22 11:02:00.000,2011-08-10 11:41:00.000
13355,At Risk,2,113,1,674.7,2,2,3,7,674.70,1.000000,1,NULL,32,314,2011,8,2011-08-09 14:48:00.000,2011-08-09 14:48:00.000
17749,At Risk,2,169,2,674.52,2,3,3,8,337.26,0.025316,79,79.00,33,320,2011,3,2011-03-28 13:39:00.000,2011-06-14 15:45:00.000
13951,At Risk,2,167,3,674.45,2,3,3,8,224.82,0.025210,119,59.50,38,459,2011,2,2011-02-18 15:21:00.000,2011-06-16 16:43:00.000
14628,At Risk,2,82,2,671.96,2,3,3,8,335.98,0.013158,152,152.00,22,272,2011,4,2011-04-11 14:43:00.000,2011-09-09 14:58:00.000
16833,At Risk,2,250,3,671.29,1,4,3,8,223.76,0.039474,76,38.00,32,306,2011,1,2011-01-09 13:02:00.000,2011-03-25 08:53:00.000
12418,At Risk,2,103,1,668.58,2,2,3,7,668.58,1.000000,1,NULL,34,407,2011,8,2011-08-19 11:08:00.000,2011-08-19 11:08:00.000
17105,At Risk,2,150,2,665.78,2,3,3,8,332.89,0.013514,148,148.00,80,693,2011,2,2011-02-06 14:46:00.000,2011-07-03 15:53:00.000
13963,At Risk,2,299,4,664.54,1,4,3,8,166.13,0.066667,60,20.00,35,460,2010,12,2010-12-07 09:21:00.000,2011-02-04 14:43:00.000
15643,At Risk,2,182,3,664,1,3,3,7,221.33,0.032609,92,46.00,31,246,2011,3,2011-03-02 14:34:00.000,2011-06-01 07:38:00.000
13240,At Risk,2,87,4,663.65,2,4,3,9,165.91,0.014815,270,90.00,59,298,2010,12,2010-12-09 12:49:00.000,2011-09-04 14:08:00.000
16573,At Risk,2,75,2,663.61,2,2,3,7,331.80,0.009662,207,207.00,40,360,2011,2,2011-02-22 15:14:00.000,2011-09-16 09:13:00.000
14603,At Risk,2,265,1,660,1,1,3,5,660.00,1.000000,1,NULL,2,400,2011,3,2011-03-10 10:27:00.000,2011-03-10 10:27:00.000
15862,At Risk,2,103,3,659.73,2,3,3,8,219.91,0.011450,262,131.00,98,499,2010,12,2010-12-01 11:21:00.000,2011-08-19 16:34:00.000
16696,At Risk,2,126,4,657.9,2,4,3,9,164.48,0.035088,114,38.00,7,146,2011,4,2011-04-05 15:20:00.000,2011-07-27 14:23:00.000
14894,At Risk,2,76,1,655.75,2,1,3,6,655.75,1.000000,1,NULL,23,265,2011,9,2011-09-15 13:51:00.000,2011-09-15 13:51:00.000
17398,At Risk,2,105,3,653.38,2,3,3,8,217.79,0.021127,142,71.00,30,310,2011,3,2011-03-29 13:04:00.000,2011-08-17 09:48:00.000
18151,At Risk,2,125,2,653.35,2,3,3,8,326.68,0.012821,156,156.00,38,355,2011,2,2011-02-23 08:29:00.000,2011-07-28 11:35:00.000
18121,At Risk,2,140,2,653.3,2,3,3,8,326.65,0.333333,6,6.00,28,438,2011,7,2011-07-08 12:14:00.000,2011-07-13 12:53:00.000
15205,At Risk,2,76,2,653.24,2,2,3,7,326.62,0.046512,43,43.00,37,378,2011,8,2011-08-04 16:07:00.000,2011-09-15 19:36:00.000
14548,At Risk,2,141,2,652.8,2,3,3,8,326.40,0.011905,168,168.00,2,256,2011,1,2011-01-26 08:38:00.000,2011-07-12 12:19:00.000
14855,At Risk,2,110,2,645.65,2,3,3,8,322.83,0.125000,16,16.00,13,267,2011,7,2011-07-28 12:06:00.000,2011-08-12 14:02:00.000
12994,At Risk,2,111,2,645.47,2,3,3,8,322.74,0.013423,149,149.00,38,303,2011,3,2011-03-16 08:31:00.000,2011-08-11 17:02:00.000
17312,At Risk,2,129,3,644.3,2,3,3,8,214.77,0.136364,22,11.00,11,372,2011,7,2011-07-03 13:12:00.000,2011-07-24 11:52:00.000
15384,At Risk,2,160,2,642.41,2,3,3,8,321.21,0.010471,191,191.00,34,596,2010,12,2010-12-15 11:34:00.000,2011-06-23 10:57:00.000
17046,At Risk,2,148,1,642.02,2,2,3,7,642.02,1.000000,1,NULL,22,510,2011,7,2011-07-05 14:24:00.000,2011-07-05 14:24:00.000
18218,At Risk,2,202,2,641.92,1,3,3,7,320.96,0.028169,71,71.00,17,536,2011,3,2011-03-03 12:24:00.000,2011-05-12 12:53:00.000
12365,At Risk,2,282,2,641.38,1,2,3,6,320.69,2.000000,1,1.00,22,174,2011,2,2011-02-21 13:51:00.000,2011-02-21 14:04:00.000
12624,At Risk,2,97,2,641.13,2,3,3,8,320.56,0.027778,72,72.00,36,355,2011,6,2011-06-15 12:34:00.000,2011-08-25 15:04:00.000
14301,At Risk,2,108,1,640.14,2,2,3,7,640.14,1.000000,1,NULL,13,606,2011,8,2011-08-14 15:33:00.000,2011-08-14 15:33:00.000
15648,At Risk,2,195,2,639.5,1,3,3,7,319.75,0.031250,64,64.00,23,218,2011,3,2011-03-17 18:59:00.000,2011-05-19 15:53:00.000
14481,At Risk,2,155,2,636.51,2,3,3,8,318.25,0.016129,124,124.00,25,489,2011,2,2011-02-25 13:53:00.000,2011-06-28 10:38:00.000
15829,At Risk,2,90,2,636.14,2,3,3,8,318.07,0.047619,42,42.00,44,996,2011,7,2011-07-22 10:23:00.000,2011-09-01 16:45:00.000
14000,At Risk,2,202,1,635.66,1,2,3,6,635.66,1.000000,1,NULL,15,710,2011,5,2011-05-12 16:50:00.000,2011-05-12 16:50:00.000
14220,At Risk,2,238,2,632.4,1,3,3,7,316.20,0.017857,112,112.00,21,272,2010,12,2010-12-16 18:18:00.000,2011-04-06 13:23:00.000
16306,At Risk,2,204,6,632.27,1,5,3,9,105.38,0.038710,155,31.00,36,487,2010,12,2010-12-07 15:18:00.000,2011-05-10 12:12:00.000
18183,At Risk,2,218,2,632.07,1,3,3,7,316.03,0.041667,48,48.00,36,371,2011,3,2011-03-10 10:08:00.000,2011-04-26 15:26:00.000
14021,At Risk,2,146,3,631.9,2,3,3,8,210.63,0.029412,102,51.00,22,192,2011,3,2011-03-28 15:10:00.000,2011-07-07 15:46:00.000
13539,At Risk,2,76,3,631.34,2,4,3,9,210.45,0.013333,225,112.50,35,320,2011,2,2011-02-03 15:23:00.000,2011-09-15 10:18:00.000
17990,At Risk,2,227,3,630.84,1,4,3,8,210.28,0.023810,126,63.00,27,414,2010,12,2010-12-13 12:10:00.000,2011-04-17 11:44:00.000
14687,At Risk,2,97,1,628.38,2,2,3,7,628.38,1.000000,1,NULL,15,470,2011,8,2011-08-25 11:59:00.000,2011-08-25 11:59:00.000
13518,At Risk,2,76,1,627.16,2,1,3,6,627.16,1.000000,1,NULL,36,382,2011,9,2011-09-15 10:29:00.000,2011-09-15 10:29:00.000
15402,At Risk,2,139,2,626.77,2,3,3,8,313.38,0.040816,49,49.00,35,694,2011,5,2011-05-27 13:32:00.000,2011-07-14 12:17:00.000
14036,At Risk,2,275,1,626.65,1,1,3,5,626.65,1.000000,1,NULL,38,268,2011,2,2011-02-28 09:26:00.000,2011-02-28 09:26:00.000
17618,At Risk,2,239,2,625.48,1,3,3,7,312.74,0.017391,115,115.00,48,235,2010,12,2010-12-12 16:05:00.000,2011-04-05 13:07:00.000
12649,At Risk,2,98,3,623.51,2,3,3,8,207.84,0.028302,106,53.00,28,586,2011,5,2011-05-11 14:37:00.000,2011-08-24 14:41:00.000
15147,At Risk,2,231,1,623.5,1,1,3,5,623.50,1.000000,1,NULL,28,366,2011,4,2011-04-13 15:57:00.000,2011-04-13 15:57:00.000
13368,At Risk,2,247,2,623.4,1,2,3,6,311.70,0.024390,82,82.00,29,327,2011,1,2011-01-06 12:32:00.000,2011-03-28 09:59:00.000
16431,At Risk,2,204,3,623.28,1,4,3,8,207.76,0.035294,85,42.50,51,442,2011,2,2011-02-15 14:02:00.000,2011-05-10 14:09:00.000
15258,At Risk,2,159,2,623.16,2,3,3,8,311.58,0.040000,50,50.00,32,142,2011,5,2011-05-06 14:16:00.000,2011-06-24 12:30:00.000
17499,At Risk,2,280,1,622.88,1,2,3,6,622.88,1.000000,1,NULL,40,711,2011,2,2011-02-23 09:14:00.000,2011-02-23 09:14:00.000
15182,At Risk,2,145,2,622.85,2,3,3,8,311.43,0.017391,115,115.00,24,253,2011,3,2011-03-16 12:42:00.000,2011-07-08 13:37:00.000
17460,At Risk,2,85,6,622.43,2,5,3,10,103.74,0.021429,280,56.00,18,236,2010,12,2010-12-01 16:24:00.000,2011-09-06 15:04:00.000
15768,At Risk,2,106,3,621.83,2,3,3,8,207.28,0.027027,111,55.50,23,244,2011,4,2011-04-28 09:20:00.000,2011-08-16 10:48:00.000
17640,At Risk,2,77,1,621.66,2,2,3,7,621.66,1.000000,1,NULL,5,250,2011,9,2011-09-14 09:13:00.000,2011-09-14 09:13:00.000
13402,At Risk,2,118,2,621.23,2,2,3,7,310.62,0.008130,246,246.00,32,479,2010,12,2010-12-02 17:12:00.000,2011-08-04 15:51:00.000
16141,At Risk,2,79,1,620.4,2,2,3,7,620.40,1.000000,1,NULL,30,238,2011,9,2011-09-12 13:11:00.000,2011-09-12 13:11:00.000
13493,At Risk,2,266,2,618.63,1,2,3,6,309.31,0.153846,13,13.00,6,380,2011,2,2011-02-25 16:42:00.000,2011-03-09 15:35:00.000
13301,At Risk,2,94,4,618.09,2,4,3,9,154.52,0.021053,190,63.33,75,345,2011,2,2011-02-20 13:13:00.000,2011-08-28 11:25:00.000
14377,At Risk,2,182,2,617.05,1,2,3,6,308.52,0.027778,72,72.00,11,219,2011,3,2011-03-22 13:38:00.000,2011-06-01 13:32:00.000
14905,At Risk,2,148,2,616.15,2,3,3,8,308.08,0.025974,77,77.00,14,287,2011,4,2011-04-20 10:48:00.000,2011-07-05 12:41:00.000
17115,At Risk,2,173,2,612.82,2,3,3,8,306.41,0.038462,52,52.00,28,260,2011,4,2011-04-20 14:46:00.000,2011-06-10 08:54:00.000
16116,At Risk,2,202,1,612.78,1,2,3,6,612.78,1.000000,1,NULL,34,248,2011,5,2011-05-12 12:01:00.000,2011-05-12 12:01:00.000
12513,At Risk,2,103,1,612.29,2,2,3,7,612.29,1.000000,1,NULL,35,462,2011,8,2011-08-19 10:51:00.000,2011-08-19 10:51:00.000
15232,At Risk,2,104,2,612.06,2,3,3,8,306.03,0.071429,28,28.00,26,686,2011,7,2011-07-22 12:21:00.000,2011-08-18 16:27:00.000
16109,At Risk,2,209,2,611.88,1,3,3,7,305.94,0.021978,91,91.00,18,612,2011,2,2011-02-04 12:37:00.000,2011-05-05 09:17:00.000
16763,At Risk,2,189,1,611.85,1,2,3,6,611.85,1.000000,1,NULL,23,319,2011,5,2011-05-25 11:52:00.000,2011-05-25 11:52:00.000
13731,At Risk,2,210,2,610.59,1,3,3,7,305.29,0.071429,28,28.00,36,278,2011,4,2011-04-07 10:10:00.000,2011-05-04 14:33:00.000
15795,At Risk,2,140,1,610.01,2,2,3,7,610.01,1.000000,1,NULL,42,581,2011,7,2011-07-13 10:43:00.000,2011-07-13 10:43:00.000
13357,At Risk,2,248,1,609.4,1,1,3,5,609.40,1.000000,1,NULL,85,321,2011,3,2011-03-27 13:56:00.000,2011-03-27 13:56:00.000
13933,At Risk,2,100,2,608.79,2,3,3,8,304.39,0.050000,40,40.00,23,205,2011,7,2011-07-14 13:35:00.000,2011-08-22 14:03:00.000
16718,At Risk,2,360,1,606.05,1,1,3,5,606.05,1.000000,1,NULL,41,407,2010,12,2010-12-05 13:03:00.000,2010-12-05 13:03:00.000
17849,At Risk,2,209,4,605.8,1,4,3,8,151.45,0.034483,116,38.67,14,114,2011,1,2011-01-10 11:59:00.000,2011-05-05 13:46:00.000
14133,At Risk,2,120,3,605.64,2,3,3,8,201.88,0.016043,187,93.50,25,348,2011,1,2011-01-28 11:27:00.000,2011-08-02 11:34:00.000
17507,At Risk,2,252,2,605.58,1,2,3,6,302.79,0.040816,49,49.00,79,359,2011,2,2011-02-03 18:08:00.000,2011-03-23 11:48:00.000
14323,At Risk,2,105,2,605.06,2,3,3,8,302.53,0.016000,125,125.00,32,350,2011,4,2011-04-15 11:44:00.000,2011-08-17 11:37:00.000
12707,At Risk,2,282,1,603.42,1,1,3,5,603.42,1.000000,1,NULL,33,256,2011,2,2011-02-21 08:38:00.000,2011-02-21 08:38:00.000
16022,At Risk,2,251,1,602.63,1,1,3,5,602.63,1.000000,1,NULL,68,255,2011,3,2011-03-24 13:16:00.000,2011-03-24 13:16:00.000
16654,At Risk,2,132,4,601.27,2,4,3,9,150.32,0.017544,228,76.00,29,282,2010,12,2010-12-06 15:09:00.000,2011-07-21 15:23:00.000
12872,At Risk,2,317,2,599.97,1,2,3,6,299.99,0.050000,40,40.00,58,319,2010,12,2010-12-09 14:44:00.000,2011-01-17 10:52:00.000
12521,At Risk,2,133,1,599.68,2,2,3,7,599.68,1.000000,1,NULL,38,309,2011,7,2011-07-20 10:51:00.000,2011-07-20 10:51:00.000
14645,At Risk,2,147,2,597.09,2,3,3,8,298.55,0.016667,120,120.00,28,381,2011,3,2011-03-09 09:52:00.000,2011-07-06 09:15:00.000
15381,At Risk,2,204,2,596.85,1,2,3,6,298.42,0.035714,56,56.00,8,171,2011,3,2011-03-16 13:44:00.000,2011-05-10 11:55:00.000
14965,At Risk,2,87,2,596.09,2,3,3,8,298.04,2.000000,1,1.00,80,363,2011,9,2011-09-04 13:15:00.000,2011-09-04 13:20:00.000
17144,At Risk,2,75,1,595.89,2,1,3,6,595.89,1.000000,1,NULL,23,351,2011,9,2011-09-16 12:50:00.000,2011-09-16 12:50:00.000
13888,At Risk,2,110,2,595.67,2,2,3,7,297.83,0.020000,100,100.00,38,254,2011,5,2011-05-05 14:41:00.000,2011-08-12 10:13:00.000
16788,At Risk,2,114,2,594.39,2,2,3,7,297.19,0.015152,132,132.00,138,304,2011,3,2011-03-30 13:05:00.000,2011-08-08 14:53:00.000
13959,At Risk,2,70,3,594.04,2,4,3,9,198.01,0.010563,284,142.00,79,355,2010,12,2010-12-12 13:56:00.000,2011-09-21 15:06:00.000
12917,At Risk,2,119,1,594,2,2,3,7,594.00,1.000000,1,NULL,2,120,2011,8,2011-08-03 16:42:00.000,2011-08-03 16:42:00.000
15442,At Risk,2,239,1,594,1,1,3,5,594.00,1.000000,1,NULL,2,120,2011,4,2011-04-05 12:24:00.000,2011-04-05 12:24:00.000
18232,At Risk,2,72,4,592.97,2,4,3,9,148.24,0.034188,117,39.00,31,302,2011,5,2011-05-26 16:30:00.000,2011-09-19 11:49:00.000
14692,At Risk,2,128,4,591.55,2,4,3,9,147.89,0.021505,186,62.00,53,265,2011,1,2011-01-21 13:47:00.000,2011-07-25 15:08:00.000
17884,At Risk,2,302,3,590.54,1,4,3,8,196.85,0.049180,61,30.50,86,542,2010,12,2010-12-03 12:11:00.000,2011-02-01 11:08:00.000
13452,At Risk,2,250,2,590,1,2,3,6,295.00,0.166667,12,12.00,1,2,2011,3,2011-03-14 11:38:00.000,2011-03-25 14:19:00.000
13270,At Risk,2,357,1,590,1,1,3,5,590.00,1.000000,1,NULL,1,200,2010,12,2010-12-08 14:53:00.000,2010-12-08 14:53:00.000
16838,At Risk,2,188,2,588.85,1,3,3,7,294.43,0.021739,92,92.00,24,185,2011,2,2011-02-24 15:01:00.000,2011-05-26 13:13:00.000
14338,At Risk,2,152,2,588.22,2,3,3,8,294.11,0.055556,36,36.00,30,335,2011,5,2011-05-27 13:30:00.000,2011-07-01 14:08:00.000
15624,At Risk,2,107,4,588.13,2,4,3,9,147.03,0.028369,141,47.00,26,357,2011,3,2011-03-28 13:32:00.000,2011-08-15 11:38:00.000
17890,At Risk,2,313,2,586.89,1,2,3,6,293.44,0.050000,40,40.00,88,402,2010,12,2010-12-13 15:12:00.000,2011-01-21 11:19:00.000
13243,At Risk,2,194,1,585.12,1,2,3,6,585.12,1.000000,1,NULL,56,232,2011,5,2011-05-20 13:14:00.000,2011-05-20 13:14:00.000
15222,At Risk,2,309,1,585,1,1,3,5,585.00,1.000000,1,NULL,5,440,2011,1,2011-01-25 08:03:00.000,2011-01-25 08:03:00.000
16384,At Risk,2,80,2,584.5,2,3,3,8,292.25,0.011429,175,175.00,33,260,2011,3,2011-03-21 10:13:00.000,2011-09-11 11:19:00.000
16072,At Risk,2,279,1,584.32,1,2,3,6,584.32,1.000000,1,NULL,23,140,2011,2,2011-02-24 14:32:00.000,2011-02-24 14:32:00.000
12426,At Risk,2,185,1,582.73,1,2,3,6,582.73,1.000000,1,NULL,30,258,2011,5,2011-05-29 12:26:00.000,2011-05-29 12:26:00.000
17259,At Risk,2,139,2,581.23,2,3,3,8,290.61,0.009050,221,221.00,104,388,2010,12,2010-12-06 12:55:00.000,2011-07-14 15:01:00.000
18095,At Risk,2,303,2,580.05,1,2,3,6,290.02,0.095238,21,21.00,20,419,2011,1,2011-01-11 12:37:00.000,2011-01-31 12:50:00.000
17142,At Risk,2,230,1,579,1,1,3,5,579.00,1.000000,1,NULL,15,81,2011,4,2011-04-14 18:22:00.000,2011-04-14 18:22:00.000
12601,At Risk,2,180,5,577.06,1,5,3,9,115.41,0.034722,144,36.00,21,245,2011,1,2011-01-11 10:38:00.000,2011-06-03 10:17:00.000
14176,At Risk,2,288,4,576.9,1,4,3,8,144.22,0.056338,71,23.67,28,209,2010,12,2010-12-07 11:45:00.000,2011-02-15 13:12:00.000
16723,At Risk,2,82,2,576.4,2,3,3,8,288.20,0.117647,17,17.00,37,398,2011,8,2011-08-24 11:31:00.000,2011-09-09 13:01:00.000
13077,At Risk,2,281,3,576.19,1,4,3,8,192.06,0.038961,77,38.50,61,606,2010,12,2010-12-08 14:59:00.000,2011-02-22 16:19:00.000
14400,At Risk,2,140,1,574.7,2,2,3,7,574.70,1.000000,1,NULL,25,454,2011,7,2011-07-13 15:50:00.000,2011-07-13 15:50:00.000
15303,At Risk,2,281,1,574.02,1,1,3,5,574.02,1.000000,1,NULL,31,248,2011,2,2011-02-22 13:59:00.000,2011-02-22 13:59:00.000
12816,At Risk,2,86,2,572.2,2,3,3,8,286.10,0.024390,82,82.00,27,128,2011,6,2011-06-16 13:24:00.000,2011-09-05 12:41:00.000
17616,At Risk,2,164,3,571.2,2,4,3,9,190.40,0.015385,195,97.50,1,224,2010,12,2010-12-07 10:04:00.000,2011-06-19 10:11:00.000
16278,At Risk,2,91,1,566.38,2,2,3,7,566.38,1.000000,1,NULL,23,114,2011,8,2011-08-31 17:12:00.000,2011-08-31 17:12:00.000
14753,At Risk,2,78,1,563.15,2,2,3,7,563.15,1.000000,1,NULL,30,211,2011,9,2011-09-13 14:50:00.000,2011-09-13 14:50:00.000
17970,At Risk,2,202,1,562.79,1,2,3,6,562.79,1.000000,1,NULL,27,513,2011,5,2011-05-12 20:03:00.000,2011-05-12 20:03:00.000
12414,At Risk,2,208,3,562.41,1,4,3,8,187.47,0.031915,94,47.00,16,300,2011,2,2011-02-02 14:51:00.000,2011-05-06 14:51:00.000
12559,At Risk,2,301,2,561.71,1,2,3,6,280.86,0.200000,10,10.00,21,283,2011,1,2011-01-24 10:12:00.000,2011-02-02 09:49:00.000
13946,At Risk,2,70,3,561.57,2,4,3,9,187.19,0.015873,189,94.50,11,443,2011,3,2011-03-17 10:02:00.000,2011-09-21 13:33:00.000
15655,At Risk,2,234,1,560.67,1,1,3,5,560.67,1.000000,1,NULL,34,324,2011,4,2011-04-10 15:25:00.000,2011-04-10 15:25:00.000
13044,At Risk,2,282,1,560.47,1,1,3,5,560.47,1.000000,1,NULL,33,429,2011,2,2011-02-21 15:20:00.000,2011-02-21 15:20:00.000
16275,At Risk,2,187,1,559.87,1,2,3,6,559.87,1.000000,1,NULL,33,336,2011,5,2011-05-27 12:41:00.000,2011-05-27 12:41:00.000
15415,At Risk,2,304,1,559.61,1,1,3,5,559.61,1.000000,1,NULL,46,551,2011,1,2011-01-30 14:13:00.000,2011-01-30 14:13:00.000
16906,At Risk,2,72,4,559.59,2,4,3,9,139.90,0.023810,168,56.00,74,263,2011,4,2011-04-05 12:30:00.000,2011-09-19 11:49:00.000
12866,At Risk,2,274,1,559.12,1,1,3,5,559.12,1.000000,1,NULL,26,171,2011,3,2011-03-01 14:11:00.000,2011-03-01 14:11:00.000
13800,At Risk,2,300,1,558.32,1,1,3,5,558.32,1.000000,1,NULL,33,331,2011,2,2011-02-03 12:27:00.000,2011-02-03 12:27:00.000
17955,At Risk,2,189,4,557.3,1,4,3,8,139.32,0.181818,22,7.33,14,273,2011,5,2011-05-04 12:29:00.000,2011-05-25 12:00:00.000
14891,At Risk,2,139,2,554.38,2,3,3,8,277.19,0.050000,40,40.00,30,505,2011,6,2011-06-05 10:58:00.000,2011-07-14 18:08:00.000
12363,At Risk,2,100,2,552,2,3,3,8,276.00,0.014925,134,134.00,23,408,2011,4,2011-04-11 13:29:00.000,2011-08-22 10:18:00.000
17291,At Risk,2,299,1,550.8,1,1,3,5,550.80,1.000000,1,NULL,1,72,2011,2,2011-02-04 13:04:00.000,2011-02-04 13:04:00.000
16200,At Risk,2,155,1,550.57,2,2,3,7,550.57,1.000000,1,NULL,58,231,2011,6,2011-06-28 15:47:00.000,2011-06-28 15:47:00.000
17265,At Risk,2,129,2,550.009999999999,2,3,3,8,275.00,0.046512,43,43.00,106,389,2011,6,2011-06-12 12:00:00.000,2011-07-24 10:49:00.000
12390,At Risk,2,70,1,549.84,2,1,3,6,549.84,1.000000,1,NULL,32,353,2011,9,2011-09-21 09:33:00.000,2011-09-21 09:33:00.000
14177,At Risk,2,77,4,549.46,2,4,3,9,137.37,0.042553,94,31.33,37,204,2011,6,2011-06-13 11:10:00.000,2011-09-14 15:11:00.000
16536,At Risk,2,101,1,548.12,2,2,3,7,548.12,1.000000,1,NULL,49,250,2011,8,2011-08-21 15:54:00.000,2011-08-21 15:54:00.000
16031,At Risk,2,83,2,547.9,2,3,3,8,273.95,0.012821,156,156.00,91,421,2011,4,2011-04-06 14:23:00.000,2011-09-08 13:07:00.000
16211,At Risk,2,79,1,547.02,2,2,3,7,547.02,1.000000,1,NULL,23,154,2011,9,2011-09-12 12:11:00.000,2011-09-12 12:11:00.000
12793,At Risk,2,325,2,545.48,1,2,3,6,272.74,0.052632,38,38.00,21,295,2010,12,2010-12-03 15:14:00.000,2011-01-09 12:12:00.000
16475,At Risk,2,79,4,544.3,2,4,3,9,136.07,0.021505,186,62.00,23,319,2011,3,2011-03-11 09:39:00.000,2011-09-12 14:37:00.000
16927,At Risk,2,106,3,543.05,2,3,3,8,181.02,0.012146,247,123.50,5,993,2010,12,2010-12-13 11:57:00.000,2011-08-16 11:10:00.000
16230,At Risk,2,180,2,542.03,1,3,3,7,271.01,0.062500,32,32.00,32,365,2011,5,2011-05-03 15:12:00.000,2011-06-03 10:06:00.000
17897,At Risk,2,163,3,541.81,2,3,3,8,180.60,0.014851,202,101.00,100,222,2010,12,2010-12-01 12:31:00.000,2011-06-20 11:23:00.000
13884,At Risk,2,80,4,540.5,2,4,3,9,135.13,0.020513,195,65.00,41,214,2011,3,2011-03-01 13:40:00.000,2011-09-11 13:58:00.000
13874,At Risk,2,349,1,540.45,1,1,3,5,540.45,1.000000,1,NULL,18,180,2010,12,2010-12-16 18:20:00.000,2010-12-16 18:20:00.000
12743,At Risk,2,125,2,540.13,2,3,3,8,270.06,2.000000,1,1.00,114,315,2011,7,2011-07-28 16:06:00.000,2011-07-28 16:21:00.000
14496,At Risk,2,302,2,538.81,1,2,3,6,269.41,0.031746,63,63.00,16,159,2010,12,2010-12-01 15:35:00.000,2011-02-01 09:01:00.000
16142,At Risk,2,240,1,535.34,1,2,3,6,535.34,1.000000,1,NULL,37,422,2011,4,2011-04-04 10:16:00.000,2011-04-04 10:16:00.000
13000,At Risk,2,97,3,534.85,2,3,3,8,178.28,0.011583,259,129.50,30,379,2010,12,2010-12-10 10:26:00.000,2011-08-25 10:43:00.000
13385,At Risk,2,320,1,534.57,1,1,3,5,534.57,1.000000,1,NULL,35,281,2011,1,2011-01-14 09:52:00.000,2011-01-14 09:52:00.000
16340,At Risk,2,98,1,534.31,2,2,3,7,534.31,1.000000,1,NULL,124,486,2011,8,2011-08-24 14:53:00.000,2011-08-24 14:53:00.000
17443,At Risk,2,210,1,534.24,1,1,3,5,534.24,1.000000,1,NULL,1,504,2011,5,2011-05-04 10:47:00.000,2011-05-04 10:47:00.000
13217,At Risk,2,113,3,533.98,2,3,3,8,177.99,0.085714,35,17.50,3,262,2011,7,2011-07-06 12:08:00.000,2011-08-09 15:32:00.000
14083,At Risk,2,117,7,533.39,2,5,3,10,76.20,0.028455,246,41.00,92,374,2010,12,2010-12-03 12:24:00.000,2011-08-05 14:31:00.000
17062,At Risk,2,304,4,533.33,1,4,3,8,133.33,0.070175,57,19.00,52,418,2010,12,2010-12-05 11:59:00.000,2011-01-30 11:01:00.000
15433,At Risk,2,204,2,533.3,1,2,3,6,266.65,0.036364,55,55.00,40,534,2011,3,2011-03-17 14:12:00.000,2011-05-10 10:45:00.000
15825,At Risk,2,163,1,532.94,2,2,3,7,532.94,1.000000,1,NULL,20,220,2011,6,2011-06-20 13:27:00.000,2011-06-20 13:27:00.000
14265,At Risk,2,100,2,530.18,2,3,3,8,265.09,0.050000,40,40.00,31,330,2011,7,2011-07-14 09:10:00.000,2011-08-22 13:32:00.000
18159,At Risk,2,292,1,530.15,1,2,3,6,530.15,1.000000,1,NULL,23,139,2011,2,2011-02-11 14:26:00.000,2011-02-11 14:26:00.000
14002,At Risk,2,125,2,529.73,2,3,3,8,264.87,0.086957,23,23.00,47,877,2011,7,2011-07-06 14:59:00.000,2011-07-28 15:55:00.000
14463,At Risk,2,89,3,529.62,2,3,3,8,176.54,0.027778,108,54.00,6,179,2011,5,2011-05-18 14:42:00.000,2011-09-02 15:20:00.000
17429,At Risk,2,119,3,524.92,2,3,3,8,174.97,0.032967,91,45.50,36,624,2011,5,2011-05-05 09:53:00.000,2011-08-03 13:22:00.000
18017,At Risk,2,72,3,523,2,4,3,9,174.33,0.013043,230,115.00,1,300,2011,2,2011-02-02 13:57:00.000,2011-09-19 16:15:00.000
13705,At Risk,2,135,2,522.68,2,3,3,8,261.34,0.008696,230,230.00,20,237,2010,12,2010-12-01 10:29:00.000,2011-07-18 09:15:00.000
15149,At Risk,2,124,1,520.8,2,2,3,7,520.80,1.000000,1,NULL,23,128,2011,7,2011-07-29 10:58:00.000,2011-07-29 10:58:00.000
14873,At Risk,2,201,1,519.68,1,2,3,6,519.68,1.000000,1,NULL,28,168,2011,5,2011-05-13 13:52:00.000,2011-05-13 13:52:00.000
16955,At Risk,2,175,4,518.67,2,4,3,9,129.67,0.021053,190,63.33,18,266,2010,12,2010-12-01 13:31:00.000,2011-06-08 10:36:00.000
16135,At Risk,2,253,1,517.55,1,1,3,5,517.55,1.000000,1,NULL,21,209,2011,3,2011-03-22 12:30:00.000,2011-03-22 12:30:00.000
17454,At Risk,2,183,4,517.53,1,4,3,8,129.38,0.023810,168,56.00,57,243,2010,12,2010-12-15 10:54:00.000,2011-05-31 13:58:00.000
13043,At Risk,2,264,1,516.42,1,1,3,5,516.42,1.000000,1,NULL,13,254,2011,3,2011-03-11 14:52:00.000,2011-03-11 14:52:00.000
15882,At Risk,2,189,4,516.36,1,4,3,8,129.09,0.023392,171,57.00,23,276,2010,12,2010-12-06 13:01:00.000,2011-05-25 11:35:00.000
12811,At Risk,2,251,3,514.85,1,4,3,8,171.62,0.120000,25,12.50,27,230,2011,2,2011-02-28 15:39:00.000,2011-03-24 09:42:00.000
15246,At Risk,2,229,2,514.15,1,3,3,7,257.07,0.016529,121,121.00,32,247,2010,12,2010-12-16 09:46:00.000,2011-04-15 14:45:00.000
13005,At Risk,2,164,2,513.7,2,3,3,8,256.85,0.027027,74,74.00,21,172,2011,4,2011-04-07 13:32:00.000,2011-06-19 10:53:00.000
15891,At Risk,2,217,1,511.68,1,1,3,5,511.68,1.000000,1,NULL,60,418,2011,4,2011-04-27 12:35:00.000,2011-04-27 12:35:00.000
12582,At Risk,2,229,2,511.36,1,3,3,7,255.68,0.039216,51,51.00,21,300,2011,2,2011-02-24 11:42:00.000,2011-04-15 08:45:00.000
12436,At Risk,2,90,1,509.01,2,2,3,7,509.01,1.000000,1,NULL,16,211,2011,9,2011-09-01 12:09:00.000,2011-09-01 12:09:00.000
15417,At Risk,2,76,1,508.8,2,1,3,6,508.80,1.000000,1,NULL,28,284,2011,9,2011-09-15 15:26:00.000,2011-09-15 15:26:00.000
17391,At Risk,2,154,2,508.8,2,3,3,8,254.40,1.000000,2,2.00,2,480,2011,6,2011-06-28 12:21:00.000,2011-06-29 09:58:00.000
17958,At Risk,2,107,1,508.46,2,2,3,7,508.46,1.000000,1,NULL,7,84,2011,8,2011-08-15 12:19:00.000,2011-08-15 12:19:00.000
17415,At Risk,2,70,1,507.84,2,1,3,6,507.84,1.000000,1,NULL,14,114,2011,9,2011-09-21 12:50:00.000,2011-09-21 12:50:00.000
13885,At Risk,2,180,2,506.8,1,3,3,7,253.40,0.166667,12,12.00,28,182,2011,5,2011-05-23 08:52:00.000,2011-06-03 15:07:00.000
16614,At Risk,2,173,1,506.19,2,2,3,7,506.19,1.000000,1,NULL,26,223,2011,6,2011-06-10 11:36:00.000,2011-06-10 11:36:00.000
12988,At Risk,2,283,1,505.82,1,1,3,5,505.82,1.000000,1,NULL,75,126,2011,2,2011-02-20 14:31:00.000,2011-02-20 14:31:00.000
17630,At Risk,2,160,2,503.6,2,3,3,8,251.80,0.031250,64,64.00,24,158,2011,4,2011-04-21 14:03:00.000,2011-06-23 11:58:00.000
15535,At Risk,2,164,4,502.9,2,4,3,9,125.72,0.025806,155,51.67,55,135,2011,1,2011-01-16 12:35:00.000,2011-06-19 16:02:00.000
15881,At Risk,2,303,5,501.39,1,4,3,8,100.28,0.094340,53,13.25,26,260,2010,12,2010-12-10 13:32:00.000,2011-01-31 16:59:00.000
13116,At Risk,2,129,1,501.14,2,2,3,7,501.14,1.000000,1,NULL,30,291,2011,7,2011-07-24 14:33:00.000,2011-07-24 14:33:00.000
15389,At Risk,2,163,1,500,2,2,3,7,500.00,1.000000,1,NULL,1,400,2011,6,2011-06-20 16:18:00.000,2011-06-20 16:18:00.000
17053,At Risk,2,121,1,498.48,2,2,3,7,498.48,1.000000,1,NULL,13,122,2011,8,2011-08-01 10:23:00.000,2011-08-01 10:23:00.000
17298,At Risk,2,92,2,498.42,2,3,3,8,249.21,0.083333,24,24.00,30,387,2011,8,2011-08-07 12:21:00.000,2011-08-30 16:43:00.000
16820,At Risk,2,86,1,497.61,2,2,3,7,497.61,1.000000,1,NULL,26,307,2011,9,2011-09-05 12:06:00.000,2011-09-05 12:06:00.000
17374,At Risk,2,209,2,495.77,1,3,3,7,247.88,0.031250,64,64.00,24,85,2011,3,2011-03-03 12:53:00.000,2011-05-05 09:05:00.000
15448,At Risk,2,303,1,494.64,1,1,3,5,494.64,1.000000,1,NULL,28,232,2011,1,2011-01-31 10:42:00.000,2011-01-31 10:42:00.000
17333,At Risk,2,76,1,494.25,2,1,3,6,494.25,1.000000,1,NULL,28,375,2011,9,2011-09-15 10:11:00.000,2011-09-15 10:11:00.000
12763,At Risk,2,129,2,494.08,2,3,3,8,247.04,0.008621,232,232.00,16,316,2010,12,2010-12-05 15:46:00.000,2011-07-24 14:12:00.000
14270,At Risk,2,322,1,492.65,1,1,3,5,492.65,1.000000,1,NULL,29,197,2011,1,2011-01-12 09:33:00.000,2011-01-12 09:33:00.000
14236,At Risk,2,71,2,490.86,2,2,3,7,245.43,0.006826,293,293.00,15,310,2010,12,2010-12-02 18:49:00.000,2011-09-20 09:13:00.000
13311,At Risk,2,141,1,490.11,2,2,3,7,490.11,1.000000,1,NULL,24,271,2011,7,2011-07-12 14:26:00.000,2011-07-12 14:26:00.000
18074,At Risk,2,364,1,489.6,1,1,3,5,489.60,1.000000,1,NULL,13,190,2010,12,2010-12-01 09:53:00.000,2010-12-01 09:53:00.000
12809,At Risk,2,168,1,489.31,2,2,3,7,489.31,1.000000,1,NULL,25,220,2011,6,2011-06-15 10:51:00.000,2011-06-15 10:51:00.000
15165,At Risk,2,364,1,487.75,1,1,3,5,487.75,1.000000,1,NULL,27,160,2010,12,2010-12-01 14:03:00.000,2010-12-01 14:03:00.000
16643,At Risk,2,236,1,487.51,1,1,3,5,487.51,1.000000,1,NULL,27,269,2011,4,2011-04-08 08:24:00.000,2011-04-08 08:24:00.000
13338,At Risk,2,148,1,487.02,2,2,3,7,487.02,1.000000,1,NULL,19,256,2011,7,2011-07-05 09:06:00.000,2011-07-05 09:06:00.000
13675,At Risk,2,142,2,486.82,2,3,3,8,243.41,0.014925,134,134.00,25,330,2011,2,2011-02-28 12:14:00.000,2011-07-11 12:57:00.000
12639,At Risk,2,229,1,486.1,1,1,3,5,486.10,1.000000,1,NULL,22,201,2011,4,2011-04-15 12:48:00.000,2011-04-15 12:48:00.000
15109,At Risk,2,236,1,484.95,1,1,3,5,484.95,1.000000,1,NULL,28,131,2011,4,2011-04-08 09:58:00.000,2011-04-08 09:58:00.000
12358,At Risk,2,141,1,484.86,2,2,3,7,484.86,1.000000,1,NULL,12,100,2011,7,2011-07-12 10:04:00.000,2011-07-12 10:04:00.000
13531,At Risk,2,196,2,483.8,1,3,3,7,241.90,0.012346,162,162.00,17,174,2010,12,2010-12-08 15:03:00.000,2011-05-18 16:56:00.000
14958,At Risk,2,138,3,483.73,2,3,3,8,161.24,0.030303,99,49.50,33,128,2011,4,2011-04-08 11:28:00.000,2011-07-15 14:20:00.000
14147,At Risk,2,69,2,483.4,2,2,3,7,241.70,0.009615,208,208.00,4,108,2011,2,2011-02-27 11:42:00.000,2011-09-22 18:10:00.000
14450,At Risk,2,171,3,483.25,2,3,3,8,161.08,0.021277,141,70.50,32,241,2011,1,2011-01-23 11:53:00.000,2011-06-12 10:46:00.000
14130,At Risk,2,310,1,480.91,1,1,3,5,480.91,1.000000,1,NULL,66,257,2011,1,2011-01-24 16:05:00.000,2011-01-24 16:05:00.000
16812,At Risk,2,351,1,479.35,1,1,3,5,479.35,1.000000,1,NULL,15,81,2010,12,2010-12-14 12:35:00.000,2010-12-14 12:35:00.000
15053,At Risk,2,147,2,478.6,2,3,3,8,239.30,0.015873,126,126.00,28,514,2011,3,2011-03-03 12:06:00.000,2011-07-06 13:06:00.000
15589,At Risk,2,246,3,478.53,1,4,3,8,159.51,0.053571,56,28.00,28,243,2011,2,2011-02-02 10:46:00.000,2011-03-29 09:54:00.000
12644,At Risk,2,120,1,477.91,2,2,3,7,477.91,1.000000,1,NULL,31,325,2011,8,2011-08-02 10:33:00.000,2011-08-02 10:33:00.000
14320,At Risk,2,197,2,477.79,1,3,2,6,238.89,0.015748,127,127.00,29,325,2011,1,2011-01-11 09:12:00.000,2011-05-17 09:24:00.000
15907,At Risk,2,167,2,477.59,2,3,2,7,238.79,0.057143,35,35.00,93,237,2011,5,2011-05-13 13:01:00.000,2011-06-16 12:45:00.000
15780,At Risk,2,174,3,475.28,2,3,2,7,158.43,0.017143,175,87.50,26,220,2010,12,2010-12-17 11:43:00.000,2011-06-09 12:01:00.000
14013,At Risk,2,101,3,473.02,2,3,2,7,157.67,0.018072,166,83.00,30,462,2011,3,2011-03-09 08:59:00.000,2011-08-21 15:01:00.000
15026,At Risk,2,71,3,469,2,4,2,8,156.33,0.015152,198,99.00,57,285,2011,3,2011-03-07 13:45:00.000,2011-09-20 13:52:00.000
14896,At Risk,2,195,2,468.77,1,3,2,6,234.38,0.012346,162,162.00,43,279,2010,12,2010-12-09 12:24:00.000,2011-05-19 10:20:00.000
13838,At Risk,2,108,3,467.54,2,3,2,7,155.85,0.011858,253,126.50,106,164,2010,12,2010-12-05 10:45:00.000,2011-08-14 10:52:00.000
13248,At Risk,2,115,2,465.68,2,3,2,7,232.84,0.030303,66,66.00,25,305,2011,6,2011-06-03 13:05:00.000,2011-08-07 12:40:00.000
15349,At Risk,2,149,2,463.91,2,3,2,7,231.95,0.066667,30,30.00,65,321,2011,6,2011-06-05 15:46:00.000,2011-07-04 16:06:00.000
16805,At Risk,2,164,2,460.59,2,3,2,7,230.30,0.010638,188,188.00,94,539,2010,12,2010-12-14 13:35:00.000,2011-06-19 11:23:00.000
15092,At Risk,2,206,2,457.81,1,3,2,6,228.90,0.028986,69,69.00,23,135,2011,3,2011-03-01 12:24:00.000,2011-05-08 14:10:00.000
12999,At Risk,2,187,3,455.88,1,3,2,6,151.96,0.060000,50,25.00,25,342,2011,4,2011-04-08 10:26:00.000,2011-05-27 13:24:00.000
14513,At Risk,2,91,3,455.59,2,3,2,7,151.86,0.015873,189,94.50,11,361,2011,2,2011-02-24 09:36:00.000,2011-08-31 11:25:00.000
13489,At Risk,2,96,4,449.52,2,4,2,8,112.38,0.021053,190,63.33,11,560,2011,2,2011-02-18 10:42:00.000,2011-08-26 13:16:00.000
15646,At Risk,2,148,3,447.64,2,3,2,7,149.21,0.013889,216,108.00,35,394,2010,12,2010-12-02 16:59:00.000,2011-07-05 09:53:00.000
16034,At Risk,2,187,3,437.7,1,3,2,6,145.90,0.021898,137,68.50,18,242,2011,1,2011-01-11 11:54:00.000,2011-05-27 16:17:00.000
12592,At Risk,2,83,2,437.6,2,3,2,7,218.80,0.016393,122,122.00,11,290,2011,5,2011-05-10 13:44:00.000,2011-09-08 15:04:00.000
16948,At Risk,2,129,3,435.02,2,3,2,7,145.01,0.015957,188,94.00,15,1614,2011,1,2011-01-18 10:58:00.000,2011-07-24 12:46:00.000
15456,At Risk,2,274,3,434.59,1,4,2,7,144.86,0.038961,77,38.50,48,633,2010,12,2010-12-15 15:34:00.000,2011-03-01 13:51:00.000
14460,At Risk,2,101,3,434.34,2,3,2,7,144.78,0.014925,201,100.50,14,881,2011,2,2011-02-02 11:55:00.000,2011-08-21 14:19:00.000
12493,At Risk,2,156,2,433.74,2,3,2,7,216.87,0.060606,33,33.00,20,207,2011,5,2011-05-26 14:53:00.000,2011-06-27 10:17:00.000
17035,At Risk,2,236,2,433.53,1,3,2,6,216.77,0.029851,67,67.00,27,229,2011,2,2011-02-01 12:27:00.000,2011-04-08 11:23:00.000
15550,At Risk,2,97,3,433.28,2,3,2,7,144.43,0.015306,196,98.00,36,252,2011,2,2011-02-11 12:49:00.000,2011-08-25 15:18:00.000
16442,At Risk,2,218,2,432.43,1,3,2,6,216.21,0.014925,134,134.00,99,352,2010,12,2010-12-14 10:46:00.000,2011-04-26 11:51:00.000
15230,At Risk,2,230,2,429.6,1,3,2,6,214.80,1.000000,2,2.00,23,351,2011,4,2011-04-13 11:04:00.000,2011-04-14 14:39:00.000
17869,At Risk,2,98,5,428.18,2,4,2,8,85.64,0.019084,262,65.50,37,111,2010,12,2010-12-06 17:16:00.000,2011-08-24 16:16:00.000
15976,At Risk,2,156,2,427.64,2,3,2,7,213.82,0.035714,56,56.00,83,275,2011,5,2011-05-03 17:12:00.000,2011-06-27 13:00:00.000
13140,At Risk,2,99,3,422.47,2,3,2,7,140.82,0.011583,259,129.50,40,185,2010,12,2010-12-08 15:12:00.000,2011-08-23 15:33:00.000
16780,At Risk,2,91,2,422.24,2,3,2,7,211.12,0.012500,160,160.00,51,270,2011,3,2011-03-25 17:34:00.000,2011-08-31 16:09:00.000
15889,At Risk,2,147,2,420.07,2,3,2,7,210.04,0.009346,214,214.00,79,206,2010,12,2010-12-05 15:12:00.000,2011-07-06 11:10:00.000
12593,At Risk,2,99,3,418.1,2,3,2,7,139.37,0.027027,111,55.50,14,206,2011,5,2011-05-05 09:29:00.000,2011-08-23 12:43:00.000
16816,At Risk,2,94,4,417.06,2,4,2,8,104.27,0.015625,256,85.33,28,274,2010,12,2010-12-16 17:01:00.000,2011-08-28 14:16:00.000
15935,At Risk,2,230,2,416.86,1,3,2,6,208.43,0.666667,3,3.00,12,115,2011,4,2011-04-12 09:35:00.000,2011-04-14 13:27:00.000
16957,At Risk,2,230,2,416.64,1,3,2,6,208.32,0.046512,43,43.00,15,172,2011,3,2011-03-03 09:25:00.000,2011-04-14 13:56:00.000
17631,At Risk,2,128,2,416.5,2,3,2,7,208.25,0.020833,96,96.00,29,185,2011,4,2011-04-21 13:22:00.000,2011-07-25 13:37:00.000
13085,At Risk,2,148,2,416.08,2,3,2,7,208.04,0.014388,139,139.00,17,216,2011,2,2011-02-17 13:57:00.000,2011-07-05 12:11:00.000
14998,At Risk,2,161,2,414.87,2,3,2,7,207.43,0.027778,72,72.00,70,258,2011,4,2011-04-12 16:28:00.000,2011-06-22 17:30:00.000
17134,At Risk,2,97,2,413.2,2,3,2,7,206.60,0.012579,159,159.00,21,98,2011,3,2011-03-20 11:56:00.000,2011-08-25 09:53:00.000
14620,At Risk,2,196,2,412.78,1,3,2,6,206.39,0.025316,79,79.00,26,214,2011,3,2011-03-01 08:30:00.000,2011-05-18 11:58:00.000
16324,At Risk,2,119,3,408.59,2,3,2,7,136.20,0.060000,50,25.00,100,270,2011,6,2011-06-15 14:26:00.000,2011-08-03 12:58:00.000
17931,At Risk,2,125,2,408.36,2,3,2,7,204.18,0.016393,122,122.00,63,249,2011,3,2011-03-29 12:31:00.000,2011-07-28 18:33:00.000
14616,At Risk,2,233,3,406.08,1,4,2,7,135.36,0.039474,76,38.00,2,104,2011,1,2011-01-26 12:42:00.000,2011-04-11 09:54:00.000
15938,At Risk,2,103,5,404.58,2,4,2,8,80.92,0.023585,212,53.00,13,240,2011,1,2011-01-20 10:11:00.000,2011-08-19 12:56:00.000
16484,At Risk,2,164,2,404.3,2,3,2,7,202.15,0.111111,18,18.00,25,200,2011,6,2011-06-02 10:39:00.000,2011-06-19 12:06:00.000
14720,At Risk,2,80,2,401.13,2,3,2,7,200.56,0.052632,38,38.00,22,147,2011,8,2011-08-05 12:06:00.000,2011-09-11 13:56:00.000
17375,At Risk,2,190,3,400.1,1,3,2,6,133.37,0.018405,163,81.50,63,367,2010,12,2010-12-13 15:16:00.000,2011-05-24 15:45:00.000
17926,At Risk,2,124,2,397.29,2,3,2,7,198.65,0.028169,71,71.00,17,306,2011,5,2011-05-20 09:24:00.000,2011-07-29 14:39:00.000
16038,At Risk,2,168,2,393.33,2,3,2,7,196.66,0.080000,25,25.00,23,229,2011,5,2011-05-22 11:29:00.000,2011-06-15 13:50:00.000
16010,At Risk,2,236,3,392.4,1,4,2,7,130.80,0.025424,118,59.00,62,202,2010,12,2010-12-12 12:18:00.000,2011-04-08 10:14:00.000
18024,At Risk,2,143,2,389.78,2,3,2,7,194.89,2.000000,1,1.00,21,184,2011,7,2011-07-10 12:28:00.000,2011-07-10 12:40:00.000
13873,At Risk,2,110,3,389.6,2,3,2,7,129.87,0.015707,191,95.50,21,140,2011,2,2011-02-03 09:37:00.000,2011-08-12 10:08:00.000
13856,At Risk,2,159,3,388.5,2,3,2,7,129.50,0.083333,36,18.00,10,494,2011,5,2011-05-20 13:13:00.000,2011-06-24 10:03:00.000
14779,At Risk,2,271,3,386.15,1,4,2,7,128.72,0.068182,44,22.00,40,84,2011,1,2011-01-20 12:04:00.000,2011-03-04 12:42:00.000
13821,At Risk,2,135,2,385.64,2,3,2,7,192.82,0.016949,118,118.00,51,153,2011,3,2011-03-23 11:30:00.000,2011-07-18 09:49:00.000
17189,At Risk,2,97,2,383.75,2,3,2,7,191.88,0.007874,254,254.00,52,226,2010,12,2010-12-15 17:28:00.000,2011-08-25 19:39:00.000
15424,At Risk,2,245,2,383.34,1,3,2,6,191.67,2.000000,1,1.00,17,554,2011,3,2011-03-30 13:00:00.000,2011-03-30 13:02:00.000
16552,At Risk,2,233,2,379.73,1,3,2,6,189.87,0.015152,132,132.00,17,219,2010,12,2010-12-01 12:36:00.000,2011-04-11 10:04:00.000
13656,At Risk,2,155,2,379.65,2,3,2,7,189.82,0.011494,174,174.00,49,490,2011,1,2011-01-06 15:42:00.000,2011-06-28 10:31:00.000
15885,At Risk,2,83,3,379.35,2,3,2,7,126.45,0.013761,218,109.00,18,111,2011,2,2011-02-03 15:28:00.000,2011-09-08 10:43:00.000
17765,At Risk,2,149,3,367.63,2,3,2,7,122.54,0.030303,99,49.50,51,143,2011,3,2011-03-28 11:58:00.000,2011-07-04 12:41:00.000
12915,At Risk,2,139,2,363.65,2,3,2,7,181.82,0.008889,225,225.00,19,93,2010,12,2010-12-02 12:33:00.000,2011-07-14 11:34:00.000
16378,At Risk,2,238,3,362.95,1,4,2,7,120.98,0.046875,64,32.00,22,267,2011,2,2011-02-02 12:42:00.000,2011-04-06 15:07:00.000
13453,At Risk,2,156,2,356.98,2,3,2,7,178.49,0.016000,125,125.00,16,134,2011,2,2011-02-23 09:44:00.000,2011-06-27 09:34:00.000
14500,At Risk,2,79,3,356.85,2,3,2,7,118.95,0.029412,102,51.00,6,117,2011,6,2011-06-03 10:08:00.000,2011-09-12 16:45:00.000
15713,At Risk,2,134,2,356.7,2,3,2,7,178.35,0.008929,224,224.00,18,150,2010,12,2010-12-08 15:16:00.000,2011-07-19 13:34:00.000
17742,At Risk,2,104,2,355.11,2,3,2,7,177.56,0.009091,220,220.00,13,89,2011,1,2011-01-11 10:04:00.000,2011-08-18 15:28:00.000
12845,At Risk,2,258,4,354.09,1,4,2,7,88.52,0.166667,24,8.00,26,204,2011,2,2011-02-22 14:10:00.000,2011-03-17 13:34:00.000
15334,At Risk,2,147,3,350.82,2,3,2,7,116.94,0.166667,18,9.00,67,273,2011,6,2011-06-19 13:51:00.000,2011-07-06 11:22:00.000
17252,At Risk,2,107,2,348.91,2,3,2,7,174.45,0.028169,71,71.00,86,192,2011,6,2011-06-06 16:41:00.000,2011-08-15 09:45:00.000
12527,At Risk,2,72,3,348.71,2,4,2,8,116.24,0.012245,245,122.50,18,234,2011,1,2011-01-18 12:05:00.000,2011-09-19 11:55:00.000
12875,At Risk,2,134,2,343.23,2,3,2,7,171.62,0.009091,220,220.00,1,2019,2010,12,2010-12-12 12:03:00.000,2011-07-19 15:30:00.000
17795,At Risk,2,170,2,342.83,2,3,2,7,171.42,0.023256,86,86.00,43,305,2011,3,2011-03-20 12:02:00.000,2011-06-13 12:36:00.000
14491,At Risk,2,166,2,340.93,2,3,2,7,170.47,0.010101,198,198.00,17,139,2010,12,2010-12-02 12:10:00.000,2011-06-17 15:22:00.000
17045,At Risk,2,104,3,339.44,2,3,2,7,113.15,0.022222,135,67.50,20,106,2011,4,2011-04-06 12:08:00.000,2011-08-18 17:09:00.000
18078,At Risk,2,208,2,336.13,1,3,2,6,168.06,0.046512,43,43.00,27,145,2011,3,2011-03-25 15:08:00.000,2011-05-06 14:32:00.000
14871,At Risk,2,169,3,335.3,2,3,2,7,111.77,0.016393,183,91.50,44,109,2010,12,2010-12-14 12:18:00.000,2011-06-14 13:04:00.000
14264,At Risk,2,145,2,333.97,2,3,2,7,166.98,0.021739,92,92.00,15,70,2011,4,2011-04-08 12:20:00.000,2011-07-08 10:20:00.000
12891,At Risk,2,176,3,331,2,3,2,7,110.33,0.027778,108,54.00,2,950,2011,2,2011-02-20 11:28:00.000,2011-06-07 12:31:00.000
17615,At Risk,2,121,3,329.6,2,3,2,7,109.87,0.032258,93,46.50,13,140,2011,5,2011-05-01 15:33:00.000,2011-08-01 14:06:00.000
14024,At Risk,2,112,2,327.7,2,3,2,7,163.85,0.500000,4,4.00,16,150,2011,8,2011-08-07 13:31:00.000,2011-08-10 11:30:00.000
15675,At Risk,2,72,3,323.69,2,4,2,8,107.90,0.015000,200,100.00,20,527,2011,3,2011-03-04 14:21:00.000,2011-09-19 13:48:00.000
13955,At Risk,2,145,2,322.96,2,3,2,7,161.48,0.013158,152,152.00,33,154,2011,2,2011-02-07 12:24:00.000,2011-07-08 17:19:00.000
14823,At Risk,2,171,3,321.43,2,3,2,7,107.14,0.200000,15,7.50,56,88,2011,5,2011-05-29 12:48:00.000,2011-06-12 13:12:00.000
15107,At Risk,2,302,6,319.5,1,5,2,8,53.25,0.096774,62,12.40,12,169,2010,12,2010-12-02 13:45:00.000,2011-02-01 14:46:00.000
17229,At Risk,2,87,2,318.76,2,3,2,7,159.38,0.042553,47,47.00,39,185,2011,7,2011-07-20 12:38:00.000,2011-09-04 13:56:00.000
17267,At Risk,2,118,2,317.2,2,3,2,7,158.60,2.000000,1,1.00,37,158,2011,8,2011-08-04 17:19:00.000,2011-08-04 17:22:00.000
14479,At Risk,2,244,2,316.25,1,3,2,6,158.13,0.017699,113,113.00,18,117,2010,12,2010-12-09 12:59:00.000,2011-03-31 09:07:00.000
16473,At Risk,2,155,3,316.11,2,3,2,7,105.37,0.017341,173,86.50,18,196,2011,1,2011-01-07 10:55:00.000,2011-06-28 09:10:00.000
16091,At Risk,2,145,2,315.06,2,3,2,7,157.53,0.044444,45,45.00,16,154,2011,5,2011-05-25 09:18:00.000,2011-07-08 08:45:00.000
17362,At Risk,2,230,2,312.23,1,3,2,6,156.12,0.028169,71,71.00,30,191,2011,2,2011-02-03 10:26:00.000,2011-04-14 14:43:00.000
17854,At Risk,2,176,2,311.26,2,3,2,7,155.63,0.046512,43,43.00,15,84,2011,4,2011-04-26 16:53:00.000,2011-06-07 16:21:00.000
17912,At Risk,2,301,5,310.06,1,4,2,7,62.01,0.090909,55,13.75,35,184,2010,12,2010-12-10 11:11:00.000,2011-02-02 14:25:00.000
17604,At Risk,2,208,2,309.36,1,3,2,6,154.68,0.020833,96,96.00,57,169,2011,1,2011-01-31 15:09:00.000,2011-05-06 13:43:00.000
14915,At Risk,2,82,2,307.48,2,3,2,7,153.74,0.010695,187,187.00,12,112,2011,3,2011-03-07 09:39:00.000,2011-09-09 13:34:00.000
13718,At Risk,2,237,2,306.55,1,3,2,6,153.28,0.040000,50,50.00,9,173,2011,2,2011-02-17 11:58:00.000,2011-04-07 13:24:00.000
16217,At Risk,2,226,2,304.25,1,3,2,6,152.13,0.041667,48,48.00,13,91,2011,3,2011-03-02 15:28:00.000,2011-04-18 13:31:00.000
13479,At Risk,2,191,2,300.95,1,3,2,6,150.47,0.057143,35,35.00,14,134,2011,4,2011-04-19 11:27:00.000,2011-05-23 10:45:00.000
16998,At Risk,2,140,4,295,2,4,2,8,73.75,0.025641,156,52.00,1,76,2011,2,2011-02-08 15:42:00.000,2011-07-13 09:44:00.000
15732,At Risk,2,203,2,294.12,1,3,2,6,147.06,0.012422,161,161.00,13,215,2010,12,2010-12-02 15:00:00.000,2011-05-11 14:24:00.000
14656,At Risk,2,160,2,291.05,2,3,2,7,145.53,0.017391,115,115.00,73,120,2011,3,2011-03-01 13:19:00.000,2011-06-23 13:51:00.000
14162,At Risk,2,164,2,289.36,2,3,2,7,144.68,0.016667,120,120.00,25,142,2011,2,2011-02-20 12:32:00.000,2011-06-19 11:36:00.000
17501,At Risk,2,211,2,288.6,1,3,2,6,144.30,2.000000,1,1.00,18,160,2011,5,2011-05-03 09:46:00.000,2011-05-03 09:47:00.000
16808,At Risk,2,90,2,288.42,2,3,2,7,144.21,0.011364,176,176.00,21,196,2011,3,2011-03-10 19:05:00.000,2011-09-01 19:34:00.000
14660,At Risk,2,77,2,285.74,2,3,2,7,142.87,0.133333,15,15.00,24,228,2011,8,2011-08-31 10:40:00.000,2011-09-14 11:34:00.000
18190,At Risk,2,183,2,284.46,1,3,2,6,142.23,0.014388,139,139.00,14,140,2011,1,2011-01-13 10:35:00.000,2011-05-31 14:48:00.000
13754,At Risk,2,142,2,282.6,2,3,2,7,141.30,0.011976,167,167.00,11,214,2011,1,2011-01-26 14:58:00.000,2011-07-11 11:51:00.000
14242,At Risk,2,225,2,280.55,1,3,2,6,140.28,0.021739,92,92.00,13,123,2011,1,2011-01-18 08:53:00.000,2011-04-19 11:46:00.000
16883,At Risk,2,178,2,272.48,1,3,2,6,136.24,0.010811,185,185.00,33,103,2010,12,2010-12-03 10:33:00.000,2011-06-05 12:51:00.000
17579,At Risk,2,128,2,270.86,2,3,2,7,135.43,0.046512,43,43.00,15,130,2011,6,2011-06-13 14:12:00.000,2011-07-25 09:50:00.000
13242,At Risk,2,103,3,270.4,2,3,2,7,90.13,0.029412,102,51.00,12,130,2011,5,2011-05-10 12:26:00.000,2011-08-19 12:53:00.000
13533,At Risk,2,173,3,269.09,2,3,2,7,89.70,0.034884,86,43.00,61,202,2011,3,2011-03-17 12:47:00.000,2011-06-10 11:54:00.000
17550,At Risk,2,188,3,267.16,1,3,2,6,89.05,0.063830,47,23.50,42,86,2011,4,2011-04-10 15:19:00.000,2011-05-26 14:09:00.000
13837,At Risk,2,202,2,266.59,1,3,2,6,133.29,0.018692,107,107.00,17,182,2011,1,2011-01-26 12:15:00.000,2011-05-12 12:10:00.000
15912,At Risk,2,169,2,264.62,2,3,2,7,132.31,0.035714,56,56.00,19,185,2011,4,2011-04-20 17:10:00.000,2011-06-14 14:29:00.000
17708,At Risk,2,178,2,263.33,1,3,2,6,131.67,0.014493,138,138.00,28,90,2011,1,2011-01-19 10:09:00.000,2011-06-05 10:12:00.000
14053,At Risk,2,115,2,260.25,2,3,2,7,130.13,0.055556,36,36.00,2,215,2011,7,2011-07-03 12:21:00.000,2011-08-07 14:27:00.000
15577,At Risk,2,142,3,258.88,2,3,2,7,86.29,0.019355,155,77.50,39,89,2011,2,2011-02-07 13:32:00.000,2011-07-11 17:03:00.000
15894,At Risk,2,244,2,258.25,1,3,2,6,129.13,0.017094,117,117.00,35,164,2010,12,2010-12-05 14:06:00.000,2011-03-31 13:50:00.000
16226,At Risk,2,194,3,255.12,1,3,2,6,85.04,0.090909,33,16.50,6,192,2011,4,2011-04-18 12:58:00.000,2011-05-20 14:41:00.000
15689,At Risk,2,110,2,254.1,2,3,2,7,127.05,0.008230,243,243.00,8,84,2010,12,2010-12-13 09:57:00.000,2011-08-12 09:37:00.000
15759,At Risk,2,209,3,253.04,1,4,2,7,84.35,0.021277,141,70.50,5,60,2010,12,2010-12-16 15:29:00.000,2011-05-05 15:13:00.000
13711,At Risk,2,209,2,252.06,1,3,2,6,126.03,2.000000,1,1.00,11,140,2011,5,2011-05-05 10:29:00.000,2011-05-05 10:31:00.000
14501,At Risk,2,174,2,251.21,2,3,2,7,125.61,0.014599,137,137.00,9,161,2011,1,2011-01-24 10:43:00.000,2011-06-09 12:02:00.000
17339,At Risk,2,85,2,243.36,2,3,1,6,121.68,0.007353,272,272.00,9,152,2010,12,2010-12-09 14:44:00.000,2011-09-06 13:29:00.000
17256,At Risk,2,98,2,240,2,3,1,6,120.00,0.009709,206,206.00,12,141,2011,1,2011-01-31 14:53:00.000,2011-08-24 13:30:00.000
15462,At Risk,2,85,3,234.6,2,3,1,6,78.20,0.031915,94,47.00,9,172,2011,6,2011-06-05 15:36:00.000,2011-09-06 13:11:00.000
17969,At Risk,2,157,2,228.2,2,3,1,6,114.10,0.010204,196,196.00,14,152,2010,12,2010-12-13 15:34:00.000,2011-06-26 13:00:00.000
15483,At Risk,2,152,4,225.26,2,4,1,7,56.31,0.037736,106,35.33,74,291,2011,3,2011-03-18 12:26:00.000,2011-07-01 13:07:00.000
15724,At Risk,2,192,2,218.25,1,3,1,5,109.13,0.023810,84,84.00,11,73,2011,2,2011-02-28 10:40:00.000,2011-05-22 14:40:00.000
16634,At Risk,2,213,2,217.9,1,3,1,5,108.95,0.013245,151,151.00,9,82,2010,12,2010-12-02 17:41:00.000,2011-05-01 12:09:00.000
12897,At Risk,2,195,2,216.5,1,3,1,5,108.25,0.020408,98,98.00,3,110,2011,2,2011-02-11 11:40:00.000,2011-05-19 12:13:00.000
14104,At Risk,2,145,2,216.21,2,3,1,6,108.10,0.166667,12,12.00,21,72,2011,6,2011-06-27 12:49:00.000,2011-07-08 12:50:00.000
17580,At Risk,2,243,3,215.72,1,4,1,6,71.91,0.028037,107,53.50,43,88,2010,12,2010-12-16 15:27:00.000,2011-04-01 12:41:00.000
16647,At Risk,2,160,2,214.06,2,3,1,6,107.03,0.055556,36,36.00,12,146,2011,5,2011-05-19 09:31:00.000,2011-06-23 11:47:00.000
16356,At Risk,2,188,3,211.77,1,3,1,5,70.59,0.037037,81,40.50,20,93,2011,3,2011-03-07 12:31:00.000,2011-05-26 11:51:00.000
15897,At Risk,2,185,2,208.59,1,3,1,5,104.30,2.000000,1,1.00,17,223,2011,5,2011-05-29 13:32:00.000,2011-05-29 13:50:00.000
12547,At Risk,2,188,2,207.8,1,3,1,5,103.90,0.023810,84,84.00,7,134,2011,3,2011-03-04 12:46:00.000,2011-05-26 12:38:00.000
16866,At Risk,2,131,3,207.74,2,3,1,6,69.25,0.136364,22,11.00,10,60,2011,7,2011-07-01 12:34:00.000,2011-07-22 10:06:00.000
17889,At Risk,2,203,2,201.37,1,3,1,5,100.69,0.018018,111,111.00,20,77,2011,1,2011-01-21 17:14:00.000,2011-05-11 16:26:00.000
16832,At Risk,2,175,3,199.15,2,3,1,6,66.38,0.088235,34,17.00,11,33,2011,5,2011-05-06 14:12:00.000,2011-06-08 15:36:00.000
12450,At Risk,2,147,2,197.88,2,3,1,6,98.94,0.111111,18,18.00,7,128,2011,6,2011-06-19 14:36:00.000,2011-07-06 14:41:00.000
16112,At Risk,2,134,4,195.74,2,4,1,7,48.94,0.020408,196,65.33,15,574,2011,1,2011-01-05 11:47:00.000,2011-07-19 14:28:00.000
15198,At Risk,2,83,2,193.64,2,3,1,6,96.82,0.060606,33,33.00,10,120,2011,8,2011-08-07 15:16:00.000,2011-09-08 14:42:00.000
14697,At Risk,2,209,2,188.61,1,3,1,5,94.31,2.000000,1,1.00,22,181,2011,5,2011-05-05 15:29:00.000,2011-05-05 15:39:00.000
17781,At Risk,2,150,2,188.02,2,3,1,6,94.01,0.021053,95,95.00,12,34,2011,3,2011-03-31 19:54:00.000,2011-07-03 16:00:00.000
18013,At Risk,2,146,2,187.29,2,3,1,6,93.65,2.000000,1,1.00,31,285,2011,7,2011-07-07 14:08:00.000,2011-07-07 14:11:00.000
17440,At Risk,2,147,3,186.42,2,3,1,6,62.14,0.032609,92,46.00,3,246,2011,4,2011-04-06 12:05:00.000,2011-07-06 11:54:00.000
16835,At Risk,2,119,2,180.85,2,3,1,6,90.42,0.008130,246,246.00,10,61,2010,12,2010-12-01 17:15:00.000,2011-08-03 13:50:00.000
15139,At Risk,2,230,2,178.96,1,3,1,5,89.48,0.020408,98,98.00,13,208,2011,1,2011-01-07 12:44:00.000,2011-04-14 11:39:00.000
16952,At Risk,2,100,2,167.61,2,3,1,6,83.80,2.000000,1,1.00,16,92,2011,8,2011-08-22 12:58:00.000,2011-08-22 13:03:00.000
15920,At Risk,2,145,4,167.5,2,4,1,7,41.88,4.000000,1,0.33,53,99,2011,7,2011-07-08 15:16:00.000,2011-07-08 15:31:00.000
13470,At Risk,2,90,2,165,2,3,1,6,82.50,0.117647,17,17.00,7,100,2011,8,2011-08-16 17:06:00.000,2011-09-01 14:57:00.000
13223,At Risk,2,191,2,163.2,1,3,1,5,81.60,0.060606,33,33.00,5,88,2011,4,2011-04-21 15:16:00.000,2011-05-23 13:03:00.000
15852,At Risk,2,177,2,160.71,1,3,1,5,80.36,0.166667,12,12.00,22,48,2011,5,2011-05-26 13:26:00.000,2011-06-06 11:22:00.000
18146,At Risk,2,131,2,160.35,2,3,1,6,80.18,0.024691,81,81.00,10,153,2011,5,2011-05-03 16:35:00.000,2011-07-22 12:08:00.000
13420,At Risk,2,140,2,159.85,2,3,1,6,79.92,0.090909,22,22.00,8,101,2011,6,2011-06-22 11:35:00.000,2011-07-13 08:48:00.000
17026,At Risk,2,176,2,154.83,2,3,1,6,77.41,0.010811,185,185.00,4,97,2010,12,2010-12-05 12:47:00.000,2011-06-07 14:28:00.000
18273,At Risk,2,86,2,153,2,3,1,6,76.50,0.012270,163,163.00,1,60,2011,3,2011-03-27 11:22:00.000,2011-09-05 11:27:00.000
17707,At Risk,2,176,2,152.4,2,3,1,6,76.20,0.013158,152,152.00,3,144,2011,1,2011-01-07 13:30:00.000,2011-06-07 15:03:00.000
17946,At Risk,2,224,2,149.58,1,3,1,5,74.79,0.074074,27,27.00,18,75,2011,3,2011-03-25 14:34:00.000,2011-04-20 17:00:00.000
13003,At Risk,2,96,3,149.05,2,3,1,6,49.68,0.027273,110,55.00,4,103,2011,5,2011-05-09 08:23:00.000,2011-08-26 10:50:00.000
14037,At Risk,2,167,2,147.2,2,3,1,6,73.60,0.010582,189,189.00,27,46,2010,12,2010-12-10 11:39:00.000,2011-06-16 13:57:00.000
17935,At Risk,2,129,2,145.79,2,3,1,6,72.90,0.500000,4,4.00,28,82,2011,7,2011-07-21 11:23:00.000,2011-07-24 13:18:00.000
16828,At Risk,2,84,2,128.5,2,3,1,6,64.25,0.100000,20,20.00,8,59,2011,8,2011-08-19 13:24:00.000,2011-09-07 15:10:00.000
18018,At Risk,2,99,2,122.14,2,3,1,6,61.07,0.021739,92,92.00,29,55,2011,5,2011-05-24 13:22:00.000,2011-08-23 17:37:00.000
15512,At Risk,2,146,2,121,2,3,1,6,60.50,0.009756,205,205.00,7,68,2010,12,2010-12-15 12:01:00.000,2011-07-07 10:20:00.000
17446,At Risk,2,167,2,120.9,2,3,1,6,60.45,0.014815,135,135.00,6,198,2011,2,2011-02-02 14:40:00.000,2011-06-16 10:42:00.000
17900,At Risk,2,181,2,112.2,1,3,1,5,56.10,2.000000,1,1.00,4,73,2011,6,2011-06-02 14:28:00.000,2011-06-02 14:38:00.000
16498,At Risk,2,152,2,100.97,2,3,1,6,50.48,1.000000,2,2.00,15,45,2011,6,2011-06-30 19:52:00.000,2011-07-01 15:07:00.000
17991,At Risk,2,216,2,93.35,1,3,1,5,46.68,1.000000,2,2.00,4,25,2011,4,2011-04-27 16:39:00.000,2011-04-28 15:58:00.000
18037,At Risk,2,145,6,70.02,2,5,1,8,11.67,0.028708,209,41.80,19,20,2010,12,2010-12-12 16:20:00.000,2011-07-08 13:39:00.000
12798,Loyal Customers,3,1,3,6977.04,5,3,5,13,2325.68,0.018634,161,80.50,6,5256,2011,6,2011-06-22 10:11:00.000,2011-11-29 15:52:00.000
14277,Loyal Customers,3,6,3,4188,5,3,5,13,1396.00,0.015152,198,99.00,195,1976,2011,5,2011-05-11 13:20:00.000,2011-11-24 15:01:00.000
16240,Loyal Customers,3,15,2,3718.8,4,3,5,12,1859.40,0.037037,54,54.00,126,1641,2011,9,2011-09-23 13:44:00.000,2011-11-15 14:30:00.000
16253,Loyal Customers,3,57,2,3683.86,3,3,5,11,1841.93,0.010526,190,190.00,114,3233,2011,3,2011-03-29 13:33:00.000,2011-10-04 09:09:00.000
12700,Loyal Customers,3,56,3,3625.24,3,3,5,11,1208.41,0.019868,151,75.50,167,2266,2011,5,2011-05-08 16:10:00.000,2011-10-05 09:57:00.000
15113,Loyal Customers,3,0,3,3509.43,5,3,5,13,1169.81,0.065217,46,23.00,77,2344,2011,10,2011-10-16 15:27:00.000,2011-11-30 08:23:00.000
15676,Loyal Customers,3,9,3,3435.76,5,3,5,13,1145.25,0.011278,266,133.00,191,2252,2011,3,2011-03-01 10:19:00.000,2011-11-21 12:40:00.000
12406,Loyal Customers,3,13,2,3415.3,4,3,5,12,1707.65,0.012346,162,162.00,92,1818,2011,6,2011-06-09 10:23:00.000,2011-11-17 19:22:00.000
17672,Loyal Customers,3,41,2,3178.17,3,3,5,11,1589.09,0.007692,260,260.00,105,1690,2011,2,2011-02-03 13:29:00.000,2011-10-20 14:18:00.000
12578,Loyal Customers,3,12,2,2794.51,5,3,5,13,1397.26,0.006452,310,310.00,111,1196,2011,1,2011-01-13 15:34:00.000,2011-11-18 13:30:00.000
15321,Loyal Customers,3,61,3,2748.31,3,3,5,11,916.10,0.013514,222,111.00,83,1181,2011,2,2011-02-21 11:10:00.000,2011-09-30 09:40:00.000
17084,Loyal Customers,3,26,2,2747.99,4,3,5,12,1374.00,2.000000,1,1.00,146,1702,2011,11,2011-11-04 14:49:00.000,2011-11-04 14:54:00.000
13174,Loyal Customers,3,7,3,2742.82,5,3,5,13,914.27,0.008475,354,177.00,228,1352,2010,12,2010-12-05 16:24:00.000,2011-11-23 14:35:00.000
14125,Loyal Customers,3,1,3,2720.63,5,3,5,13,906.88,0.043478,69,34.50,159,1628,2011,9,2011-09-22 15:40:00.000,2011-11-29 12:47:00.000
15782,Loyal Customers,3,0,3,2614.74,5,3,5,13,871.58,0.037037,81,40.50,34,864,2011,9,2011-09-11 14:29:00.000,2011-11-30 10:49:00.000
13344,Loyal Customers,3,58,3,2511.69,3,3,5,11,837.23,0.014218,211,105.50,115,952,2011,3,2011-03-07 10:28:00.000,2011-10-03 09:45:00.000
12397,Loyal Customers,3,26,2,2409.9,4,3,5,12,1204.95,0.019802,101,101.00,110,1263,2011,7,2011-07-27 14:21:00.000,2011-11-04 09:52:00.000
17728,Loyal Customers,3,56,2,2288.16,3,3,5,11,1144.08,0.090909,22,22.00,133,1148,2011,9,2011-09-14 11:39:00.000,2011-10-05 08:17:00.000
13365,Loyal Customers,3,24,2,2225.37,4,3,5,12,1112.69,0.010811,185,185.00,122,1247,2011,5,2011-05-06 12:00:00.000,2011-11-06 12:36:00.000
12876,Loyal Customers,3,48,2,2218.02,3,3,5,11,1109.01,0.014286,140,140.00,67,1941,2011,5,2011-05-27 13:34:00.000,2011-10-13 12:26:00.000
13224,Loyal Customers,3,51,2,2155.95,3,3,5,11,1077.98,0.021739,92,92.00,101,1518,2011,7,2011-07-11 14:10:00.000,2011-10-10 14:55:00.000
14306,Loyal Customers,3,42,2,2093.32,3,3,5,11,1046.66,0.057143,35,35.00,33,1075,2011,9,2011-09-15 10:31:00.000,2011-10-19 13:23:00.000
14121,Loyal Customers,3,1,3,2008.99,5,3,5,13,669.66,0.060000,50,25.00,116,1388,2011,10,2011-10-11 10:39:00.000,2011-11-29 13:43:00.000
14544,Loyal Customers,3,15,2,2004.3,4,3,5,12,1002.15,0.005917,338,338.00,97,1536,2010,12,2010-12-13 12:50:00.000,2011-11-15 15:06:00.000
17082,Loyal Customers,3,24,2,2003.85,4,3,5,12,1001.92,0.006993,286,286.00,75,1049,2011,1,2011-01-25 14:36:00.000,2011-11-06 15:17:00.000
17679,Loyal Customers,3,43,2,1992.11,3,3,5,11,996.05,0.058824,34,34.00,29,729,2011,9,2011-09-15 10:35:00.000,2011-10-18 07:43:00.000
18204,Loyal Customers,3,62,3,1975.35,3,3,4,10,658.45,0.024590,122,61.00,159,1190,2011,5,2011-05-31 15:26:00.000,2011-09-29 16:44:00.000
16986,Loyal Customers,3,20,2,1873.2,4,3,4,11,936.60,1.000000,2,2.00,3,1040,2011,11,2011-11-09 15:52:00.000,2011-11-10 11:55:00.000
14305,Loyal Customers,3,62,3,1858.96,3,3,4,10,619.65,0.046154,65,32.50,96,1089,2011,7,2011-07-27 14:14:00.000,2011-09-29 15:29:00.000
13421,Loyal Customers,3,31,2,1833.71,4,3,4,11,916.85,0.007968,251,251.00,88,1128,2011,2,2011-02-22 15:46:00.000,2011-10-30 14:21:00.000
18235,Loyal Customers,3,62,3,1796.48,3,3,4,10,598.83,0.020408,147,73.50,100,1578,2011,5,2011-05-06 13:35:00.000,2011-09-29 08:27:00.000
16379,Loyal Customers,3,9,3,1755.76,5,3,4,12,585.25,0.049180,61,30.50,78,1184,2011,9,2011-09-22 09:33:00.000,2011-11-21 15:27:00.000
15549,Loyal Customers,3,68,3,1681.46,3,3,4,10,560.49,0.012500,240,120.00,104,694,2011,1,2011-01-27 15:38:00.000,2011-09-23 16:22:00.000
14164,Loyal Customers,3,61,2,1631.77,3,3,4,10,815.88,0.181818,11,11.00,28,1033,2011,9,2011-09-20 12:18:00.000,2011-09-30 12:24:00.000
15791,Loyal Customers,3,34,2,1612.69,3,3,4,10,806.35,0.012346,162,162.00,66,731,2011,5,2011-05-19 15:15:00.000,2011-10-27 10:14:00.000
14655,Loyal Customers,3,13,3,1569.32,4,3,4,11,523.11,0.014925,201,100.50,29,936,2011,5,2011-05-01 14:59:00.000,2011-11-17 10:24:00.000
12865,Loyal Customers,3,17,2,1568.23,4,3,4,11,784.12,0.020408,98,98.00,86,925,2011,8,2011-08-08 10:11:00.000,2011-11-13 14:31:00.000
13471,Loyal Customers,3,12,2,1546.4,5,3,4,12,773.20,0.074074,27,27.00,112,1010,2011,10,2011-10-23 13:10:00.000,2011-11-18 09:57:00.000
16369,Loyal Customers,3,9,3,1545.03,5,3,4,12,515.01,0.016760,179,89.50,91,1028,2011,5,2011-05-27 09:39:00.000,2011-11-21 16:25:00.000
17159,Loyal Customers,3,12,3,1538.88,5,3,4,12,512.96,0.019868,151,75.50,96,1111,2011,6,2011-06-21 09:49:00.000,2011-11-18 10:52:00.000
13849,Loyal Customers,3,42,2,1537.95,3,3,4,10,768.98,0.016667,120,120.00,97,1016,2011,6,2011-06-22 10:11:00.000,2011-10-19 10:59:00.000
14567,Loyal Customers,3,47,2,1530.36,3,3,4,10,765.18,0.026667,75,75.00,33,412,2011,8,2011-08-01 13:48:00.000,2011-10-14 10:21:00.000
13764,Loyal Customers,3,61,3,1519.42,3,3,4,10,506.47,0.011194,268,134.00,183,926,2011,1,2011-01-06 14:53:00.000,2011-09-30 12:03:00.000
16053,Loyal Customers,3,23,2,1511.95,4,3,4,11,755.97,0.021978,91,91.00,81,1793,2011,8,2011-08-09 14:57:00.000,2011-11-07 11:21:00.000
16279,Loyal Customers,3,12,3,1502.78,5,3,4,12,500.93,0.019231,156,78.00,102,1046,2011,6,2011-06-16 11:50:00.000,2011-11-18 15:00:00.000
12882,Loyal Customers,3,0,2,1463.04,5,3,4,12,731.52,0.080000,25,25.00,12,246,2011,11,2011-11-06 11:22:00.000,2011-11-30 16:18:00.000
15444,Loyal Customers,3,0,2,1411.21,5,3,4,12,705.60,0.062500,32,32.00,191,759,2011,10,2011-10-30 16:12:00.000,2011-11-30 17:37:00.000
15478,Loyal Customers,3,31,2,1399.92,4,3,4,11,699.96,0.117647,17,17.00,34,575,2011,10,2011-10-14 11:09:00.000,2011-10-30 14:19:00.000
13516,Loyal Customers,3,12,3,1389.41,5,3,4,12,463.14,0.013761,218,109.00,43,985,2011,4,2011-04-15 11:06:00.000,2011-11-18 13:15:00.000
17621,Loyal Customers,3,12,3,1379.9,5,3,4,12,459.97,0.008982,334,167.00,24,514,2010,12,2010-12-20 13:31:00.000,2011-11-18 17:11:00.000
12886,Loyal Customers,3,58,2,1378.4,3,3,4,10,689.20,0.013072,153,153.00,75,770,2011,5,2011-05-04 11:21:00.000,2011-10-03 10:09:00.000
13396,Loyal Customers,3,20,2,1360.99,4,3,4,11,680.49,0.006873,291,291.00,42,600,2011,1,2011-01-24 13:37:00.000,2011-11-10 16:59:00.000
16201,Loyal Customers,3,12,3,1354.07,5,3,4,12,451.36,0.033708,89,44.50,66,950,2011,8,2011-08-22 10:47:00.000,2011-11-18 17:20:00.000
15398,Loyal Customers,3,7,2,1345.53,5,3,4,12,672.76,0.031746,63,63.00,60,769,2011,9,2011-09-22 14:56:00.000,2011-11-23 16:47:00.000
12620,Loyal Customers,3,5,3,1339.41,5,3,4,12,446.47,0.015707,191,95.50,89,1181,2011,5,2011-05-19 12:10:00.000,2011-11-25 10:20:00.000
15680,Loyal Customers,3,0,3,1333.68,5,3,4,12,444.56,0.008380,358,179.00,61,952,2010,12,2010-12-08 14:43:00.000,2011-11-30 13:46:00.000
17095,Loyal Customers,3,13,3,1324.16,4,3,4,11,441.39,0.009585,313,156.50,69,618,2011,1,2011-01-09 11:05:00.000,2011-11-17 12:21:00.000
14921,Loyal Customers,3,21,2,1316.07,4,3,4,11,658.04,0.011628,172,172.00,78,953,2011,5,2011-05-22 12:51:00.000,2011-11-09 13:17:00.000
16040,Loyal Customers,3,56,3,1313.55,3,3,4,10,437.85,0.014706,204,102.00,57,684,2011,3,2011-03-16 09:58:00.000,2011-10-05 13:47:00.000
12516,Loyal Customers,3,68,2,1312.06,3,3,4,10,656.03,0.019231,104,104.00,20,875,2011,6,2011-06-12 11:37:00.000,2011-09-23 09:13:00.000
12488,Loyal Customers,3,0,3,1298.66,5,3,4,12,432.89,0.044776,67,33.50,46,529,2011,9,2011-09-25 10:34:00.000,2011-11-30 08:50:00.000
12372,Loyal Customers,3,62,3,1298.04,3,3,4,10,432.68,0.013274,226,113.00,34,794,2011,2,2011-02-16 12:46:00.000,2011-09-29 12:12:00.000
15494,Loyal Customers,3,12,2,1280.58,5,3,4,12,640.29,0.019802,101,101.00,120,1139,2011,8,2011-08-10 15:29:00.000,2011-11-18 14:51:00.000
17768,Loyal Customers,3,24,2,1279.45,4,3,4,11,639.73,0.014925,134,134.00,67,755,2011,6,2011-06-26 13:46:00.000,2011-11-06 14:14:00.000
12394,Loyal Customers,3,54,2,1272.48,3,3,4,10,636.24,0.012903,155,155.00,26,819,2011,5,2011-05-06 14:01:00.000,2011-10-07 08:08:00.000
12630,Loyal Customers,3,0,2,1270.88,5,3,4,12,635.44,0.057143,35,35.00,60,548,2011,10,2011-10-27 10:41:00.000,2011-11-30 10:48:00.000
13431,Loyal Customers,3,58,2,1269.1,3,3,4,10,634.55,0.090909,22,22.00,44,672,2011,9,2011-09-12 11:25:00.000,2011-10-03 13:49:00.000
13989,Loyal Customers,3,56,2,1266.08,3,3,4,10,633.04,0.011429,175,175.00,33,1313,2011,4,2011-04-14 15:39:00.000,2011-10-05 09:47:00.000
15497,Loyal Customers,3,8,2,1262.2,5,3,4,12,631.10,0.006601,303,303.00,13,624,2011,1,2011-01-24 10:01:00.000,2011-11-22 11:51:00.000
12689,Loyal Customers,3,16,2,1247.61,4,3,4,11,623.80,0.019417,103,103.00,57,628,2011,8,2011-08-04 10:04:00.000,2011-11-14 08:31:00.000
14893,Loyal Customers,3,0,2,1237.85,5,3,4,12,618.93,0.666667,3,3.00,72,799,2011,11,2011-11-28 10:49:00.000,2011-11-30 12:31:00.000
18080,Loyal Customers,3,9,2,1231.5,5,3,4,12,615.75,0.008889,225,225.00,2,642,2011,4,2011-04-11 10:10:00.000,2011-11-21 08:02:00.000
12412,Loyal Customers,3,65,3,1226.88,3,3,4,10,408.96,0.031250,96,48.00,43,829,2011,6,2011-06-23 13:51:00.000,2011-09-26 10:16:00.000
13918,Loyal Customers,3,40,2,1212.84,3,3,4,10,606.42,0.009756,205,205.00,30,1140,2011,3,2011-03-31 18:05:00.000,2011-10-21 12:25:00.000
15701,Loyal Customers,3,59,3,1210.06,3,3,4,10,403.35,0.069767,43,21.50,170,648,2011,8,2011-08-21 12:36:00.000,2011-10-02 14:00:00.000
12462,Loyal Customers,3,9,2,1189.59,5,3,4,12,594.80,0.006993,286,286.00,51,536,2011,2,2011-02-09 14:44:00.000,2011-11-21 09:11:00.000
12885,Loyal Customers,3,54,3,1175.22,3,3,4,10,391.74,0.049180,61,30.50,66,655,2011,8,2011-08-08 11:45:00.000,2011-10-07 13:40:00.000
15306,Loyal Customers,3,55,3,1174.35,3,3,4,10,391.45,0.035294,85,42.50,57,810,2011,7,2011-07-14 15:22:00.000,2011-10-06 12:56:00.000
14857,Loyal Customers,3,50,2,1173.12,3,3,4,10,586.56,0.022222,90,90.00,58,464,2011,7,2011-07-14 15:03:00.000,2011-10-11 09:23:00.000
14261,Loyal Customers,3,41,2,1163.45,3,3,4,10,581.73,0.068966,29,29.00,52,406,2011,9,2011-09-22 10:47:00.000,2011-10-20 10:04:00.000
12546,Loyal Customers,3,37,2,1161.5,3,3,4,10,580.75,0.062500,32,32.00,59,633,2011,9,2011-09-23 09:44:00.000,2011-10-24 12:09:00.000
15088,Loyal Customers,3,12,2,1160.07,5,3,4,12,580.04,0.042553,47,47.00,53,460,2011,10,2011-10-03 14:05:00.000,2011-11-18 13:14:00.000
17590,Loyal Customers,3,8,2,1147.09,5,3,4,12,573.54,0.083333,24,24.00,157,678,2011,10,2011-10-30 14:05:00.000,2011-11-22 16:06:00.000
17500,Loyal Customers,3,8,3,1138,5,3,4,12,379.33,0.230769,13,6.50,3,17,2011,11,2011-11-10 09:08:00.000,2011-11-22 14:25:00.000
15489,Loyal Customers,3,13,3,1134.28,4,3,4,11,378.09,0.015789,190,95.00,47,608,2011,5,2011-05-12 12:54:00.000,2011-11-17 08:53:00.000
13282,Loyal Customers,3,9,3,1132.14,5,3,4,12,377.38,0.014778,203,101.50,29,307,2011,5,2011-05-03 12:03:00.000,2011-11-21 15:33:00.000
15730,Loyal Customers,3,56,3,1120.88,3,3,4,10,373.63,0.021127,142,71.00,68,689,2011,5,2011-05-17 12:43:00.000,2011-10-05 12:31:00.000
12842,Loyal Customers,3,61,2,1118.99,3,3,4,10,559.50,0.008368,239,239.00,34,547,2011,2,2011-02-04 12:36:00.000,2011-09-30 15:33:00.000
17788,Loyal Customers,3,64,2,1117.9,3,3,4,10,558.95,0.035088,57,57.00,3,211,2011,8,2011-08-02 10:38:00.000,2011-09-27 10:09:00.000
13591,Loyal Customers,3,55,3,1117.13,3,3,4,10,372.38,0.014778,203,101.50,56,485,2011,3,2011-03-18 12:18:00.000,2011-10-06 12:26:00.000
16688,Loyal Customers,3,1,3,1115.16,5,3,4,12,371.72,0.058824,51,25.50,51,752,2011,10,2011-10-10 12:23:00.000,2011-11-29 17:12:00.000
15933,Loyal Customers,3,12,3,1107.46,5,3,4,12,369.15,0.045455,66,33.00,63,885,2011,9,2011-09-14 12:05:00.000,2011-11-18 13:14:00.000
13211,Loyal Customers,3,1,3,1095.42,5,3,4,12,365.14,0.008523,352,176.00,45,834,2010,12,2010-12-13 16:17:00.000,2011-11-29 14:43:00.000
18189,Loyal Customers,3,68,2,1090.24,3,3,4,10,545.12,0.010471,191,191.00,65,566,2011,3,2011-03-17 09:49:00.000,2011-09-23 12:40:00.000
15763,Loyal Customers,3,22,2,1086.92,4,3,4,11,543.46,0.042553,47,47.00,58,271,2011,9,2011-09-23 12:10:00.000,2011-11-08 09:44:00.000
17481,Loyal Customers,3,6,3,1083.19,5,3,4,12,361.06,0.037975,79,39.50,59,903,2011,9,2011-09-07 09:57:00.000,2011-11-24 09:06:00.000
16533,Loyal Customers,3,10,3,1082.81,5,3,4,12,360.94,0.060000,50,25.00,112,611,2011,10,2011-10-02 15:07:00.000,2011-11-20 13:08:00.000
14561,Loyal Customers,3,66,3,1080.76,3,3,4,10,360.25,0.027273,110,55.00,67,1014,2011,6,2011-06-08 13:26:00.000,2011-09-25 12:39:00.000
13726,Loyal Customers,3,29,2,1079.66,4,3,4,11,539.83,0.031746,63,63.00,39,1054,2011,8,2011-08-31 11:06:00.000,2011-11-01 10:49:00.000
15197,Loyal Customers,3,1,3,1079.61,5,3,4,12,359.87,0.008596,349,174.50,30,469,2010,12,2010-12-16 18:01:00.000,2011-11-29 10:00:00.000
13467,Loyal Customers,3,1,2,1071.91,5,3,4,12,535.96,0.074074,27,27.00,89,580,2011,11,2011-11-03 16:56:00.000,2011-11-29 10:01:00.000
13761,Loyal Customers,3,41,2,1070.65,3,3,4,10,535.32,0.015385,130,130.00,68,642,2011,6,2011-06-13 08:43:00.000,2011-10-20 14:01:00.000
18130,Loyal Customers,3,6,3,1059.39,5,3,4,12,353.13,0.069767,43,21.50,58,824,2011,10,2011-10-13 15:58:00.000,2011-11-24 14:40:00.000
13455,Loyal Customers,3,15,2,1058.34,4,3,4,11,529.17,0.005831,343,343.00,42,354,2010,12,2010-12-08 13:11:00.000,2011-11-15 11:21:00.000
15977,Loyal Customers,3,8,2,1054.73,5,3,4,12,527.37,0.086957,23,23.00,48,1016,2011,10,2011-10-31 16:24:00.000,2011-11-22 13:29:00.000
15621,Loyal Customers,3,2,2,1044.96,5,3,4,12,522.48,0.181818,11,11.00,3,368,2011,11,2011-11-18 11:49:00.000,2011-11-28 15:16:00.000
14389,Loyal Customers,3,56,2,1043.46,3,3,4,10,521.73,0.015873,126,126.00,33,729,2011,6,2011-06-02 12:04:00.000,2011-10-05 15:17:00.000
15073,Loyal Customers,3,0,3,1043.41,5,3,4,12,347.80,0.016854,178,89.00,31,491,2011,6,2011-06-06 09:59:00.000,2011-11-30 10:44:00.000
14418,Loyal Customers,3,16,2,1039.9,4,3,4,11,519.95,0.023810,84,84.00,59,922,2011,8,2011-08-23 17:18:00.000,2011-11-14 13:55:00.000
12526,Loyal Customers,3,44,2,1039.58,3,3,4,10,519.79,0.047619,42,42.00,54,544,2011,9,2011-09-06 14:19:00.000,2011-10-17 09:37:00.000
17724,Loyal Customers,3,62,3,1033,3,3,4,10,344.33,0.044118,68,34.00,38,300,2011,7,2011-07-24 13:26:00.000,2011-09-29 15:26:00.000
15136,Loyal Customers,3,13,2,1029.8,4,3,4,11,514.90,0.026667,75,75.00,48,612,2011,9,2011-09-04 16:05:00.000,2011-11-17 16:35:00.000
16160,Loyal Customers,3,56,2,1025.44,3,3,4,10,512.72,0.095238,21,21.00,20,1162,2011,9,2011-09-15 10:53:00.000,2011-10-05 14:19:00.000
13165,Loyal Customers,3,37,2,1021.48,3,3,4,10,510.74,0.006536,306,306.00,40,1376,2010,12,2010-12-23 14:06:00.000,2011-10-24 15:05:00.000
12849,Loyal Customers,3,22,2,1010.29,4,3,4,11,505.15,0.008403,238,238.00,47,597,2011,3,2011-03-16 12:26:00.000,2011-11-08 13:41:00.000
13032,Loyal Customers,3,43,2,1010.18,3,3,4,10,505.09,0.055556,36,36.00,55,375,2011,9,2011-09-13 16:40:00.000,2011-10-18 15:54:00.000
12545,Loyal Customers,3,66,2,1000.39,3,3,4,10,500.19,0.010811,185,185.00,42,523,2011,3,2011-03-25 12:04:00.000,2011-09-25 13:39:00.000
13363,Loyal Customers,3,8,2,992.5,5,3,4,12,496.25,0.074074,27,27.00,47,710,2011,10,2011-10-27 10:46:00.000,2011-11-22 12:40:00.000
15506,Loyal Customers,3,13,3,972.08,4,3,4,11,324.03,0.025641,117,58.50,121,842,2011,7,2011-07-24 11:45:00.000,2011-11-17 12:11:00.000
17100,Loyal Customers,3,9,2,971.74,5,3,4,12,485.87,2.000000,1,1.00,65,800,2011,11,2011-11-21 16:36:00.000,2011-11-21 16:36:00.000
15793,Loyal Customers,3,5,3,965.61,5,3,4,12,321.87,0.011765,255,127.50,6,553,2011,3,2011-03-16 10:45:00.000,2011-11-25 09:31:00.000
13823,Loyal Customers,3,9,2,957.66,5,3,4,12,478.83,0.027027,74,74.00,39,439,2011,9,2011-09-09 10:42:00.000,2011-11-21 10:22:00.000
14540,Loyal Customers,3,0,3,952.66,5,3,4,12,317.55,0.009967,301,150.50,64,411,2011,2,2011-02-03 15:02:00.000,2011-11-30 10:15:00.000
12822,Loyal Customers,3,61,2,948.88,3,3,4,10,474.44,0.111111,18,18.00,41,550,2011,9,2011-09-13 13:46:00.000,2011-09-30 10:04:00.000
12458,Loyal Customers,3,62,2,947.4,3,3,4,10,473.70,0.009346,214,214.00,35,506,2011,2,2011-02-28 10:55:00.000,2011-09-29 15:25:00.000
16934,Loyal Customers,3,45,2,931.03,3,3,4,10,465.51,2.000000,1,1.00,59,397,2011,10,2011-10-16 12:25:00.000,2011-10-16 12:40:00.000
14475,Loyal Customers,3,62,3,925.85,3,3,4,10,308.62,0.012821,234,117.00,35,447,2011,2,2011-02-08 10:12:00.000,2011-09-29 10:46:00.000
13805,Loyal Customers,3,43,2,924.6,3,3,4,10,462.30,0.025641,78,78.00,10,1900,2011,8,2011-08-02 15:29:00.000,2011-10-18 14:50:00.000
15654,Loyal Customers,3,0,2,922.53,5,3,4,12,461.26,0.111111,18,18.00,15,475,2011,11,2011-11-13 15:15:00.000,2011-11-30 13:08:00.000
13035,Loyal Customers,3,64,2,921.88,3,3,4,10,460.94,0.010638,188,188.00,23,644,2011,3,2011-03-24 09:21:00.000,2011-09-27 08:57:00.000
17018,Loyal Customers,3,31,2,920.1,3,3,4,10,460.05,0.006993,286,286.00,15,176,2011,1,2011-01-18 08:46:00.000,2011-10-30 11:42:00.000
16511,Loyal Customers,3,12,3,918.33,5,3,4,12,306.11,0.012195,246,123.00,135,405,2011,3,2011-03-18 11:24:00.000,2011-11-18 10:41:00.000
15587,Loyal Customers,3,41,4,913.68,3,4,3,10,228.42,0.013245,302,100.67,3,312,2010,12,2010-12-23 09:59:00.000,2011-10-20 13:37:00.000
14359,Loyal Customers,3,10,3,912.18,5,3,3,11,304.06,0.043478,69,34.50,44,371,2011,9,2011-09-13 09:03:00.000,2011-11-20 13:17:00.000
13782,Loyal Customers,3,3,6,908.86,5,5,3,13,151.48,0.018987,316,63.20,96,369,2011,1,2011-01-16 11:08:00.000,2011-11-27 11:54:00.000
17323,Loyal Customers,3,6,7,906.52,5,5,3,13,129.50,0.025180,278,46.33,125,760,2011,2,2011-02-20 14:38:00.000,2011-11-24 17:29:00.000
15807,Loyal Customers,3,41,3,903.9,3,4,3,10,301.30,0.107143,28,14.00,48,430,2011,9,2011-09-23 14:43:00.000,2011-10-20 14:10:00.000
15511,Loyal Customers,3,2,5,900.53,5,4,3,12,180.11,0.066667,75,18.75,117,269,2011,9,2011-09-15 15:05:00.000,2011-11-28 09:43:00.000
12940,Loyal Customers,3,45,2,899.69,3,3,3,9,449.85,0.058824,34,34.00,87,404,2011,9,2011-09-13 10:16:00.000,2011-10-16 12:09:00.000
14649,Loyal Customers,3,63,3,895.18,3,4,3,10,298.39,0.021277,141,70.50,95,657,2011,5,2011-05-11 14:37:00.000,2011-09-28 15:42:00.000
15865,Loyal Customers,3,31,3,895.13,4,4,3,11,298.38,0.017241,174,87.00,37,368,2011,5,2011-05-10 11:44:00.000,2011-10-30 12:43:00.000
15211,Loyal Customers,3,51,2,894.41,3,3,3,9,447.21,0.006536,306,306.00,52,240,2010,12,2010-12-09 16:08:00.000,2011-10-10 13:31:00.000
16361,Loyal Customers,3,0,4,891.21,5,4,3,12,222.80,0.063492,63,21.00,87,418,2011,9,2011-09-29 13:13:00.000,2011-11-30 12:32:00.000
13515,Loyal Customers,3,63,4,891.12,3,4,3,10,222.78,0.022727,176,58.67,50,681,2011,4,2011-04-06 10:33:00.000,2011-09-28 11:26:00.000
15434,Loyal Customers,3,22,4,890.58,4,4,3,11,222.64,0.023529,170,56.67,40,601,2011,5,2011-05-23 14:18:00.000,2011-11-08 08:18:00.000
14240,Loyal Customers,3,21,2,890.34,4,3,3,10,445.17,0.010204,196,196.00,37,418,2011,4,2011-04-28 11:40:00.000,2011-11-09 13:45:00.000
17007,Loyal Customers,3,41,6,889.93,3,5,3,11,148.32,0.019481,308,61.60,50,597,2010,12,2010-12-17 13:57:00.000,2011-10-20 10:47:00.000
17537,Loyal Customers,3,20,2,887.67,4,3,3,10,443.84,0.007273,275,275.00,74,699,2011,2,2011-02-09 13:37:00.000,2011-11-10 10:56:00.000
16900,Loyal Customers,3,7,3,887.11,5,3,3,11,295.70,0.062500,48,24.00,78,833,2011,10,2011-10-07 13:17:00.000,2011-11-23 10:32:00.000
14623,Loyal Customers,3,23,5,886.7,4,4,3,11,177.34,0.024510,204,51.00,108,418,2011,4,2011-04-18 13:54:00.000,2011-11-07 13:56:00.000
14449,Loyal Customers,3,9,4,885.8,5,4,3,12,221.45,0.011268,355,118.33,201,741,2010,12,2010-12-02 14:09:00.000,2011-11-21 12:06:00.000
15799,Loyal Customers,3,66,3,884.14,3,3,3,9,294.71,0.011538,260,130.00,94,955,2011,1,2011-01-09 15:13:00.000,2011-09-25 12:46:00.000
17405,Loyal Customers,3,63,2,883.01,3,3,3,9,441.50,0.025316,79,79.00,65,562,2011,7,2011-07-12 14:17:00.000,2011-09-28 10:27:00.000
18236,Loyal Customers,3,20,6,882.24,4,5,3,12,147.04,0.028302,212,42.40,42,403,2011,4,2011-04-13 09:52:00.000,2011-11-10 08:06:00.000
13509,Loyal Customers,3,43,6,881.62,3,5,3,11,146.94,0.025751,233,46.60,24,971,2011,2,2011-02-28 13:27:00.000,2011-10-18 11:41:00.000
17109,Loyal Customers,3,20,6,881.29,4,5,3,12,146.88,0.029412,204,40.80,107,588,2011,4,2011-04-21 15:46:00.000,2011-11-10 16:59:00.000
16657,Loyal Customers,3,0,4,874.43,5,4,3,12,218.61,0.016260,246,82.00,158,1130,2011,3,2011-03-30 12:02:00.000,2011-11-30 11:48:00.000
13200,Loyal Customers,3,10,4,870.09,5,4,3,12,217.52,0.037037,108,36.00,42,516,2011,8,2011-08-05 14:50:00.000,2011-11-20 15:35:00.000
12694,Loyal Customers,3,61,2,869.67,3,3,3,9,434.83,0.017544,114,114.00,32,509,2011,6,2011-06-09 17:48:00.000,2011-09-30 13:06:00.000
13203,Loyal Customers,3,0,4,869.46,5,4,3,12,217.36,0.017094,234,78.00,56,800,2011,4,2011-04-11 14:40:00.000,2011-11-30 10:45:00.000
17886,Loyal Customers,3,22,3,869.28,4,4,3,11,289.76,0.013699,219,109.50,93,469,2011,4,2011-04-04 12:34:00.000,2011-11-08 10:09:00.000
14715,Loyal Customers,3,15,4,867.38,4,4,3,11,216.84,0.012987,308,102.67,60,521,2011,1,2011-01-12 13:27:00.000,2011-11-15 12:10:00.000
16235,Loyal Customers,3,31,5,867.31,4,4,3,11,173.46,0.017065,293,73.25,42,330,2011,1,2011-01-11 15:42:00.000,2011-10-30 10:56:00.000
14597,Loyal Customers,3,2,2,866.24,5,3,3,11,433.12,0.011050,181,181.00,45,566,2011,6,2011-06-01 12:33:00.000,2011-11-28 13:13:00.000
13956,Loyal Customers,3,45,4,865.72,3,4,3,10,216.43,0.018349,218,72.67,107,436,2011,3,2011-03-13 12:51:00.000,2011-10-16 15:56:00.000
15500,Loyal Customers,3,9,3,865.3,5,4,3,12,288.43,0.046875,64,32.00,52,452,2011,9,2011-09-19 13:47:00.000,2011-11-21 08:40:00.000
13846,Loyal Customers,3,15,3,865.06,4,4,3,11,288.35,0.008902,337,168.50,55,388,2010,12,2010-12-14 16:07:00.000,2011-11-15 12:07:00.000
16266,Loyal Customers,3,64,7,861.89,3,5,3,11,123.13,0.052239,134,22.33,44,398,2011,5,2011-05-17 14:50:00.000,2011-09-27 12:08:00.000
18237,Loyal Customers,3,56,4,861.35,3,4,3,10,215.34,0.057143,70,23.33,39,537,2011,7,2011-07-28 13:05:00.000,2011-10-05 13:33:00.000
16221,Loyal Customers,3,27,3,860.86,4,4,3,11,286.95,0.009036,332,166.00,90,714,2010,12,2010-12-07 13:13:00.000,2011-11-03 11:43:00.000
12794,Loyal Customers,3,44,2,860.41,3,3,3,9,430.21,0.043478,46,46.00,43,592,2011,9,2011-09-02 12:01:00.000,2011-10-17 14:54:00.000
14577,Loyal Customers,3,3,4,859.71,5,4,3,12,214.93,0.011396,351,117.00,86,353,2010,12,2010-12-12 11:26:00.000,2011-11-27 12:47:00.000
14553,Loyal Customers,3,10,5,859.27,5,4,3,12,171.85,0.015576,321,80.25,103,493,2011,1,2011-01-04 15:40:00.000,2011-11-20 13:20:00.000
12912,Loyal Customers,3,5,3,858.06,5,3,3,11,286.02,0.111111,27,13.50,10,350,2011,10,2011-10-30 11:35:00.000,2011-11-25 13:58:00.000
13566,Loyal Customers,3,31,2,856.84,3,3,3,9,428.42,0.046512,43,43.00,134,567,2011,9,2011-09-18 12:40:00.000,2011-10-30 11:59:00.000
17064,Loyal Customers,3,49,3,855.45,3,4,3,10,285.15,0.011111,270,135.00,53,316,2011,1,2011-01-16 16:10:00.000,2011-10-12 10:18:00.000
16121,Loyal Customers,3,48,2,854.66,3,3,3,9,427.33,0.012579,159,159.00,170,576,2011,5,2011-05-08 11:52:00.000,2011-10-13 12:59:00.000
14193,Loyal Customers,3,58,2,853.39,3,3,3,9,426.69,0.009852,203,203.00,35,445,2011,3,2011-03-15 11:38:00.000,2011-10-03 09:34:00.000
13991,Loyal Customers,3,3,6,852.88,5,5,3,13,142.15,0.045455,132,26.40,58,995,2011,7,2011-07-19 12:58:00.000,2011-11-27 16:18:00.000
15022,Loyal Customers,3,2,4,852.39,5,4,3,12,213.10,0.108108,37,12.33,96,527,2011,10,2011-10-23 15:47:00.000,2011-11-28 12:35:00.000
16070,Loyal Customers,3,13,2,852.15,4,3,3,10,426.08,0.181818,11,11.00,32,457,2011,11,2011-11-07 16:36:00.000,2011-11-17 15:50:00.000
16020,Loyal Customers,3,7,3,851.01,5,4,3,12,283.67,0.060000,50,25.00,42,487,2011,10,2011-10-05 13:54:00.000,2011-11-23 11:18:00.000
18096,Loyal Customers,3,2,3,849.059999999999,5,3,3,11,283.02,0.056604,53,26.50,157,788,2011,10,2011-10-07 11:55:00.000,2011-11-28 12:44:00.000
14657,Loyal Customers,3,8,4,848.22,5,4,3,12,212.06,0.012903,310,103.33,103,466,2011,1,2011-01-17 15:19:00.000,2011-11-22 12:47:00.000
16877,Loyal Customers,3,3,6,846.62,5,5,3,13,141.10,0.030457,197,39.40,111,458,2011,5,2011-05-15 16:13:00.000,2011-11-27 13:47:00.000
17929,Loyal Customers,3,2,4,843,5,4,3,12,210.75,0.013423,298,99.33,4,108,2011,2,2011-02-04 11:40:00.000,2011-11-28 16:01:00.000
16560,Loyal Customers,3,17,2,841.41,4,3,3,10,420.70,0.006006,333,333.00,52,500,2010,12,2010-12-16 14:36:00.000,2011-11-13 10:35:00.000
14862,Loyal Customers,3,16,2,841.2,4,3,3,10,420.60,0.016129,124,124.00,47,772,2011,7,2011-07-14 11:20:00.000,2011-11-14 10:01:00.000
17076,Loyal Customers,3,27,3,841.08,4,4,3,11,280.36,0.009119,329,164.50,17,295,2010,12,2010-12-10 10:08:00.000,2011-11-03 17:53:00.000
14332,Loyal Customers,3,13,3,840.21,4,3,3,10,280.07,0.023810,126,63.00,22,463,2011,7,2011-07-15 10:33:00.000,2011-11-17 11:54:00.000
13940,Loyal Customers,3,8,4,839.14,5,4,3,12,209.79,0.031250,128,42.67,39,516,2011,7,2011-07-18 16:05:00.000,2011-11-22 15:15:00.000
16554,Loyal Customers,3,33,3,837.1,3,4,3,10,279.03,0.010345,290,145.00,51,402,2011,1,2011-01-12 12:41:00.000,2011-10-28 14:51:00.000
12728,Loyal Customers,3,62,4,836.33,3,4,3,10,209.08,0.015267,262,87.33,38,419,2011,1,2011-01-11 13:31:00.000,2011-09-29 15:31:00.000
16747,Loyal Customers,3,28,2,836.06,4,3,3,10,418.03,0.064516,31,31.00,34,583,2011,10,2011-10-03 10:18:00.000,2011-11-02 11:37:00.000
17169,Loyal Customers,3,48,2,835.78,3,3,3,9,417.89,0.015748,127,127.00,51,526,2011,6,2011-06-09 13:16:00.000,2011-10-13 10:25:00.000
13835,Loyal Customers,3,16,4,834.57,4,4,3,11,208.64,0.020942,191,63.67,48,442,2011,5,2011-05-08 15:22:00.000,2011-11-14 15:37:00.000
17075,Loyal Customers,3,8,4,834.12,5,4,3,12,208.53,0.013289,301,100.33,62,292,2011,1,2011-01-26 13:20:00.000,2011-11-22 11:58:00.000
14644,Loyal Customers,3,58,2,830.76,3,3,3,9,415.38,0.008621,232,232.00,26,258,2011,2,2011-02-14 14:14:00.000,2011-10-03 08:30:00.000
16924,Loyal Customers,3,12,3,829.89,5,3,3,11,276.63,0.046875,64,32.00,69,467,2011,9,2011-09-16 12:54:00.000,2011-11-18 12:53:00.000
13681,Loyal Customers,3,8,4,827.83,5,4,3,12,206.96,0.028777,139,46.33,37,360,2011,7,2011-07-07 15:21:00.000,2011-11-22 11:13:00.000
12781,Loyal Customers,3,54,2,826.74,3,3,3,9,413.37,0.009009,222,222.00,25,671,2011,2,2011-02-28 08:43:00.000,2011-10-07 10:37:00.000
12427,Loyal Customers,3,12,3,825.8,5,4,3,12,275.27,0.008547,351,175.50,26,533,2010,12,2010-12-03 10:44:00.000,2011-11-18 08:56:00.000
15164,Loyal Customers,3,59,3,824.58,3,3,3,9,274.86,0.011029,272,136.00,79,351,2011,1,2011-01-04 14:21:00.000,2011-10-02 12:05:00.000
14446,Loyal Customers,3,19,3,823.52,4,4,3,11,274.51,0.013699,219,109.50,187,801,2011,4,2011-04-07 12:10:00.000,2011-11-11 12:02:00.000
16164,Loyal Customers,3,8,3,822.48,5,3,3,11,274.16,0.115385,26,13.00,27,433,2011,10,2011-10-28 09:12:00.000,2011-11-22 15:04:00.000
12778,Loyal Customers,3,10,6,822.23,5,5,3,13,137.04,0.020408,294,58.80,40,825,2011,1,2011-01-31 14:35:00.000,2011-11-20 11:30:00.000
17921,Loyal Customers,3,55,4,820.23,3,4,3,10,205.06,0.019704,203,67.67,114,425,2011,3,2011-03-18 13:19:00.000,2011-10-06 18:56:00.000
17759,Loyal Customers,3,8,3,819.96,5,3,3,11,273.32,0.019608,153,76.50,82,697,2011,6,2011-06-23 13:35:00.000,2011-11-22 16:02:00.000
16869,Loyal Customers,3,13,4,817.12,4,4,3,11,204.28,0.025974,154,51.33,113,583,2011,6,2011-06-17 13:01:00.000,2011-11-17 12:02:00.000
16621,Loyal Customers,3,42,4,813.48,3,4,3,10,203.37,0.017621,227,75.67,22,302,2011,3,2011-03-07 11:32:00.000,2011-10-19 11:38:00.000
14421,Loyal Customers,3,48,2,813.11,3,3,3,9,406.56,0.012903,155,155.00,25,365,2011,5,2011-05-12 10:49:00.000,2011-10-13 13:24:00.000
16284,Loyal Customers,3,22,2,812.68,4,3,3,10,406.34,0.100000,20,20.00,87,535,2011,10,2011-10-20 13:54:00.000,2011-11-08 16:12:00.000
16460,Loyal Customers,3,19,3,811.23,4,4,3,11,270.41,0.055556,54,27.00,128,876,2011,9,2011-09-19 10:15:00.000,2011-11-11 13:46:00.000
17097,Loyal Customers,3,1,7,810.27,5,5,3,13,115.75,0.019663,356,59.33,126,367,2010,12,2010-12-09 14:55:00.000,2011-11-29 16:23:00.000
15965,Loyal Customers,3,8,4,808.87,5,4,3,12,202.22,0.011396,351,117.00,88,434,2010,12,2010-12-07 13:18:00.000,2011-11-22 16:44:00.000
14499,Loyal Customers,3,17,3,808.44,4,4,3,11,269.48,0.011858,253,126.50,146,496,2011,3,2011-03-06 11:55:00.000,2011-11-13 13:01:00.000
15533,Loyal Customers,3,10,3,807.57,5,3,3,11,269.19,0.042254,71,35.50,73,289,2011,9,2011-09-11 15:41:00.000,2011-11-20 15:35:00.000
12421,Loyal Customers,3,6,4,807.04,5,4,3,12,201.76,0.013115,305,101.67,32,484,2011,1,2011-01-24 15:09:00.000,2011-11-24 09:07:00.000
13637,Loyal Customers,3,43,3,804.3,3,4,3,10,268.10,0.017143,175,87.50,79,405,2011,4,2011-04-27 13:06:00.000,2011-10-18 13:32:00.000
18265,Loyal Customers,3,63,2,801.51,3,3,3,9,400.75,0.022989,87,87.00,44,311,2011,7,2011-07-04 15:26:00.000,2011-09-28 14:10:00.000
16367,Loyal Customers,3,28,2,800.670000000001,4,3,3,10,400.34,0.006135,326,326.00,123,643,2010,12,2010-12-12 12:01:00.000,2011-11-02 13:13:00.000
15561,Loyal Customers,3,2,4,800.59,5,4,3,12,200.15,0.019512,205,68.33,27,267,2011,5,2011-05-08 11:38:00.000,2011-11-28 11:07:00.000
17905,Loyal Customers,3,62,4,798.99,3,4,3,10,199.75,0.013201,303,101.00,33,406,2010,12,2010-12-01 13:21:00.000,2011-09-29 17:33:00.000
17703,Loyal Customers,3,26,3,798.74,4,4,3,11,266.25,0.028846,104,52.00,47,590,2011,7,2011-07-24 13:30:00.000,2011-11-04 15:51:00.000
13389,Loyal Customers,3,2,3,797.96,5,3,3,11,265.99,0.013514,222,111.00,50,429,2011,4,2011-04-21 12:12:00.000,2011-11-28 14:01:00.000
15831,Loyal Customers,3,49,3,794.64,3,4,3,10,264.88,0.011236,267,133.50,63,1092,2011,1,2011-01-19 14:52:00.000,2011-10-12 13:14:00.000
13167,Loyal Customers,3,9,4,791.33,5,4,3,12,197.83,0.031746,126,42.00,51,785,2011,7,2011-07-19 12:13:00.000,2011-11-21 12:24:00.000
14976,Loyal Customers,3,48,7,790.86,3,5,3,11,112.98,0.025926,270,45.00,47,234,2011,1,2011-01-17 11:09:00.000,2011-10-13 16:37:00.000
13016,Loyal Customers,3,64,3,789.89,3,4,3,10,263.30,0.058824,51,25.50,39,527,2011,8,2011-08-08 15:00:00.000,2011-09-27 14:08:00.000
13329,Loyal Customers,3,22,2,789,4,3,3,10,394.50,0.005952,336,336.00,16,463,2010,12,2010-12-08 10:11:00.000,2011-11-08 10:29:00.000
13212,Loyal Customers,3,10,3,786.83,5,4,3,12,262.28,0.069767,43,21.50,128,309,2011,10,2011-10-09 14:48:00.000,2011-11-20 12:40:00.000
13109,Loyal Customers,3,50,2,786.54,3,3,3,9,393.27,0.020202,99,99.00,41,520,2011,7,2011-07-05 14:56:00.000,2011-10-11 10:16:00.000
15806,Loyal Customers,3,37,3,784.58,3,4,3,10,261.53,0.012987,231,115.50,24,602,2011,3,2011-03-08 09:24:00.000,2011-10-24 14:35:00.000
18136,Loyal Customers,3,54,3,784.33,3,4,3,10,261.44,0.011673,257,128.50,34,379,2011,1,2011-01-24 12:08:00.000,2011-10-07 15:40:00.000
17180,Loyal Customers,3,47,4,783.97,3,4,3,10,195.99,0.015326,261,87.00,91,670,2011,1,2011-01-27 18:05:00.000,2011-10-14 15:46:00.000
15952,Loyal Customers,3,24,4,781.91,4,4,3,11,195.48,0.020725,193,64.33,65,391,2011,4,2011-04-28 12:55:00.000,2011-11-06 11:18:00.000
15679,Loyal Customers,3,15,4,781.28,4,4,3,11,195.32,0.025157,159,53.00,98,1170,2011,6,2011-06-10 08:24:00.000,2011-11-15 16:19:00.000
17797,Loyal Customers,3,13,3,780.43,4,4,3,11,260.14,0.018634,161,80.50,102,498,2011,6,2011-06-10 11:29:00.000,2011-11-17 13:21:00.000
18228,Loyal Customers,3,47,2,779.9,3,3,3,9,389.95,0.083333,24,24.00,23,238,2011,9,2011-09-21 10:48:00.000,2011-10-14 09:21:00.000
17411,Loyal Customers,3,3,3,778.94,5,4,3,12,259.65,0.012000,250,125.00,39,306,2011,3,2011-03-23 13:44:00.000,2011-11-27 14:25:00.000
14815,Loyal Customers,3,27,2,778.5,4,3,3,10,389.25,0.062500,32,32.00,53,744,2011,10,2011-10-03 11:36:00.000,2011-11-03 11:36:00.000
17414,Loyal Customers,3,34,2,778,3,3,3,9,389.00,0.014085,142,142.00,5,2100,2011,6,2011-06-08 11:43:00.000,2011-10-27 12:13:00.000
15618,Loyal Customers,3,23,4,776.851,4,4,3,11,194.21,0.038095,105,35.00,39,454,2011,7,2011-07-26 10:13:00.000,2011-11-07 08:34:00.000
15743,Loyal Customers,3,7,4,775.96,5,4,3,12,193.99,0.023669,169,56.33,59,214,2011,6,2011-06-08 10:14:00.000,2011-11-23 17:19:00.000
16825,Loyal Customers,3,29,2,775.18,4,3,3,10,387.59,0.013514,148,148.00,27,566,2011,6,2011-06-07 09:44:00.000,2011-11-01 11:51:00.000
15414,Loyal Customers,3,0,3,774.9,5,3,3,11,258.30,0.012821,234,117.00,37,443,2011,4,2011-04-11 13:45:00.000,2011-11-30 09:50:00.000
13026,Loyal Customers,3,22,4,774.84,4,4,3,11,193.71,0.016327,245,81.67,18,1128,2011,3,2011-03-09 11:35:00.000,2011-11-08 07:52:00.000
16043,Loyal Customers,3,28,4,773.99,4,4,3,11,193.50,0.014235,281,93.67,30,503,2011,1,2011-01-26 11:14:00.000,2011-11-02 12:50:00.000
17764,Loyal Customers,3,41,2,772.55,3,3,3,9,386.27,0.012346,162,162.00,71,351,2011,5,2011-05-12 16:11:00.000,2011-10-20 11:03:00.000
14412,Loyal Customers,3,33,2,770.03,3,3,3,9,385.01,0.064516,31,31.00,43,786,2011,9,2011-09-28 08:48:00.000,2011-10-28 10:45:00.000
17516,Loyal Customers,3,6,5,764.88,5,5,3,13,152.98,0.018450,271,67.75,113,414,2011,2,2011-02-27 12:41:00.000,2011-11-24 16:51:00.000
15599,Loyal Customers,3,17,2,761.74,4,3,3,10,380.87,0.011173,179,179.00,50,718,2011,5,2011-05-19 13:05:00.000,2011-11-13 11:44:00.000
14883,Loyal Customers,3,9,6,761.59,5,5,3,13,126.93,0.030928,194,38.80,39,790,2011,5,2011-05-12 09:49:00.000,2011-11-21 10:23:00.000
17425,Loyal Customers,3,10,2,759.17,5,3,3,11,379.58,0.047619,42,42.00,42,407,2011,10,2011-10-10 11:37:00.000,2011-11-20 15:30:00.000
13104,Loyal Customers,3,37,5,759,3,4,3,10,151.80,0.016181,309,77.25,14,396,2010,12,2010-12-20 11:58:00.000,2011-10-24 10:11:00.000
12413,Loyal Customers,3,57,3,758.1,3,3,3,9,252.70,0.011029,272,136.00,29,286,2011,1,2011-01-06 16:12:00.000,2011-10-04 09:00:00.000
16205,Loyal Customers,3,21,4,757.63,4,4,3,11,189.41,0.026667,150,50.00,73,516,2011,6,2011-06-13 11:33:00.000,2011-11-09 09:32:00.000
14550,Loyal Customers,3,1,2,757.37,5,3,3,11,378.69,0.057143,35,35.00,38,389,2011,10,2011-10-26 12:14:00.000,2011-11-29 12:12:00.000
16770,Loyal Customers,3,48,5,757.1,3,4,3,10,151.42,0.015823,316,79.00,116,456,2010,12,2010-12-02 15:49:00.000,2011-10-13 12:21:00.000
14234,Loyal Customers,3,13,4,754.119999999999,4,4,3,11,188.53,0.111111,36,12.00,122,951,2011,10,2011-10-13 13:58:00.000,2011-11-17 17:53:00.000
16470,Loyal Customers,3,42,4,752.77,3,4,3,10,188.19,0.012987,308,102.67,120,522,2010,12,2010-12-16 11:53:00.000,2011-10-19 12:11:00.000
13030,Loyal Customers,3,2,2,752.44,5,3,3,11,376.22,0.005587,358,358.00,76,348,2010,12,2010-12-06 14:31:00.000,2011-11-28 14:30:00.000
15656,Loyal Customers,3,36,4,748.5,3,4,3,10,187.13,0.016667,240,80.00,46,343,2011,2,2011-02-28 15:32:00.000,2011-10-25 14:56:00.000
14201,Loyal Customers,3,51,7,747.44,3,5,3,11,106.78,0.023333,300,50.00,32,590,2010,12,2010-12-15 13:25:00.000,2011-10-10 13:27:00.000
17387,Loyal Customers,3,10,2,746.81,5,3,3,11,373.41,0.133333,15,15.00,71,522,2011,11,2011-11-06 11:25:00.000,2011-11-20 11:00:00.000
14050,Loyal Customers,3,22,2,746.36,4,3,3,10,373.18,0.026316,76,76.00,49,689,2011,8,2011-08-25 13:46:00.000,2011-11-08 10:00:00.000
14897,Loyal Customers,3,43,3,746.32,3,4,3,10,248.77,0.012245,245,122.50,33,322,2011,2,2011-02-16 08:37:00.000,2011-10-18 09:54:00.000
17034,Loyal Customers,3,7,3,745.52,5,3,3,11,248.51,0.011029,272,136.00,28,410,2011,2,2011-02-25 10:10:00.000,2011-11-23 15:14:00.000
14790,Loyal Customers,3,7,4,745.06,5,4,3,12,186.26,0.016807,238,79.33,30,699,2011,3,2011-03-31 11:49:00.000,2011-11-23 09:28:00.000
13950,Loyal Customers,3,2,4,745.06,5,4,3,12,186.26,0.016949,236,78.67,33,323,2011,4,2011-04-07 11:29:00.000,2011-11-28 14:44:00.000
13236,Loyal Customers,3,15,2,744.85,4,3,3,10,372.43,0.024096,83,83.00,34,416,2011,8,2011-08-25 08:58:00.000,2011-11-15 12:50:00.000
16730,Loyal Customers,3,43,3,743.11,3,4,3,10,247.70,0.011194,268,134.00,75,994,2011,1,2011-01-24 14:01:00.000,2011-10-18 14:11:00.000
12465,Loyal Customers,3,8,2,742.19,5,3,3,11,371.10,0.013072,153,153.00,46,479,2011,6,2011-06-23 13:37:00.000,2011-11-22 16:34:00.000
14662,Loyal Customers,3,19,4,741.37,4,4,3,11,185.34,0.013841,289,96.33,143,578,2011,1,2011-01-27 17:41:00.000,2011-11-11 12:13:00.000
15252,Loyal Customers,3,27,2,740.78,4,3,3,10,370.39,0.013514,148,148.00,44,522,2011,6,2011-06-09 14:15:00.000,2011-11-03 13:30:00.000
17461,Loyal Customers,3,13,3,735.82,4,4,3,11,245.27,0.375000,8,4.00,104,770,2011,11,2011-11-10 12:01:00.000,2011-11-17 10:21:00.000
15215,Loyal Customers,3,37,3,734.94,3,4,3,10,244.98,0.058824,51,25.50,33,225,2011,9,2011-09-04 12:24:00.000,2011-10-24 11:41:00.000
17979,Loyal Customers,3,26,4,732.41,4,4,3,11,183.10,0.017778,225,75.00,116,383,2011,3,2011-03-25 11:34:00.000,2011-11-04 12:05:00.000
13575,Loyal Customers,3,14,5,732.07,4,4,3,11,146.41,0.032468,154,38.50,41,449,2011,6,2011-06-16 14:24:00.000,2011-11-16 13:14:00.000
12820,Loyal Customers,3,35,3,731.99,3,4,3,10,244.00,0.010601,283,141.50,47,607,2011,1,2011-01-17 12:34:00.000,2011-10-26 13:27:00.000
16099,Loyal Customers,3,41,3,731.9,3,4,3,10,243.97,0.017045,176,88.00,29,434,2011,4,2011-04-28 08:34:00.000,2011-10-20 13:13:00.000
16261,Loyal Customers,3,8,4,728.54,5,4,3,12,182.13,0.017391,230,76.67,98,301,2011,4,2011-04-07 19:05:00.000,2011-11-22 17:23:00.000
13623,Loyal Customers,3,21,5,727.74,4,4,3,11,145.55,0.018657,268,67.00,75,286,2011,2,2011-02-15 13:08:00.000,2011-11-09 12:00:00.000
16140,Loyal Customers,3,56,2,725.18,3,3,3,9,362.59,0.006515,307,307.00,32,730,2010,12,2010-12-03 14:40:00.000,2011-10-05 12:15:00.000
17521,Loyal Customers,3,20,3,723.21,4,4,3,11,241.07,0.017544,171,85.50,38,519,2011,5,2011-05-24 15:14:00.000,2011-11-10 11:22:00.000
15272,Loyal Customers,3,48,2,721.94,3,3,3,9,360.97,0.066667,30,30.00,63,310,2011,9,2011-09-14 16:36:00.000,2011-10-13 12:59:00.000
15584,Loyal Customers,3,14,4,720.86,4,4,3,11,180.22,0.028571,140,46.67,89,313,2011,6,2011-06-30 16:39:00.000,2011-11-16 10:55:00.000
16023,Loyal Customers,3,37,3,719.81,3,4,3,10,239.94,0.013575,221,110.50,90,358,2011,3,2011-03-18 13:32:00.000,2011-10-24 16:34:00.000
17114,Loyal Customers,3,24,7,716.08,4,5,3,12,102.30,0.023179,302,50.33,72,178,2011,1,2011-01-09 11:39:00.000,2011-11-06 13:37:00.000
17888,Loyal Customers,3,12,8,716,5,5,3,13,89.50,0.023739,337,48.14,60,973,2010,12,2010-12-17 13:56:00.000,2011-11-18 13:45:00.000
15330,Loyal Customers,3,23,2,714.96,4,3,3,10,357.48,0.068966,29,29.00,10,1312,2011,10,2011-10-10 12:30:00.000,2011-11-07 17:50:00.000
15757,Loyal Customers,3,56,2,714.42,3,3,3,9,357.21,0.013072,153,153.00,43,491,2011,5,2011-05-06 11:40:00.000,2011-10-05 12:14:00.000
18035,Loyal Customers,3,26,3,713.89,4,4,3,11,237.96,0.333333,9,4.50,44,584,2011,10,2011-10-27 17:48:00.000,2011-11-04 12:39:00.000
13147,Loyal Customers,3,1,4,712.8,5,4,3,12,178.20,0.044444,90,30.00,1,144,2011,9,2011-09-01 12:28:00.000,2011-11-29 13:59:00.000
13416,Loyal Customers,3,34,2,712.5,3,3,3,9,356.25,0.051282,39,39.00,11,142,2011,9,2011-09-19 14:43:00.000,2011-10-27 08:56:00.000
16362,Loyal Customers,3,23,5,709.99,4,4,3,11,142.00,0.083333,60,15.00,58,340,2011,9,2011-09-09 14:47:00.000,2011-11-07 13:01:00.000
16136,Loyal Customers,3,50,3,709.38,3,4,3,10,236.46,0.013699,219,109.50,35,440,2011,3,2011-03-07 09:52:00.000,2011-10-11 09:10:00.000
16364,Loyal Customers,3,2,2,705.79,5,3,3,11,352.89,0.015748,127,127.00,48,279,2011,7,2011-07-25 14:35:00.000,2011-11-28 11:27:00.000
16882,Loyal Customers,3,57,3,705.12,3,3,3,9,235.04,0.011905,252,126.00,39,424,2011,1,2011-01-26 17:43:00.000,2011-10-04 10:42:00.000
17934,Loyal Customers,3,42,2,704.25,3,3,3,9,352.12,0.250000,8,8.00,21,478,2011,10,2011-10-12 10:50:00.000,2011-10-19 11:16:00.000
17974,Loyal Customers,3,15,3,703.99,4,4,3,11,234.66,0.015306,196,98.00,143,500,2011,5,2011-05-04 11:50:00.000,2011-11-15 11:37:00.000
12883,Loyal Customers,3,15,4,703.47,4,4,3,11,175.87,0.060606,66,22.00,39,196,2011,9,2011-09-11 15:18:00.000,2011-11-15 09:32:00.000
15103,Loyal Customers,3,22,2,703.36,4,3,3,10,351.68,0.035714,56,56.00,35,329,2011,9,2011-09-14 13:54:00.000,2011-11-08 14:53:00.000
14179,Loyal Customers,3,31,2,701.57,3,3,3,9,350.78,0.153846,13,13.00,135,319,2011,10,2011-10-18 14:00:00.000,2011-10-30 12:07:00.000
14198,Loyal Customers,3,9,4,701.4,5,4,3,12,175.35,0.018018,222,74.00,35,290,2011,4,2011-04-14 14:54:00.000,2011-11-21 16:35:00.000
13238,Loyal Customers,3,8,4,700.73,5,4,3,12,175.18,0.011628,344,114.67,20,298,2010,12,2010-12-14 14:37:00.000,2011-11-22 15:37:00.000
17734,Loyal Customers,3,44,3,700.63,3,4,3,10,233.54,0.016575,181,90.50,40,422,2011,4,2011-04-20 10:04:00.000,2011-10-17 12:33:00.000
17812,Loyal Customers,3,3,4,699.81,5,4,3,12,174.95,0.011204,357,119.00,113,329,2010,12,2010-12-06 15:27:00.000,2011-11-27 11:47:00.000
17423,Loyal Customers,3,37,2,698.41,3,3,3,9,349.20,0.011628,172,172.00,26,459,2011,5,2011-05-06 09:14:00.000,2011-10-24 13:36:00.000
14829,Loyal Customers,3,20,4,697.55,4,4,3,11,174.39,0.011628,344,114.67,39,452,2010,12,2010-12-02 16:12:00.000,2011-11-10 16:16:00.000
14959,Loyal Customers,3,55,4,695.42,3,4,3,10,173.86,0.017167,233,77.67,37,494,2011,2,2011-02-16 13:00:00.000,2011-10-06 18:23:00.000
15304,Loyal Customers,3,51,8,694.4,3,5,3,11,86.80,0.025890,309,44.14,8,104,2010,12,2010-12-06 11:42:00.000,2011-10-10 10:23:00.000
14111,Loyal Customers,3,5,4,692.85,5,4,3,12,173.21,0.017544,228,76.00,10,458,2011,4,2011-04-12 11:36:00.000,2011-11-25 13:44:00.000
17198,Loyal Customers,3,14,3,692.22,4,4,3,11,230.74,0.008596,349,174.50,89,357,2010,12,2010-12-03 14:54:00.000,2011-11-16 10:39:00.000
17733,Loyal Customers,3,29,2,692.19,4,3,3,10,346.10,0.008929,224,224.00,33,463,2011,3,2011-03-23 09:54:00.000,2011-11-01 08:16:00.000
14880,Loyal Customers,3,68,3,690.59,3,3,3,9,230.20,0.014151,212,106.00,45,365,2011,2,2011-02-24 12:27:00.000,2011-09-23 13:42:00.000
16212,Loyal Customers,3,10,2,690.34,5,3,3,11,345.17,0.007547,265,265.00,40,244,2011,3,2011-03-01 12:51:00.000,2011-11-20 13:00:00.000
17796,Loyal Customers,3,31,4,690,3,4,3,10,172.50,0.012121,330,110.00,63,176,2010,12,2010-12-05 12:23:00.000,2011-10-30 15:38:00.000
13023,Loyal Customers,3,55,2,689.9,3,3,3,9,344.95,0.030303,66,66.00,36,286,2011,8,2011-08-02 09:34:00.000,2011-10-06 16:27:00.000
15181,Loyal Customers,3,57,3,689.48,3,3,3,9,229.83,0.014706,204,102.00,11,544,2011,3,2011-03-15 12:03:00.000,2011-10-04 13:58:00.000
17502,Loyal Customers,3,0,4,689.1,5,4,3,12,172.28,0.190476,21,7.00,25,376,2011,11,2011-11-10 16:39:00.000,2011-11-30 13:13:00.000
14141,Loyal Customers,3,50,3,688.78,3,4,3,10,229.59,0.063830,47,23.50,26,278,2011,8,2011-08-26 14:40:00.000,2011-10-11 12:17:00.000
15038,Loyal Customers,3,49,6,685.74,3,5,3,11,114.29,0.019231,312,62.40,105,212,2010,12,2010-12-05 10:54:00.000,2011-10-12 11:33:00.000
16122,Loyal Customers,3,64,4,684.42,3,4,3,10,171.11,0.013605,294,98.00,26,1128,2010,12,2010-12-08 11:41:00.000,2011-09-27 15:34:00.000
15669,Loyal Customers,3,31,4,684.34,4,4,3,11,171.08,0.017857,224,74.67,31,342,2011,3,2011-03-21 09:13:00.000,2011-10-30 16:03:00.000
15582,Loyal Customers,3,15,3,682.91,4,4,3,11,227.64,0.015228,197,98.50,39,453,2011,5,2011-05-03 13:36:00.000,2011-11-15 09:55:00.000
18135,Loyal Customers,3,20,5,681.91,4,4,3,11,136.38,0.030864,162,40.50,11,349,2011,6,2011-06-02 14:04:00.000,2011-11-10 19:32:00.000
17397,Loyal Customers,3,13,2,681.41,4,3,3,10,340.71,2.000000,1,1.00,88,250,2011,11,2011-11-17 13:58:00.000,2011-11-17 14:08:00.000
13524,Loyal Customers,3,31,5,680.18,4,4,3,11,136.04,0.027778,180,45.00,17,324,2011,5,2011-05-04 12:26:00.000,2011-10-30 12:34:00.000
16872,Loyal Customers,3,68,3,680.02,3,3,3,9,226.67,0.027778,108,54.00,5,600,2011,6,2011-06-08 14:32:00.000,2011-09-23 16:05:00.000
13430,Loyal Customers,3,9,2,679.45,5,3,3,11,339.73,0.028986,69,69.00,48,751,2011,9,2011-09-14 14:26:00.000,2011-11-21 08:19:00.000
15626,Loyal Customers,3,65,2,675.8,3,3,3,9,337.90,0.007813,256,256.00,49,766,2011,1,2011-01-14 10:10:00.000,2011-09-26 10:03:00.000
17462,Loyal Customers,3,51,2,675.69,3,3,3,9,337.85,0.008889,225,225.00,25,227,2011,2,2011-02-28 17:01:00.000,2011-10-10 13:56:00.000
14504,Loyal Customers,3,38,4,673.26,3,4,3,10,168.31,0.017241,232,77.33,85,308,2011,3,2011-03-06 14:38:00.000,2011-10-23 16:00:00.000
13258,Loyal Customers,3,2,3,672.83,5,3,3,11,224.28,0.015385,195,97.50,28,282,2011,5,2011-05-18 13:11:00.000,2011-11-28 09:31:00.000
12838,Loyal Customers,3,24,2,671.95,4,3,3,10,335.97,0.005865,341,341.00,115,355,2010,12,2010-12-01 11:57:00.000,2011-11-06 12:20:00.000
14342,Loyal Customers,3,12,4,668.56,5,4,3,12,167.14,0.021053,190,63.33,18,347,2011,5,2011-05-13 13:50:00.000,2011-11-18 13:21:00.000
13741,Loyal Customers,3,62,3,668.43,3,3,3,9,222.81,0.020408,147,73.50,34,218,2011,5,2011-05-06 13:43:00.000,2011-09-29 09:19:00.000
16268,Loyal Customers,3,62,2,667.65,3,3,3,9,333.82,2.000000,1,1.00,45,533,2011,9,2011-09-29 18:30:00.000,2011-09-29 18:30:00.000
16513,Loyal Customers,3,10,2,662.79,5,3,3,11,331.40,0.080000,25,25.00,32,339,2011,10,2011-10-27 14:56:00.000,2011-11-20 13:39:00.000
15208,Loyal Customers,3,22,4,662.52,4,4,3,11,165.63,0.012384,323,107.67,25,268,2010,12,2010-12-21 13:03:00.000,2011-11-08 14:39:00.000
16774,Loyal Customers,3,58,4,661.52,3,4,3,10,165.38,0.035714,112,37.33,36,322,2011,6,2011-06-14 12:45:00.000,2011-10-03 12:41:00.000
13028,Loyal Customers,3,13,2,661.32,4,3,3,10,330.66,0.083333,24,24.00,40,798,2011,10,2011-10-25 14:09:00.000,2011-11-17 11:10:00.000
12828,Loyal Customers,3,56,4,661.31,3,4,3,10,165.33,0.060606,66,22.00,36,309,2011,8,2011-08-01 16:16:00.000,2011-10-05 10:53:00.000
15492,Loyal Customers,3,19,2,659.46,4,3,3,10,329.73,0.042553,47,47.00,32,483,2011,9,2011-09-26 14:02:00.000,2011-11-11 14:53:00.000
13759,Loyal Customers,3,24,2,659.41,4,3,3,10,329.71,0.051282,39,39.00,24,287,2011,9,2011-09-29 15:40:00.000,2011-11-06 14:47:00.000
16357,Loyal Customers,3,24,3,658.88,4,4,3,11,219.63,0.016575,181,90.50,31,246,2011,5,2011-05-10 10:35:00.000,2011-11-06 16:04:00.000
14150,Loyal Customers,3,26,2,658.64,4,3,3,10,329.32,0.006154,325,325.00,23,496,2010,12,2010-12-15 10:04:00.000,2011-11-04 10:05:00.000
14818,Loyal Customers,3,64,3,657.8,3,3,3,9,219.27,0.016575,181,90.50,41,324,2011,3,2011-03-31 12:28:00.000,2011-09-27 11:01:00.000
16157,Loyal Customers,3,6,3,656.69,5,4,3,12,218.90,0.051724,58,29.00,12,347,2011,9,2011-09-28 11:48:00.000,2011-11-24 11:41:00.000
13049,Loyal Customers,3,55,2,656.68,3,3,3,9,328.34,0.007843,255,255.00,14,268,2011,1,2011-01-25 16:33:00.000,2011-10-06 15:31:00.000
17299,Loyal Customers,3,2,4,656.61,5,4,3,12,164.15,0.024540,163,54.33,50,668,2011,6,2011-06-19 16:04:00.000,2011-11-28 12:01:00.000
16444,Loyal Customers,3,37,4,654.67,3,4,3,10,163.67,0.018265,219,73.00,68,407,2011,3,2011-03-20 12:14:00.000,2011-10-24 13:50:00.000
14651,Loyal Customers,3,58,2,653.75,3,3,3,9,326.87,0.013793,145,145.00,95,343,2011,5,2011-05-12 16:29:00.000,2011-10-03 15:52:00.000
13496,Loyal Customers,3,1,2,653.33,5,3,3,11,326.66,0.005714,350,350.00,28,341,2010,12,2010-12-15 10:17:00.000,2011-11-29 10:58:00.000
17523,Loyal Customers,3,2,4,652.74,5,4,3,12,163.19,0.444444,9,3.00,25,872,2011,11,2011-11-20 13:40:00.000,2011-11-28 13:20:00.000
15571,Loyal Customers,3,2,4,650.43,5,4,3,12,162.61,0.058824,68,22.67,47,264,2011,9,2011-09-22 13:15:00.000,2011-11-28 10:02:00.000
16969,Loyal Customers,3,30,3,650.41,4,4,3,11,216.80,0.019608,153,76.50,42,816,2011,6,2011-06-01 12:10:00.000,2011-10-31 13:12:00.000
17779,Loyal Customers,3,12,3,650.32,5,3,3,11,216.77,0.024390,123,61.50,73,396,2011,7,2011-07-19 12:19:00.000,2011-11-18 14:15:00.000
14034,Loyal Customers,3,13,3,648.89,4,4,3,11,216.30,0.022059,136,68.00,82,420,2011,7,2011-07-05 13:06:00.000,2011-11-17 14:02:00.000
16438,Loyal Customers,3,17,4,648.54,4,4,3,11,162.13,0.070175,57,19.00,70,368,2011,9,2011-09-18 13:31:00.000,2011-11-13 11:39:00.000
12723,Loyal Customers,3,7,4,647.79,5,4,3,12,161.95,0.080000,50,16.67,51,409,2011,10,2011-10-05 15:52:00.000,2011-11-23 14:01:00.000
17777,Loyal Customers,3,15,3,647.56,4,4,3,11,215.85,0.038961,77,38.50,141,501,2011,8,2011-08-31 14:35:00.000,2011-11-15 12:02:00.000
17373,Loyal Customers,3,31,4,646.92,3,4,3,10,161.73,0.014652,273,91.00,47,408,2011,1,2011-01-31 11:46:00.000,2011-10-30 15:28:00.000
16014,Loyal Customers,3,28,3,646.83,4,4,3,11,215.61,0.011765,255,127.50,123,258,2011,2,2011-02-21 17:42:00.000,2011-11-02 12:04:00.000
16734,Loyal Customers,3,43,3,646.76,3,4,3,10,215.59,0.047619,63,31.50,44,345,2011,8,2011-08-17 15:00:00.000,2011-10-18 13:44:00.000
12589,Loyal Customers,3,19,2,646.68,4,3,3,10,323.34,0.017094,117,117.00,29,306,2011,7,2011-07-18 12:05:00.000,2011-11-11 10:19:00.000
14044,Loyal Customers,3,17,4,646.42,4,4,3,11,161.60,0.014085,284,94.67,165,304,2011,2,2011-02-03 11:39:00.000,2011-11-13 12:05:00.000
15651,Loyal Customers,3,27,3,646.3,4,4,3,11,215.43,0.013333,225,112.50,27,479,2011,3,2011-03-24 08:56:00.000,2011-11-03 08:41:00.000
14451,Loyal Customers,3,51,2,643.9,3,3,3,9,321.95,0.014815,135,135.00,86,378,2011,5,2011-05-29 12:35:00.000,2011-10-10 13:38:00.000
13034,Loyal Customers,3,45,2,642.77,3,3,3,9,321.38,0.006329,316,316.00,37,369,2010,12,2010-12-05 14:52:00.000,2011-10-16 12:21:00.000
17545,Loyal Customers,3,34,3,642.32,3,4,3,10,214.11,3.000000,1,0.50,122,337,2011,10,2011-10-27 13:48:00.000,2011-10-27 14:04:00.000
15297,Loyal Customers,3,1,3,641.94,5,3,3,11,213.98,0.055556,54,27.00,30,292,2011,10,2011-10-07 09:42:00.000,2011-11-29 16:32:00.000
17515,Loyal Customers,3,22,4,639.02,4,4,3,11,159.75,0.013889,288,96.00,49,243,2011,1,2011-01-25 14:33:00.000,2011-11-08 14:04:00.000
16891,Loyal Customers,3,27,4,638.98,4,4,3,11,159.74,0.011905,336,112.00,151,238,2010,12,2010-12-03 11:35:00.000,2011-11-03 13:50:00.000
18160,Loyal Customers,3,48,2,638.06,3,3,3,9,319.03,0.013889,144,144.00,37,294,2011,5,2011-05-23 13:41:00.000,2011-10-13 15:50:00.000
14128,Loyal Customers,3,51,2,637.5,3,3,3,9,318.75,0.010204,196,196.00,40,564,2011,3,2011-03-29 10:49:00.000,2011-10-10 12:00:00.000
14664,Loyal Customers,3,10,2,636.24,5,3,3,11,318.12,0.133333,15,15.00,78,465,2011,11,2011-11-06 14:56:00.000,2011-11-20 10:59:00.000
16139,Loyal Customers,3,9,3,635.41,5,3,3,11,211.80,0.015873,189,94.50,25,330,2011,5,2011-05-17 10:23:00.000,2011-11-21 08:37:00.000
13892,Loyal Customers,3,17,4,632.97,4,4,3,11,158.24,0.018100,221,73.67,26,983,2011,4,2011-04-07 12:04:00.000,2011-11-13 11:50:00.000
15244,Loyal Customers,3,56,2,631.57,3,3,3,9,315.79,0.010870,184,184.00,31,405,2011,4,2011-04-05 15:12:00.000,2011-10-05 13:19:00.000
16418,Loyal Customers,3,35,3,631.12,3,4,3,10,210.37,0.016393,183,91.50,76,280,2011,4,2011-04-27 16:54:00.000,2011-10-26 12:39:00.000
13046,Loyal Customers,3,21,2,629.31,4,3,3,10,314.65,0.008439,237,237.00,33,264,2011,3,2011-03-18 15:43:00.000,2011-11-09 08:36:00.000
12577,Loyal Customers,3,26,3,626.6,4,4,3,11,208.87,0.009231,325,162.50,137,469,2010,12,2010-12-15 16:21:00.000,2011-11-04 13:24:00.000
14075,Loyal Customers,3,10,2,625.48,5,3,3,11,312.74,0.008230,243,243.00,31,552,2011,3,2011-03-23 16:35:00.000,2011-11-20 12:32:00.000
16469,Loyal Customers,3,14,4,625.42,4,4,3,11,156.35,0.017857,224,74.67,148,260,2011,4,2011-04-07 13:11:00.000,2011-11-16 12:25:00.000
16750,Loyal Customers,3,35,5,623.93,3,4,3,10,124.79,0.026455,189,47.25,74,214,2011,4,2011-04-21 16:53:00.000,2011-10-26 12:48:00.000
18217,Loyal Customers,3,20,2,621.75,4,3,3,10,310.88,0.047619,42,42.00,27,491,2011,9,2011-09-30 10:44:00.000,2011-11-10 13:18:00.000
16915,Loyal Customers,3,0,6,621.68,5,5,3,13,103.61,0.021818,275,55.00,46,132,2011,3,2011-03-01 09:52:00.000,2011-11-30 16:39:00.000
14152,Loyal Customers,3,66,2,621.29,3,3,3,9,310.65,0.012500,160,160.00,47,711,2011,4,2011-04-19 15:46:00.000,2011-09-25 12:54:00.000
13546,Loyal Customers,3,3,3,621.09,5,4,3,12,207.03,0.015873,189,94.50,72,357,2011,5,2011-05-23 12:14:00.000,2011-11-27 14:50:00.000
13145,Loyal Customers,3,30,4,618.52,4,4,3,11,154.63,0.011976,334,111.33,5,145,2010,12,2010-12-02 18:06:00.000,2011-10-31 12:45:00.000
12596,Loyal Customers,3,42,2,618.27,3,3,3,9,309.13,0.010417,192,192.00,25,474,2011,4,2011-04-11 13:22:00.000,2011-10-19 13:02:00.000
16134,Loyal Customers,3,12,2,618.09,5,3,3,11,309.04,0.005900,339,339.00,34,371,2010,12,2010-12-15 14:00:00.000,2011-11-18 10:05:00.000
14593,Loyal Customers,3,12,3,617.15,5,4,3,12,205.72,0.016854,178,89.00,127,330,2011,5,2011-05-25 11:14:00.000,2011-11-18 12:48:00.000
16311,Loyal Customers,3,8,2,616.26,5,3,3,11,308.13,0.060606,33,33.00,35,394,2011,10,2011-10-21 13:13:00.000,2011-11-22 08:54:00.000
16566,Loyal Customers,3,6,5,614.66,5,5,3,13,122.93,0.017986,278,69.50,14,362,2011,2,2011-02-20 10:29:00.000,2011-11-24 16:34:00.000
12680,Loyal Customers,3,64,3,613.36,3,3,3,9,204.45,0.073171,41,20.50,29,338,2011,8,2011-08-18 15:44:00.000,2011-09-27 12:53:00.000
18149,Loyal Customers,3,41,3,612.08,3,4,3,10,204.03,0.013393,224,112.00,11,310,2011,3,2011-03-11 12:44:00.000,2011-10-20 12:04:00.000
14636,Loyal Customers,3,27,2,609.85,4,3,3,10,304.92,0.008584,233,233.00,27,241,2011,3,2011-03-16 09:52:00.000,2011-11-03 16:12:00.000
12933,Loyal Customers,3,15,3,607.53,4,4,3,11,202.51,0.011538,260,130.00,102,499,2011,3,2011-03-01 11:30:00.000,2011-11-15 16:38:00.000
13233,Loyal Customers,3,65,2,605.12,3,3,3,9,302.56,0.007605,263,263.00,43,1004,2011,1,2011-01-07 14:49:00.000,2011-09-26 13:25:00.000
17664,Loyal Customers,3,9,2,604.64,5,3,3,11,302.32,0.010256,195,195.00,41,604,2011,5,2011-05-11 14:17:00.000,2011-11-21 11:29:00.000
12944,Loyal Customers,3,26,2,604.51,4,3,3,10,302.25,0.006250,320,320.00,29,289,2010,12,2010-12-20 10:41:00.000,2011-11-04 11:04:00.000
15366,Loyal Customers,3,66,2,602.51,3,3,3,9,301.25,0.007042,284,284.00,37,621,2010,12,2010-12-16 15:59:00.000,2011-09-25 15:01:00.000
12654,Loyal Customers,3,1,5,601.98,5,5,3,13,120.40,0.017483,286,71.50,31,264,2011,2,2011-02-17 13:16:00.000,2011-11-29 10:10:00.000
14609,Loyal Customers,3,63,4,601.56,3,4,3,10,150.39,0.017778,225,75.00,2,7026,2011,2,2011-02-16 12:10:00.000,2011-09-28 12:54:00.000
18211,Loyal Customers,3,16,5,600.07,4,4,3,11,120.01,0.019685,254,63.50,37,359,2011,3,2011-03-06 12:09:00.000,2011-11-14 08:10:00.000
12556,Loyal Customers,3,41,2,599.559999999999,3,3,3,9,299.78,0.019608,102,102.00,100,355,2011,7,2011-07-11 13:35:00.000,2011-10-20 13:06:00.000
14710,Loyal Customers,3,5,4,599.48,5,4,3,12,149.87,0.086957,46,15.33,124,375,2011,10,2011-10-11 13:49:00.000,2011-11-25 14:53:00.000
17420,Loyal Customers,3,41,3,598.83,3,4,3,10,199.61,0.009259,324,162.00,28,265,2010,12,2010-12-01 09:56:00.000,2011-10-20 14:52:00.000
16298,Loyal Customers,3,13,3,598.2,4,4,3,11,199.40,0.018182,165,82.50,22,198,2011,6,2011-06-06 10:06:00.000,2011-11-17 11:59:00.000
14108,Loyal Customers,3,21,2,597.91,4,3,3,10,298.96,0.027778,72,72.00,33,381,2011,8,2011-08-30 11:32:00.000,2011-11-09 10:41:00.000
14467,Loyal Customers,3,8,4,596.26,5,4,3,12,149.06,0.013514,296,98.67,67,276,2011,1,2011-01-31 12:35:00.000,2011-11-22 12:48:00.000
18246,Loyal Customers,3,14,2,596.1,4,3,3,10,298.05,0.009479,211,211.00,3,166,2011,4,2011-04-20 13:55:00.000,2011-11-16 11:49:00.000
17658,Loyal Customers,3,16,2,595.42,4,3,3,10,297.71,0.010695,187,187.00,17,616,2011,5,2011-05-12 15:23:00.000,2011-11-14 12:07:00.000
14284,Loyal Customers,3,21,2,595.25,4,3,3,10,297.63,0.035088,57,57.00,24,161,2011,9,2011-09-14 13:04:00.000,2011-11-09 08:11:00.000
16325,Loyal Customers,3,37,3,594.24,3,4,3,10,198.08,0.015000,200,100.00,14,194,2011,4,2011-04-08 09:20:00.000,2011-10-24 08:48:00.000
16203,Loyal Customers,3,49,4,592.9,3,4,3,10,148.22,0.012698,315,105.00,27,262,2010,12,2010-12-02 15:39:00.000,2011-10-12 12:31:00.000
15573,Loyal Customers,3,22,2,591.19,4,3,3,10,295.59,0.036364,55,55.00,88,355,2011,9,2011-09-15 12:16:00.000,2011-11-08 11:38:00.000
13276,Loyal Customers,3,54,2,590.93,3,3,3,9,295.47,0.054054,37,37.00,30,161,2011,9,2011-09-01 10:03:00.000,2011-10-07 12:44:00.000
14882,Loyal Customers,3,17,2,589.7,4,3,3,10,294.85,0.250000,8,8.00,6,158,2011,11,2011-11-06 10:15:00.000,2011-11-13 12:47:00.000
13314,Loyal Customers,3,54,2,589.47,3,3,3,9,294.74,0.181818,11,11.00,40,371,2011,9,2011-09-27 10:20:00.000,2011-10-07 13:09:00.000
17351,Loyal Customers,3,27,3,587.15,4,4,3,11,195.72,0.012605,238,119.00,22,113,2011,3,2011-03-11 16:05:00.000,2011-11-03 18:45:00.000
12384,Loyal Customers,3,19,2,585.27,4,3,3,10,292.63,0.021277,94,94.00,26,126,2011,8,2011-08-10 11:23:00.000,2011-11-11 08:39:00.000
13557,Loyal Customers,3,19,2,584.06,4,3,3,10,292.03,0.007905,253,253.00,31,546,2011,3,2011-03-04 12:14:00.000,2011-11-11 15:24:00.000
15762,Loyal Customers,3,56,2,583.75,3,3,3,9,291.88,0.153846,13,13.00,37,251,2011,9,2011-09-23 15:17:00.000,2011-10-05 16:15:00.000
13427,Loyal Customers,3,10,3,582.6,5,4,3,12,194.20,0.015228,197,98.50,25,545,2011,5,2011-05-08 15:58:00.000,2011-11-20 13:02:00.000
13292,Loyal Customers,3,29,2,578.94,4,3,3,10,289.47,0.008097,247,247.00,29,347,2011,2,2011-02-28 15:00:00.000,2011-11-01 10:04:00.000
17540,Loyal Customers,3,15,2,578.9,4,3,3,10,289.45,0.006826,293,293.00,20,194,2011,1,2011-01-27 14:35:00.000,2011-11-15 11:56:00.000
16005,Loyal Customers,3,3,4,578.71,5,4,3,12,144.68,0.015444,259,86.33,173,280,2011,3,2011-03-14 11:46:00.000,2011-11-27 13:47:00.000
14529,Loyal Customers,3,51,3,578.61,3,4,3,10,192.87,0.058824,51,25.50,177,325,2011,8,2011-08-21 14:10:00.000,2011-10-10 15:27:00.000
13487,Loyal Customers,3,48,3,575.4,3,4,3,10,191.80,0.010101,297,148.50,26,265,2010,12,2010-12-21 14:54:00.000,2011-10-13 12:07:00.000
18123,Loyal Customers,3,15,2,574.44,4,3,3,10,287.22,0.250000,8,8.00,31,582,2011,11,2011-11-08 13:31:00.000,2011-11-15 14:23:00.000
15339,Loyal Customers,3,57,2,574.07,3,3,3,9,287.03,0.007905,253,253.00,77,416,2011,1,2011-01-25 13:15:00.000,2011-10-04 12:51:00.000
12879,Loyal Customers,3,35,3,573.22,3,4,3,10,191.07,0.062500,48,24.00,7,370,2011,9,2011-09-09 12:11:00.000,2011-10-26 12:24:00.000
16600,Loyal Customers,3,7,5,573.2,5,4,3,12,114.64,0.015480,323,80.75,39,862,2011,1,2011-01-05 12:13:00.000,2011-11-23 09:44:00.000
13379,Loyal Customers,3,17,3,572.56,4,4,3,11,190.85,0.027027,111,55.50,85,601,2011,7,2011-07-26 12:26:00.000,2011-11-13 13:45:00.000
13405,Loyal Customers,3,65,3,572.45,3,4,3,10,190.82,0.012295,244,122.00,25,164,2011,1,2011-01-26 09:27:00.000,2011-09-26 17:01:00.000
13816,Loyal Customers,3,14,2,571.67,4,3,3,10,285.83,0.047619,42,42.00,25,269,2011,10,2011-10-06 14:37:00.000,2011-11-16 08:38:00.000
12628,Loyal Customers,3,24,2,571.21,4,3,3,10,285.61,0.062500,32,32.00,26,301,2011,10,2011-10-06 09:28:00.000,2011-11-06 14:26:00.000
15315,Loyal Customers,3,55,2,570.5,3,3,3,9,285.25,0.037736,53,53.00,35,862,2011,8,2011-08-15 15:17:00.000,2011-10-06 12:51:00.000
13939,Loyal Customers,3,14,3,568.55,4,4,3,11,189.52,0.010381,289,144.50,43,847,2011,2,2011-02-01 11:30:00.000,2011-11-16 13:33:00.000
17360,Loyal Customers,3,8,3,568.24,5,3,3,11,189.41,0.017857,168,84.00,113,328,2011,6,2011-06-08 17:09:00.000,2011-11-22 13:11:00.000
13321,Loyal Customers,3,63,2,567.36,3,3,3,9,283.68,0.133333,15,15.00,10,372,2011,9,2011-09-14 15:18:00.000,2011-09-28 15:24:00.000
16667,Loyal Customers,3,59,2,567.18,3,3,3,9,283.59,0.009217,217,217.00,52,236,2011,2,2011-02-28 12:57:00.000,2011-10-02 15:26:00.000
18150,Loyal Customers,3,23,3,566.58,4,4,3,11,188.86,0.017647,170,85.00,29,332,2011,5,2011-05-22 10:47:00.000,2011-11-07 16:49:00.000
13894,Loyal Customers,3,14,3,564.62,4,4,3,11,188.21,0.010417,288,144.00,25,354,2011,2,2011-02-02 12:54:00.000,2011-11-16 09:44:00.000
14167,Loyal Customers,3,30,4,562.59,4,4,3,11,140.65,0.013652,293,97.67,27,147,2011,1,2011-01-12 15:44:00.000,2011-10-31 14:29:00.000
16916,Loyal Customers,3,14,2,562.41,4,3,3,10,281.21,0.005714,350,350.00,129,431,2010,12,2010-12-02 13:14:00.000,2011-11-16 12:08:00.000
14273,Loyal Customers,3,42,4,559.97,3,4,3,10,139.99,0.020833,192,64.00,22,264,2011,4,2011-04-11 13:24:00.000,2011-10-19 13:20:00.000
12987,Loyal Customers,3,64,2,558.7,3,3,3,9,279.35,0.016000,125,125.00,27,219,2011,5,2011-05-26 12:00:00.000,2011-09-27 12:03:00.000
14592,Loyal Customers,3,26,3,557.94,4,4,3,11,185.98,0.100000,30,15.00,132,407,2011,10,2011-10-06 18:08:00.000,2011-11-04 16:35:00.000
16385,Loyal Customers,3,51,3,554.86,3,4,3,10,184.95,0.009772,307,153.50,52,258,2010,12,2010-12-08 12:56:00.000,2011-10-10 13:12:00.000
17864,Loyal Customers,3,3,3,554.85,5,4,3,12,184.95,0.011364,264,132.00,70,706,2011,3,2011-03-09 11:44:00.000,2011-11-27 11:15:00.000
14618,Loyal Customers,3,0,3,553.44,5,3,3,11,184.48,0.009119,329,164.50,10,264,2011,1,2011-01-06 11:59:00.000,2011-11-30 13:45:00.000
15068,Loyal Customers,3,37,2,553.36,3,3,3,9,276.68,0.009479,211,211.00,96,364,2011,3,2011-03-28 14:27:00.000,2011-10-24 14:47:00.000
17674,Loyal Customers,3,65,2,551.04,3,3,3,9,275.52,0.006780,295,295.00,19,672,2010,12,2010-12-06 10:20:00.000,2011-09-26 13:35:00.000
17235,Loyal Customers,3,16,2,550.06,4,3,3,10,275.03,0.005747,348,348.00,24,224,2010,12,2010-12-02 13:38:00.000,2011-11-14 15:51:00.000
15399,Loyal Customers,3,13,2,549.13,4,3,3,10,274.57,0.034483,58,58.00,32,423,2011,9,2011-09-21 15:57:00.000,2011-11-17 15:04:00.000
17637,Loyal Customers,3,22,2,547.06,4,3,3,10,273.53,0.023529,85,85.00,35,280,2011,8,2011-08-16 13:25:00.000,2011-11-08 12:51:00.000
17295,Loyal Customers,3,19,3,547,4,4,3,11,182.33,0.081081,37,18.50,53,293,2011,10,2011-10-06 12:22:00.000,2011-11-11 10:49:00.000
14805,Loyal Customers,3,6,4,546.4,5,4,3,12,136.60,0.013378,299,99.67,30,114,2011,1,2011-01-30 10:43:00.000,2011-11-24 16:20:00.000
14997,Loyal Customers,3,37,3,546.2,3,4,3,10,182.07,0.022556,133,66.50,25,1120,2011,6,2011-06-14 16:52:00.000,2011-10-24 13:28:00.000
13617,Loyal Customers,3,31,3,544.18,3,4,3,10,181.39,0.021277,141,70.50,31,300,2011,6,2011-06-12 12:55:00.000,2011-10-30 13:50:00.000
17447,Loyal Customers,3,31,2,541.53,3,3,3,9,270.76,0.062500,32,32.00,33,443,2011,9,2011-09-29 10:10:00.000,2011-10-30 14:18:00.000
17557,Loyal Customers,3,5,3,541.46,5,3,3,11,180.49,0.044118,68,34.00,27,306,2011,9,2011-09-19 14:23:00.000,2011-11-25 12:57:00.000
13812,Loyal Customers,3,33,3,539,3,4,3,10,179.67,0.046875,64,32.00,33,333,2011,8,2011-08-26 12:54:00.000,2011-10-28 14:27:00.000
15469,Loyal Customers,3,41,2,538.55,3,3,3,9,269.27,0.028169,71,71.00,24,153,2011,8,2011-08-11 16:54:00.000,2011-10-20 16:21:00.000
14539,Loyal Customers,3,6,2,537.48,5,3,3,11,268.74,0.066667,30,30.00,31,428,2011,10,2011-10-26 12:03:00.000,2011-11-24 09:50:00.000
16206,Loyal Customers,3,45,4,537.06,3,4,3,10,134.27,0.014599,274,91.33,52,272,2011,1,2011-01-16 11:07:00.000,2011-10-16 10:41:00.000
16804,Loyal Customers,3,14,3,536.99,4,4,3,11,179.00,0.012097,248,124.00,59,246,2011,3,2011-03-14 15:48:00.000,2011-11-16 16:43:00.000
16233,Loyal Customers,3,62,3,536.68,3,3,3,9,178.89,0.010135,296,148.00,22,174,2010,12,2010-12-08 12:51:00.000,2011-09-29 17:27:00.000
17006,Loyal Customers,3,9,3,534.72,5,4,3,12,178.24,0.051724,58,29.00,30,187,2011,9,2011-09-25 12:15:00.000,2011-11-21 13:44:00.000
13434,Loyal Customers,3,65,2,534.24,3,3,3,9,267.12,0.086957,23,23.00,9,300,2011,9,2011-09-04 10:35:00.000,2011-09-26 14:30:00.000
12784,Loyal Customers,3,0,2,532.82,5,3,3,11,266.41,0.285714,7,7.00,54,280,2011,11,2011-11-24 12:53:00.000,2011-11-30 15:38:00.000
16706,Loyal Customers,3,28,3,531.35,4,4,3,11,177.12,0.038462,78,39.00,108,249,2011,8,2011-08-17 15:53:00.000,2011-11-02 13:50:00.000
15969,Loyal Customers,3,40,2,531.1,3,3,3,9,265.55,0.014599,137,137.00,16,92,2011,6,2011-06-07 12:19:00.000,2011-10-21 08:24:00.000
18043,Loyal Customers,3,15,3,529.29,4,4,3,11,176.43,0.008746,343,171.50,106,265,2010,12,2010-12-08 12:35:00.000,2011-11-15 12:48:00.000
15452,Loyal Customers,3,20,3,528.48,4,4,3,11,176.16,0.012712,236,118.00,47,280,2011,3,2011-03-20 15:21:00.000,2011-11-10 12:13:00.000
15756,Loyal Customers,3,52,4,528.01,3,4,3,10,132.00,0.021164,189,63.00,160,241,2011,4,2011-04-04 14:00:00.000,2011-10-09 13:30:00.000
15919,Loyal Customers,3,10,2,525.69,5,3,3,11,262.84,0.005714,350,350.00,103,385,2010,12,2010-12-06 11:26:00.000,2011-11-20 11:28:00.000
15467,Loyal Customers,3,0,3,524.88,5,3,3,11,174.96,0.020833,144,72.00,41,310,2011,7,2011-07-10 14:42:00.000,2011-11-30 14:17:00.000
17345,Loyal Customers,3,6,4,519.69,5,4,3,12,129.92,0.021978,182,60.67,70,341,2011,5,2011-05-27 12:26:00.000,2011-11-24 15:03:00.000
12571,Loyal Customers,3,30,2,519.61,4,3,3,10,259.81,0.024096,83,83.00,31,523,2011,8,2011-08-10 12:35:00.000,2011-10-31 10:19:00.000
13643,Loyal Customers,3,22,3,519.44,4,4,3,11,173.15,0.019355,155,77.50,24,273,2011,6,2011-06-07 11:40:00.000,2011-11-08 15:37:00.000
15030,Loyal Customers,3,62,2,518.28,3,3,3,9,259.14,0.010101,198,198.00,7,372,2011,3,2011-03-16 15:34:00.000,2011-09-29 10:50:00.000
18252,Loyal Customers,3,41,2,518.27,3,3,3,9,259.13,0.016393,122,122.00,90,234,2011,6,2011-06-21 11:47:00.000,2011-10-20 12:43:00.000
18205,Loyal Customers,3,27,2,517.36,4,3,3,10,258.68,0.051282,39,39.00,30,192,2011,9,2011-09-26 12:02:00.000,2011-11-03 13:22:00.000
15809,Loyal Customers,3,27,5,515.77,4,4,3,11,103.15,0.018727,267,66.75,31,301,2011,2,2011-02-10 11:16:00.000,2011-11-03 16:40:00.000
15028,Loyal Customers,3,33,3,512.43,3,4,3,10,170.81,0.009174,327,163.50,34,397,2010,12,2010-12-06 12:47:00.000,2011-10-28 11:41:00.000
14851,Loyal Customers,3,14,2,511.35,4,3,3,10,255.68,0.008547,234,234.00,28,325,2011,3,2011-03-28 14:59:00.000,2011-11-16 14:20:00.000
15406,Loyal Customers,3,22,2,510.71,4,3,3,10,255.35,0.007380,271,271.00,51,254,2011,2,2011-02-11 16:19:00.000,2011-11-08 13:22:00.000
14820,Loyal Customers,3,12,4,507.29,5,4,3,12,126.82,0.026144,153,51.00,24,253,2011,6,2011-06-19 14:56:00.000,2011-11-18 15:41:00.000
16960,Loyal Customers,3,29,3,507.05,4,4,3,11,169.02,0.013953,215,107.50,92,304,2011,4,2011-04-01 11:54:00.000,2011-11-01 11:35:00.000
15081,Loyal Customers,3,13,5,504.8,4,4,3,11,100.96,0.014451,346,86.50,26,190,2010,12,2010-12-07 16:20:00.000,2011-11-17 17:08:00.000
12991,Loyal Customers,3,14,2,503.76,4,3,3,10,251.88,0.022222,90,90.00,31,405,2011,8,2011-08-19 14:39:00.000,2011-11-16 15:34:00.000
16863,Loyal Customers,3,22,2,502.8,4,3,3,10,251.40,0.005952,336,336.00,25,409,2010,12,2010-12-08 08:58:00.000,2011-11-08 15:26:00.000
13865,Loyal Customers,3,49,4,501.56,3,4,3,10,125.39,0.017241,232,77.33,26,204,2011,2,2011-02-23 12:04:00.000,2011-10-12 13:31:00.000
16015,Loyal Customers,3,17,2,501.45,4,3,3,10,250.73,0.083333,24,24.00,122,631,2011,10,2011-10-21 12:56:00.000,2011-11-13 11:55:00.000
13247,Loyal Customers,3,8,4,501.12,5,4,3,12,125.28,0.060606,66,22.00,18,328,2011,9,2011-09-18 11:31:00.000,2011-11-22 10:59:00.000
16898,Loyal Customers,3,17,3,501.03,4,4,3,11,167.01,0.008746,343,171.50,150,412,2010,12,2010-12-06 12:23:00.000,2011-11-13 15:44:00.000
16616,Loyal Customers,3,6,2,500.42,5,3,3,11,250.21,0.013986,143,143.00,31,370,2011,7,2011-07-05 13:38:00.000,2011-11-24 16:31:00.000
14077,Loyal Customers,3,31,5,499.42,3,4,3,10,99.88,0.021277,235,58.75,33,268,2011,3,2011-03-10 15:52:00.000,2011-10-30 12:35:00.000
14681,Loyal Customers,3,62,3,498.95,3,3,3,9,166.32,0.021277,141,70.50,6,76,2011,5,2011-05-12 10:45:00.000,2011-09-29 15:52:00.000
16488,Loyal Customers,3,24,3,498.8,4,4,3,11,166.27,0.025862,116,58.00,28,728,2011,7,2011-07-14 11:46:00.000,2011-11-06 13:42:00.000
12695,Loyal Customers,3,57,3,497,3,3,3,9,165.67,0.020690,145,72.50,21,206,2011,5,2011-05-13 13:15:00.000,2011-10-04 15:02:00.000
15018,Loyal Customers,3,29,3,496.21,4,4,3,11,165.40,0.009091,330,165.00,30,189,2010,12,2010-12-07 10:47:00.000,2011-11-01 12:47:00.000
12904,Loyal Customers,3,9,2,496.06,5,3,3,11,248.03,0.012903,155,155.00,59,294,2011,6,2011-06-20 13:18:00.000,2011-11-21 14:34:00.000
16352,Loyal Customers,3,8,2,494.44,5,3,3,11,247.22,0.095238,21,21.00,28,300,2011,11,2011-11-02 08:44:00.000,2011-11-22 10:32:00.000
15031,Loyal Customers,3,21,3,492.61,4,4,3,11,164.20,0.011858,253,126.50,64,345,2011,3,2011-03-02 14:46:00.000,2011-11-09 17:44:00.000
14416,Loyal Customers,3,13,2,490.22,4,3,3,10,245.11,0.095238,21,21.00,13,326,2011,10,2011-10-28 15:10:00.000,2011-11-17 15:22:00.000
17361,Loyal Customers,3,40,3,488.2,3,4,3,10,162.73,0.012346,243,121.50,26,157,2011,2,2011-02-21 09:55:00.000,2011-10-21 15:43:00.000
14396,Loyal Customers,3,56,2,487.99,3,3,3,9,244.00,0.006515,307,307.00,71,225,2010,12,2010-12-03 15:19:00.000,2011-10-05 16:09:00.000
15287,Loyal Customers,3,13,2,486.69,4,3,3,10,243.34,0.040816,49,49.00,17,433,2011,9,2011-09-30 12:30:00.000,2011-11-17 15:34:00.000
16999,Loyal Customers,3,14,2,484.82,4,3,3,10,242.41,0.038462,52,52.00,21,294,2011,9,2011-09-26 15:43:00.000,2011-11-16 13:53:00.000
16518,Loyal Customers,3,52,2,484.32,3,3,3,9,242.16,0.008929,224,224.00,36,327,2011,2,2011-02-28 16:36:00.000,2011-10-09 15:04:00.000
12808,Loyal Customers,3,27,3,483.65,4,4,3,11,161.22,0.009009,333,166.50,27,188,2010,12,2010-12-06 10:27:00.000,2011-11-03 10:05:00.000
17883,Loyal Customers,3,5,3,483.15,5,3,3,11,161.05,0.012876,233,116.50,91,201,2011,4,2011-04-07 19:16:00.000,2011-11-25 14:02:00.000
16603,Loyal Customers,3,65,2,482.47,3,3,3,9,241.23,0.111111,18,18.00,34,480,2011,9,2011-09-09 13:02:00.000,2011-09-26 10:06:00.000
17950,Loyal Customers,3,63,3,482.2,3,3,3,9,160.73,0.010204,294,147.00,63,366,2010,12,2010-12-09 15:16:00.000,2011-09-28 15:18:00.000
12504,Loyal Customers,3,9,2,482.05,5,3,3,11,241.02,0.153846,13,13.00,6,90,2011,11,2011-11-09 14:56:00.000,2011-11-21 16:02:00.000
17555,Loyal Customers,3,10,2,480.31,5,3,3,11,240.16,0.006329,316,316.00,101,348,2011,1,2011-01-09 12:31:00.000,2011-11-20 12:22:00.000
16008,Loyal Customers,3,14,3,478.78,4,4,3,11,159.59,0.016484,182,91.00,29,323,2011,5,2011-05-19 10:54:00.000,2011-11-16 10:32:00.000
16768,Loyal Customers,3,38,3,478.09,3,4,3,10,159.36,0.013333,225,112.50,47,196,2011,3,2011-03-13 10:25:00.000,2011-10-23 10:38:00.000
16693,Loyal Customers,3,59,2,477.86,3,3,3,9,238.93,0.009804,204,204.00,58,203,2011,3,2011-03-13 11:06:00.000,2011-10-02 11:10:00.000
12357,Potential Customers,4,24,1,6207.67,4,1,5,10,6207.67,1.000000,1,NULL,131,2708,2011,11,2011-11-06 16:07:00.000,2011-11-06 16:07:00.000
12454,Potential Customers,4,47,1,3528.34,3,1,5,9,3528.34,1.000000,1,NULL,15,1006,2011,10,2011-10-14 17:13:00.000,2011-10-14 17:13:00.000
12438,Potential Customers,4,5,2,2906.85,5,2,5,12,1453.42,0.015748,127,127.00,84,1180,2011,7,2011-07-22 13:29:00.000,2011-11-25 13:28:00.000
13422,Potential Customers,4,55,1,2626.3,3,2,5,10,2626.30,1.000000,1,NULL,127,1326,2011,10,2011-10-06 13:42:00.000,2011-10-06 13:42:00.000
17313,Potential Customers,4,22,1,2328.84,4,1,5,10,2328.84,1.000000,1,NULL,24,1402,2011,11,2011-11-08 15:45:00.000,2011-11-08 15:45:00.000
16281,Potential Customers,4,63,1,2062.06,3,2,5,10,2062.06,1.000000,1,NULL,17,934,2011,9,2011-09-28 14:57:00.000,2011-09-28 14:57:00.000
12371,Potential Customers,4,35,2,1887.96,3,2,4,9,943.98,0.125000,16,16.00,63,591,2011,10,2011-10-11 10:43:00.000,2011-10-26 10:16:00.000
16751,Potential Customers,4,21,1,1764.72,4,1,4,9,1764.72,1.000000,1,NULL,24,1031,2011,11,2011-11-09 10:48:00.000,2011-11-09 10:48:00.000
12349,Potential Customers,4,9,1,1757.55,5,2,4,11,1757.55,1.000000,1,NULL,73,631,2011,11,2011-11-21 09:51:00.000,2011-11-21 09:51:00.000
16380,Potential Customers,4,52,1,1743.15,3,1,4,8,1743.15,1.000000,1,NULL,28,1428,2011,10,2011-10-09 15:40:00.000,2011-10-09 15:40:00.000
13763,Potential Customers,4,54,1,1714.96,3,2,4,9,1714.96,1.000000,1,NULL,15,728,2011,10,2011-10-07 15:13:00.000,2011-10-07 15:13:00.000
12398,Potential Customers,4,36,1,1635.66,3,1,4,8,1635.66,1.000000,1,NULL,85,1394,2011,10,2011-10-25 10:27:00.000,2011-10-25 10:27:00.000
12607,Potential Customers,4,51,1,1579.51,3,1,4,8,1579.51,1.000000,1,NULL,101,1228,2011,10,2011-10-10 16:06:00.000,2011-10-10 16:06:00.000
15531,Potential Customers,4,21,1,1495.06,4,1,4,9,1495.06,1.000000,1,NULL,175,832,2011,11,2011-11-09 17:47:00.000,2011-11-09 17:47:00.000
17354,Potential Customers,4,41,1,1393.06,3,1,4,8,1393.06,1.000000,1,NULL,15,1006,2011,10,2011-10-20 10:34:00.000,2011-10-20 10:34:00.000
17004,Potential Customers,4,37,2,1312.14,3,2,4,9,656.07,0.042553,47,47.00,38,771,2011,9,2011-09-08 12:16:00.000,2011-10-24 14:25:00.000
16101,Potential Customers,4,61,1,1290.7,3,2,4,9,1290.70,1.000000,1,NULL,76,757,2011,9,2011-09-30 10:18:00.000,2011-09-30 10:18:00.000
13878,Potential Customers,4,45,1,1271.57,3,1,4,8,1271.57,1.000000,1,NULL,35,463,2011,10,2011-10-16 12:19:00.000,2011-10-16 12:19:00.000
14216,Potential Customers,4,7,2,1252.74,5,2,4,11,626.37,0.090909,22,22.00,34,452,2011,11,2011-11-02 10:51:00.000,2011-11-23 13:24:00.000
16653,Potential Customers,4,7,2,1212.66,5,2,4,11,606.33,0.035714,56,56.00,67,733,2011,9,2011-09-29 13:38:00.000,2011-11-23 14:51:00.000
12611,Potential Customers,4,43,1,1193.32,3,1,4,8,1193.32,1.000000,1,NULL,65,846,2011,10,2011-10-18 13:12:00.000,2011-10-18 13:12:00.000
15630,Potential Customers,4,36,2,1186.35,3,2,4,9,593.18,0.012500,160,160.00,57,800,2011,5,2011-05-19 10:16:00.000,2011-10-25 15:36:00.000
16800,Potential Customers,4,2,1,1162.65,5,2,4,11,1162.65,1.000000,1,NULL,148,524,2011,11,2011-11-28 14:06:00.000,2011-11-28 14:06:00.000
15978,Potential Customers,4,68,1,1098.78,3,2,4,9,1098.78,1.000000,1,NULL,49,888,2011,9,2011-09-23 15:21:00.000,2011-09-23 15:21:00.000
13853,Potential Customers,4,48,1,1090.14,3,1,4,8,1090.14,1.000000,1,NULL,23,312,2011,10,2011-10-13 14:18:00.000,2011-10-13 14:18:00.000
16563,Potential Customers,4,44,1,1077.74,3,1,4,8,1077.74,1.000000,1,NULL,19,486,2011,10,2011-10-17 11:51:00.000,2011-10-17 11:51:00.000
13635,Potential Customers,4,58,1,1071.03,3,2,4,9,1071.03,1.000000,1,NULL,62,677,2011,10,2011-10-03 10:55:00.000,2011-10-03 10:55:00.000
14488,Potential Customers,4,58,1,1064.28,3,2,4,9,1064.28,1.000000,1,NULL,46,799,2011,10,2011-10-03 09:30:00.000,2011-10-03 09:30:00.000
17727,Potential Customers,4,6,1,1060.25,5,2,4,11,1060.25,1.000000,1,NULL,66,645,2011,11,2011-11-24 17:06:00.000,2011-11-24 17:06:00.000
16260,Potential Customers,4,41,1,1035.45,3,1,4,8,1035.45,1.000000,1,NULL,18,311,2011,10,2011-10-20 09:40:00.000,2011-10-20 09:40:00.000
13639,Potential Customers,4,65,1,1033.34,3,2,4,9,1033.34,1.000000,1,NULL,39,800,2011,9,2011-09-26 13:36:00.000,2011-09-26 13:36:00.000
17197,Potential Customers,4,20,1,1013.01,4,1,4,9,1013.01,1.000000,1,NULL,29,191,2011,11,2011-11-10 10:32:00.000,2011-11-10 10:32:00.000
12446,Potential Customers,4,48,1,1002.31,3,1,4,8,1002.31,1.000000,1,NULL,57,351,2011,10,2011-10-13 12:50:00.000,2011-10-13 12:50:00.000
13350,Potential Customers,4,7,2,979.12,5,2,4,11,489.56,0.031250,64,64.00,36,287,2011,9,2011-09-21 13:33:00.000,2011-11-23 16:33:00.000
18192,Potential Customers,4,62,1,957.97,3,2,4,9,957.97,1.000000,1,NULL,45,339,2011,9,2011-09-29 09:53:00.000,2011-09-29 09:53:00.000
17244,Potential Customers,4,44,1,954.9,3,1,4,8,954.90,1.000000,1,NULL,31,616,2011,10,2011-10-17 15:19:00.000,2011-10-17 15:19:00.000
17044,Potential Customers,4,16,1,948.48,4,1,4,9,948.48,1.000000,1,NULL,6,504,2011,11,2011-11-14 14:28:00.000,2011-11-14 14:28:00.000
15576,Potential Customers,4,28,1,921.37,4,1,4,9,921.37,1.000000,1,NULL,43,394,2011,11,2011-11-02 12:03:00.000,2011-11-02 12:03:00.000
14015,Potential Customers,4,43,1,917.34,3,1,4,8,917.34,1.000000,1,NULL,20,378,2011,10,2011-10-18 10:02:00.000,2011-10-18 10:02:00.000
14912,Potential Customers,4,7,2,867.85,5,2,3,10,433.92,0.008658,231,231.00,21,971,2011,4,2011-04-07 11:06:00.000,2011-11-23 09:20:00.000
16376,Potential Customers,4,8,1,862.2,5,2,3,10,862.20,1.000000,1,NULL,91,655,2011,11,2011-11-22 16:47:00.000,2011-11-22 16:47:00.000
16347,Potential Customers,4,2,2,847.45,5,2,3,10,423.72,0.076923,26,26.00,61,341,2011,11,2011-11-03 13:01:00.000,2011-11-28 13:14:00.000
12847,Potential Customers,4,13,1,843.64,4,2,3,9,843.64,1.000000,1,NULL,72,873,2011,11,2011-11-17 13:16:00.000,2011-11-17 13:16:00.000
17624,Potential Customers,4,5,2,843.48,5,2,3,10,421.74,0.009756,205,205.00,49,554,2011,5,2011-05-05 17:59:00.000,2011-11-25 10:52:00.000
15239,Potential Customers,4,1,2,780.59,5,2,3,10,390.29,0.028986,69,69.00,48,594,2011,9,2011-09-22 09:53:00.000,2011-11-29 14:14:00.000
16505,Potential Customers,4,22,1,777.6,4,1,3,8,777.60,1.000000,1,NULL,4,576,2011,11,2011-11-08 12:14:00.000,2011-11-08 12:14:00.000
17466,Potential Customers,4,1,2,763.28,5,2,3,10,381.64,0.028986,69,69.00,41,306,2011,9,2011-09-22 09:16:00.000,2011-11-29 13:15:00.000
18104,Potential Customers,4,28,1,754.64,4,1,3,8,754.64,1.000000,1,NULL,38,362,2011,11,2011-11-02 14:07:00.000,2011-11-02 14:07:00.000
12985,Potential Customers,4,19,1,754.38,4,1,3,8,754.38,1.000000,1,NULL,52,841,2011,11,2011-11-11 12:44:00.000,2011-11-11 12:44:00.000
12374,Potential Customers,4,16,1,742.93,4,1,3,8,742.93,1.000000,1,NULL,33,342,2011,11,2011-11-14 15:37:00.000,2011-11-14 15:37:00.000
12603,Potential Customers,4,12,1,739.2,5,2,3,10,739.20,1.000000,1,NULL,2,63,2011,11,2011-11-18 10:42:00.000,2011-11-18 10:42:00.000
14756,Potential Customers,4,6,1,738.96,5,2,3,10,738.96,1.000000,1,NULL,38,416,2011,11,2011-11-24 18:13:00.000,2011-11-24 18:13:00.000
17761,Potential Customers,4,23,1,712.78,4,1,3,8,712.78,1.000000,1,NULL,19,398,2011,11,2011-11-07 10:23:00.000,2011-11-07 10:23:00.000
12658,Potential Customers,4,9,1,686.05,5,2,3,10,686.05,1.000000,1,NULL,36,320,2011,11,2011-11-21 10:22:00.000,2011-11-21 10:22:00.000
18082,Potential Customers,4,16,1,680.84,4,1,3,8,680.84,1.000000,1,NULL,62,608,2011,11,2011-11-14 12:45:00.000,2011-11-14 12:45:00.000
18156,Potential Customers,4,3,2,675.64,5,2,3,10,337.82,0.005587,358,358.00,100,283,2010,12,2010-12-05 12:29:00.000,2011-11-27 12:24:00.000
13607,Potential Customers,4,31,1,675.51,4,1,3,8,675.51,1.000000,1,NULL,93,288,2011,10,2011-10-30 16:17:00.000,2011-10-30 16:17:00.000
12638,Potential Customers,4,24,1,671.69,4,1,3,8,671.69,1.000000,1,NULL,39,577,2011,11,2011-11-06 13:11:00.000,2011-11-06 13:11:00.000
16127,Potential Customers,4,30,1,656.25,4,1,3,8,656.25,1.000000,1,NULL,40,323,2011,10,2011-10-31 13:58:00.000,2011-10-31 13:58:00.000
14725,Potential Customers,4,15,1,655.58,4,2,3,9,655.58,1.000000,1,NULL,45,588,2011,11,2011-11-15 12:42:00.000,2011-11-15 12:42:00.000
14126,Potential Customers,4,1,2,643.63,5,2,3,10,321.82,2.000000,1,1.00,14,458,2011,11,2011-11-29 12:21:00.000,2011-11-29 12:22:00.000
14020,Potential Customers,4,7,2,642.8,5,2,3,10,321.40,0.027397,73,73.00,37,441,2011,9,2011-09-12 15:32:00.000,2011-11-23 09:22:00.000
17985,Potential Customers,4,13,1,631.35,4,1,3,8,631.35,1.000000,1,NULL,20,171,2011,11,2011-11-17 14:24:00.000,2011-11-17 14:24:00.000
13525,Potential Customers,4,5,2,628.78,5,2,3,10,314.39,0.008511,235,235.00,5,394,2011,4,2011-04-05 15:36:00.000,2011-11-25 12:01:00.000
13914,Potential Customers,4,2,2,626.45,5,2,3,10,313.22,0.076923,26,26.00,28,380,2011,11,2011-11-03 16:28:00.000,2011-11-28 10:35:00.000
14382,Potential Customers,4,17,1,615.49,4,1,3,8,615.49,1.000000,1,NULL,121,1231,2011,11,2011-11-13 16:18:00.000,2011-11-13 16:18:00.000
15275,Potential Customers,4,28,1,615.14,4,1,3,8,615.14,1.000000,1,NULL,41,498,2011,11,2011-11-02 11:20:00.000,2011-11-02 11:20:00.000
18022,Potential Customers,4,26,1,612.72,4,1,3,8,612.72,1.000000,1,NULL,141,703,2011,11,2011-11-04 12:45:00.000,2011-11-04 12:45:00.000
15645,Potential Customers,4,9,1,612.01,5,2,3,10,612.01,1.000000,1,NULL,50,256,2011,11,2011-11-21 11:55:00.000,2011-11-21 11:55:00.000
16732,Potential Customers,4,22,1,603.75,4,1,3,8,603.75,1.000000,1,NULL,28,317,2011,11,2011-11-08 09:54:00.000,2011-11-08 09:54:00.000
15720,Potential Customers,4,15,1,598.73,4,2,3,9,598.73,1.000000,1,NULL,128,281,2011,11,2011-11-15 14:48:00.000,2011-11-15 14:48:00.000
14675,Potential Customers,4,7,1,596.36,5,2,3,10,596.36,1.000000,1,NULL,93,336,2011,11,2011-11-23 12:58:00.000,2011-11-23 12:58:00.000
15830,Potential Customers,4,28,1,576,4,1,3,8,576.00,1.000000,1,NULL,39,415,2011,11,2011-11-02 10:40:00.000,2011-11-02 10:40:00.000
17806,Potential Customers,4,2,1,546.04,5,2,3,10,546.04,1.000000,1,NULL,43,727,2011,11,2011-11-28 14:12:00.000,2011-11-28 14:12:00.000
13278,Potential Customers,4,31,1,542.73,4,1,3,8,542.73,1.000000,1,NULL,46,537,2011,10,2011-10-30 11:49:00.000,2011-10-30 11:49:00.000
14140,Potential Customers,4,22,1,540.99,4,1,3,8,540.99,1.000000,1,NULL,40,517,2011,11,2011-11-08 11:20:00.000,2011-11-08 11:20:00.000
15043,Potential Customers,4,22,1,537,4,1,3,8,537.00,1.000000,1,NULL,3,300,2011,11,2011-11-08 14:26:00.000,2011-11-08 14:26:00.000
16185,Potential Customers,4,7,2,529.41,5,2,3,10,264.70,0.009217,217,217.00,31,260,2011,4,2011-04-21 11:59:00.000,2011-11-23 09:41:00.000
16602,Potential Customers,4,27,1,528.08,4,1,3,8,528.08,1.000000,1,NULL,29,336,2011,11,2011-11-03 15:54:00.000,2011-11-03 15:54:00.000
12479,Potential Customers,4,2,1,527.2,5,2,3,10,527.20,1.000000,1,NULL,31,385,2011,11,2011-11-28 13:26:00.000,2011-11-28 13:26:00.000
17623,Potential Customers,4,23,1,527.05,4,1,3,8,527.05,1.000000,1,NULL,33,265,2011,11,2011-11-07 11:32:00.000,2011-11-07 11:32:00.000
13721,Potential Customers,4,27,1,524.14,4,1,3,8,524.14,1.000000,1,NULL,28,316,2011,11,2011-11-03 14:05:00.000,2011-11-03 14:05:00.000
17329,Potential Customers,4,5,2,523.11,5,2,3,10,261.56,0.006623,302,302.00,29,142,2011,1,2011-01-28 15:29:00.000,2011-11-25 14:24:00.000
14158,Potential Customers,4,31,1,507.66,4,1,3,8,507.66,1.000000,1,NULL,41,781,2011,10,2011-10-30 15:08:00.000,2011-10-30 15:08:00.000
13868,Potential Customers,4,29,1,507.54,4,1,3,8,507.54,1.000000,1,NULL,32,464,2011,11,2011-11-01 12:45:00.000,2011-11-01 12:45:00.000
13732,Potential Customers,4,19,1,491.86,4,1,3,8,491.86,1.000000,1,NULL,33,498,2011,11,2011-11-11 15:49:00.000,2011-11-11 15:49:00.000
17453,Potential Customers,4,8,2,486.72,5,2,3,10,243.36,0.041667,48,48.00,19,219,2011,10,2011-10-06 17:02:00.000,2011-11-22 09:42:00.000
18216,Potential Customers,4,22,1,481.75,4,1,3,8,481.75,1.000000,1,NULL,26,200,2011,11,2011-11-08 16:55:00.000,2011-11-08 16:55:00.000
14853,Potential Customers,4,15,2,475.8,4,3,2,9,237.90,0.010638,188,188.00,8,82,2011,5,2011-05-12 15:17:00.000,2011-11-15 16:56:00.000
13558,Potential Customers,4,14,3,471.84,4,4,2,10,157.28,0.065217,46,23.00,106,269,2011,10,2011-10-02 13:01:00.000,2011-11-16 12:13:00.000
15721,Potential Customers,4,2,1,471.4,5,2,2,9,471.40,1.000000,1,NULL,80,388,2011,11,2011-11-28 12:14:00.000,2011-11-28 12:14:00.000
13066,Potential Customers,4,15,2,470.8,4,3,2,9,235.40,0.222222,9,9.00,48,322,2011,11,2011-11-07 17:06:00.000,2011-11-15 12:57:00.000
15963,Potential Customers,4,10,2,470.76,5,3,2,10,235.38,0.074074,27,27.00,26,298,2011,10,2011-10-25 13:05:00.000,2011-11-20 11:33:00.000
15525,Potential Customers,4,8,2,468.69,5,3,2,10,234.34,0.005602,357,357.00,77,271,2010,12,2010-12-01 13:17:00.000,2011-11-22 12:07:00.000
13171,Potential Customers,4,12,3,468.41,5,4,2,11,156.14,0.010753,279,139.50,37,229,2011,2,2011-02-13 14:16:00.000,2011-11-18 10:27:00.000
13579,Potential Customers,4,5,2,467.04,5,2,2,9,233.52,0.005618,356,356.00,19,176,2010,12,2010-12-05 16:10:00.000,2011-11-25 08:41:00.000
14205,Potential Customers,4,7,2,466.7,5,2,2,9,233.35,0.008032,249,249.00,23,204,2011,3,2011-03-20 15:07:00.000,2011-11-23 10:55:00.000
13928,Potential Customers,4,1,4,464.57,5,4,2,11,116.14,0.032258,124,41.33,23,129,2011,7,2011-07-29 15:59:00.000,2011-11-29 10:33:00.000
12787,Potential Customers,4,0,3,463.66,5,3,2,10,154.55,0.016304,184,92.00,17,261,2011,5,2011-05-31 09:36:00.000,2011-11-30 08:44:00.000
17964,Potential Customers,4,22,2,463.21,4,3,2,9,231.61,0.005848,342,342.00,84,294,2010,12,2010-12-02 13:32:00.000,2011-11-08 10:44:00.000
14470,Potential Customers,4,2,2,461.19,5,2,2,9,230.59,0.007220,277,277.00,43,193,2011,2,2011-02-25 11:56:00.000,2011-11-28 10:31:00.000
16824,Potential Customers,4,6,2,460.64,5,3,2,10,230.32,0.013333,150,150.00,23,236,2011,6,2011-06-28 13:36:00.000,2011-11-24 12:38:00.000
15344,Potential Customers,4,23,2,460.64,4,3,2,9,230.32,0.046512,43,43.00,20,106,2011,9,2011-09-26 14:48:00.000,2011-11-07 17:08:00.000
12375,Potential Customers,4,1,2,457.5,5,2,2,9,228.75,0.022472,89,89.00,14,178,2011,9,2011-09-02 14:23:00.000,2011-11-29 10:36:00.000
14335,Potential Customers,4,7,2,454.86,5,2,2,9,227.43,0.024691,81,81.00,55,375,2011,9,2011-09-04 13:07:00.000,2011-11-23 13:41:00.000
17564,Potential Customers,4,15,3,454.01,4,4,2,10,151.34,0.052632,57,28.50,38,146,2011,9,2011-09-20 14:00:00.000,2011-11-15 13:27:00.000
18158,Potential Customers,4,0,2,453.4,5,3,2,10,226.70,0.025000,80,80.00,24,354,2011,9,2011-09-12 09:03:00.000,2011-11-30 16:19:00.000
14173,Potential Customers,4,1,4,450.84,5,4,2,11,112.71,0.019048,210,70.00,28,150,2011,5,2011-05-04 14:03:00.000,2011-11-29 11:54:00.000
16885,Potential Customers,4,6,3,450.41,5,3,2,10,150.14,0.008746,343,171.50,82,178,2010,12,2010-12-17 17:23:00.000,2011-11-24 13:40:00.000
15368,Potential Customers,4,12,1,446.94,5,2,2,9,446.94,1.000000,1,NULL,4,230,2011,11,2011-11-18 14:42:00.000,2011-11-18 14:42:00.000
15524,Potential Customers,4,15,1,440,4,2,2,8,440.00,1.000000,1,NULL,1,4,2011,11,2011-11-15 12:09:00.000,2011-11-15 12:09:00.000
12391,Potential Customers,4,12,1,439.66,5,2,2,9,439.66,1.000000,1,NULL,92,293,2011,11,2011-11-18 12:07:00.000,2011-11-18 12:07:00.000
12552,Potential Customers,4,29,2,437.82,4,3,2,9,218.91,1.000000,2,2.00,20,88,2011,10,2011-10-31 12:11:00.000,2011-11-01 10:02:00.000
14093,Potential Customers,4,3,1,433.86,5,2,2,9,433.86,1.000000,1,NULL,95,391,2011,11,2011-11-27 16:27:00.000,2011-11-27 16:27:00.000
12452,Potential Customers,4,7,2,430.57,5,2,2,9,215.28,2.000000,1,1.00,21,185,2011,11,2011-11-23 08:05:00.000,2011-11-23 10:28:00.000
12795,Potential Customers,4,9,1,430.48,5,2,2,9,430.48,1.000000,1,NULL,14,68,2011,11,2011-11-21 10:27:00.000,2011-11-21 10:27:00.000
16884,Potential Customers,4,28,2,429.84,4,3,2,9,214.92,2.000000,1,1.00,26,320,2011,11,2011-11-02 10:16:00.000,2011-11-02 11:52:00.000
14157,Potential Customers,4,10,2,424.89,5,3,2,10,212.44,0.007491,267,267.00,45,271,2011,2,2011-02-27 13:04:00.000,2011-11-20 11:32:00.000
15206,Potential Customers,4,1,4,420.3,5,4,2,11,105.07,0.015038,266,88.67,3,162,2011,3,2011-03-09 08:59:00.000,2011-11-29 13:41:00.000
16759,Potential Customers,4,21,2,418.85,4,3,2,9,209.43,2.000000,1,1.00,23,295,2011,11,2011-11-09 09:06:00.000,2011-11-09 09:07:00.000
18034,Potential Customers,4,12,2,418.68,5,3,2,10,209.34,2.000000,1,1.00,99,559,2011,11,2011-11-18 12:08:00.000,2011-11-18 12:22:00.000
17371,Potential Customers,4,8,3,418.4,5,3,2,10,139.47,0.008696,345,172.50,83,151,2010,12,2010-12-13 15:20:00.000,2011-11-22 13:30:00.000
15725,Potential Customers,4,6,1,415.25,5,2,2,9,415.25,1.000000,1,NULL,32,221,2011,11,2011-11-24 14:51:00.000,2011-11-24 14:51:00.000
18001,Potential Customers,4,3,2,415.13,5,3,2,10,207.56,0.026667,75,75.00,56,362,2011,9,2011-09-14 11:21:00.000,2011-11-27 16:02:00.000
12993,Potential Customers,4,14,4,414.76,4,4,2,10,103.69,0.014493,276,92.00,26,240,2011,2,2011-02-14 14:29:00.000,2011-11-16 15:49:00.000
15186,Potential Customers,4,5,2,411.41,5,2,2,9,205.71,0.012903,155,155.00,17,215,2011,6,2011-06-24 14:54:00.000,2011-11-25 14:58:00.000
12990,Potential Customers,4,22,3,409.5,4,4,2,10,136.50,0.010714,280,140.00,8,200,2011,2,2011-02-02 15:39:00.000,2011-11-08 13:01:00.000
16243,Potential Customers,4,24,2,409.1,4,3,2,9,204.55,0.090909,22,22.00,49,110,2011,10,2011-10-16 12:09:00.000,2011-11-06 12:32:00.000
16018,Potential Customers,4,30,2,408.9,4,3,2,9,204.45,0.014085,142,142.00,26,190,2011,6,2011-06-12 13:52:00.000,2011-10-31 14:13:00.000
16399,Potential Customers,4,10,2,408.02,5,3,2,10,204.01,0.009217,217,217.00,68,263,2011,4,2011-04-18 13:46:00.000,2011-11-20 16:12:00.000
12498,Potential Customers,4,12,3,403.7,4,3,2,9,134.57,0.081081,37,18.50,21,159,2011,10,2011-10-13 09:30:00.000,2011-11-18 12:53:00.000
18036,Potential Customers,4,23,3,403.12,4,4,2,10,134.37,0.014019,214,107.00,77,232,2011,4,2011-04-08 11:26:00.000,2011-11-07 14:40:00.000
15184,Potential Customers,4,20,2,402.2,4,3,2,9,201.10,0.012346,162,162.00,59,199,2011,6,2011-06-02 12:06:00.000,2011-11-10 13:41:00.000
13255,Potential Customers,4,0,2,399.51,5,3,2,10,199.75,0.005479,365,365.00,13,177,2010,12,2010-12-01 11:58:00.000,2011-11-30 13:14:00.000
15522,Potential Customers,4,23,2,397.99,4,3,2,9,198.99,0.035714,56,56.00,47,572,2011,9,2011-09-13 12:26:00.000,2011-11-07 11:26:00.000
12508,Potential Customers,4,17,2,397.88,4,3,2,9,198.94,0.500000,4,4.00,57,271,2011,11,2011-11-10 16:27:00.000,2011-11-13 15:37:00.000
15967,Potential Customers,4,14,2,397.68,4,3,2,9,198.84,0.006757,296,296.00,73,205,2011,1,2011-01-25 11:57:00.000,2011-11-16 15:41:00.000
15429,Potential Customers,4,17,2,397.35,4,3,2,9,198.68,0.040000,50,50.00,77,380,2011,9,2011-09-25 13:42:00.000,2011-11-13 12:28:00.000
17379,Potential Customers,4,2,1,389.72,5,2,2,9,389.72,1.000000,1,NULL,71,623,2011,11,2011-11-28 13:56:00.000,2011-11-28 13:56:00.000
15847,Potential Customers,4,29,2,389.27,4,3,2,9,194.63,0.007968,251,251.00,22,449,2011,2,2011-02-24 16:46:00.000,2011-11-01 14:41:00.000
13899,Potential Customers,4,7,2,388.52,5,2,2,9,194.26,0.007722,259,259.00,19,156,2011,3,2011-03-10 09:30:00.000,2011-11-23 13:40:00.000
13673,Potential Customers,4,9,2,387.44,5,3,2,10,193.72,0.133333,15,15.00,47,114,2011,11,2011-11-07 15:40:00.000,2011-11-21 12:11:00.000
17595,Potential Customers,4,3,2,386.69,5,2,2,9,193.34,0.076923,26,26.00,68,228,2011,11,2011-11-02 16:19:00.000,2011-11-27 16:08:00.000
17711,Potential Customers,4,1,2,385.1,5,2,2,9,192.55,0.007143,280,280.00,22,246,2011,2,2011-02-23 11:32:00.000,2011-11-29 11:40:00.000
17357,Potential Customers,4,15,2,384.39,4,3,2,9,192.19,2.000000,1,1.00,41,152,2011,11,2011-11-15 16:29:00.000,2011-11-15 16:30:00.000
15274,Potential Customers,4,9,1,383.99,5,2,2,9,383.99,1.000000,1,NULL,25,377,2011,11,2011-11-21 14:17:00.000,2011-11-21 14:17:00.000
16892,Potential Customers,4,6,3,383.27,5,4,2,11,127.76,0.017751,169,84.50,73,197,2011,6,2011-06-09 11:35:00.000,2011-11-24 13:06:00.000
12832,Potential Customers,4,23,2,383.03,4,3,2,9,191.52,0.029851,67,67.00,27,195,2011,9,2011-09-02 13:48:00.000,2011-11-07 13:30:00.000
13817,Potential Customers,4,20,2,382.98,4,3,2,9,191.49,0.006192,323,323.00,20,211,2010,12,2010-12-23 11:46:00.000,2011-11-10 17:49:00.000
13657,Potential Customers,4,1,2,382.14,5,3,2,10,191.07,0.010417,192,192.00,16,209,2011,5,2011-05-22 12:35:00.000,2011-11-29 12:32:00.000
17573,Potential Customers,4,20,3,380.6,4,4,2,10,126.87,0.046154,65,32.50,24,308,2011,9,2011-09-07 10:36:00.000,2011-11-10 13:01:00.000
17999,Potential Customers,4,28,2,380.39,4,3,2,9,190.19,0.006061,330,330.00,87,219,2010,12,2010-12-08 15:17:00.000,2011-11-02 15:56:00.000
17031,Potential Customers,4,2,2,380.35,5,2,2,9,190.18,0.013889,144,144.00,19,235,2011,7,2011-07-08 09:38:00.000,2011-11-28 10:23:00.000
13589,Potential Customers,4,5,2,379.65,5,2,2,9,189.83,0.012048,166,166.00,21,114,2011,6,2011-06-13 12:44:00.000,2011-11-25 12:10:00.000
16930,Potential Customers,4,17,3,378.89,4,4,2,10,126.30,0.069767,43,21.50,47,339,2011,10,2011-10-02 14:25:00.000,2011-11-13 16:13:00.000
13596,Potential Customers,4,3,1,378.67,5,2,2,9,378.67,1.000000,1,NULL,120,192,2011,11,2011-11-27 11:57:00.000,2011-11-27 11:57:00.000
17078,Potential Customers,4,27,2,378.2,4,3,2,9,189.10,2.000000,1,1.00,28,788,2011,11,2011-11-03 18:49:00.000,2011-11-03 19:17:00.000
17736,Potential Customers,4,0,3,377.44,5,3,2,10,125.81,0.028571,105,52.50,24,238,2011,8,2011-08-18 14:33:00.000,2011-11-30 15:36:00.000
14448,Potential Customers,4,0,2,375.35,5,3,2,10,187.68,0.005618,356,356.00,20,104,2010,12,2010-12-10 17:26:00.000,2011-11-30 13:50:00.000
12981,Potential Customers,4,20,2,372.22,4,3,2,9,186.11,0.019048,105,105.00,12,242,2011,7,2011-07-29 14:14:00.000,2011-11-10 12:00:00.000
14950,Potential Customers,4,10,1,371.2,5,2,2,9,371.20,1.000000,1,NULL,19,136,2011,11,2011-11-20 13:48:00.000,2011-11-20 13:48:00.000
17911,Potential Customers,4,0,1,366.23,5,2,2,9,366.23,1.000000,1,NULL,39,223,2011,11,2011-11-30 14:52:00.000,2011-11-30 14:52:00.000
17432,Potential Customers,4,9,2,365.76,5,3,2,10,182.88,0.100000,20,20.00,44,207,2011,11,2011-11-02 17:30:00.000,2011-11-21 17:33:00.000
15949,Potential Customers,4,7,2,364.72,5,2,2,9,182.36,0.035714,56,56.00,12,284,2011,9,2011-09-29 17:34:00.000,2011-11-23 09:09:00.000
17330,Potential Customers,4,13,2,363.9,4,3,2,9,181.95,0.043478,46,46.00,5,120,2011,10,2011-10-03 11:26:00.000,2011-11-17 08:56:00.000
13844,Potential Customers,4,2,1,361.62,5,2,2,9,361.62,1.000000,1,NULL,20,196,2011,11,2011-11-28 13:21:00.000,2011-11-28 13:21:00.000
18040,Potential Customers,4,10,2,357.2,5,3,2,10,178.60,0.008811,227,227.00,18,148,2011,4,2011-04-08 08:27:00.000,2011-11-20 14:20:00.000
16372,Potential Customers,4,24,2,355.73,4,3,2,9,177.86,2.000000,1,1.00,86,158,2011,11,2011-11-06 12:50:00.000,2011-11-06 13:08:00.000
13323,Potential Customers,4,12,3,355.3,5,3,2,10,118.43,0.046875,64,32.00,6,78,2011,9,2011-09-16 13:23:00.000,2011-11-18 10:24:00.000
17014,Potential Customers,4,23,2,353.81,4,3,2,9,176.90,0.057143,35,35.00,53,117,2011,10,2011-10-04 11:36:00.000,2011-11-07 14:51:00.000
18112,Potential Customers,4,3,2,352.69,5,3,2,10,176.34,0.012903,155,155.00,26,255,2011,6,2011-06-26 13:56:00.000,2011-11-27 14:43:00.000
15901,Potential Customers,4,7,3,351.73,5,3,2,10,117.24,0.021583,139,69.50,102,379,2011,7,2011-07-08 12:18:00.000,2011-11-23 12:43:00.000
13332,Potential Customers,4,5,1,350.9,5,2,2,9,350.90,1.000000,1,NULL,21,179,2011,11,2011-11-25 13:30:00.000,2011-11-25 13:30:00.000
17290,Potential Customers,4,7,1,348.83,5,2,2,9,348.83,1.000000,1,NULL,50,274,2011,11,2011-11-23 15:53:00.000,2011-11-23 15:53:00.000
16500,Potential Customers,4,7,5,348.12,5,5,2,12,69.62,0.015873,315,78.75,7,105,2011,1,2011-01-13 10:28:00.000,2011-11-23 14:18:00.000
18127,Potential Customers,4,10,3,347.08,5,3,2,10,115.69,0.026087,115,57.50,41,187,2011,7,2011-07-29 10:06:00.000,2011-11-20 14:05:00.000
16423,Potential Customers,4,15,1,346.12,4,2,2,8,346.12,1.000000,1,NULL,18,230,2011,11,2011-11-15 09:21:00.000,2011-11-15 09:21:00.000
15781,Potential Customers,4,16,3,345.46,4,4,2,10,115.15,0.010676,281,140.50,20,180,2011,2,2011-02-07 09:15:00.000,2011-11-14 14:57:00.000
13068,Potential Customers,4,1,2,344,5,2,2,9,172.00,0.006452,310,310.00,1,200,2011,1,2011-01-24 08:20:00.000,2011-11-29 15:00:00.000
18081,Potential Customers,4,27,3,343.45,4,4,2,10,114.48,0.030612,98,49.00,14,195,2011,7,2011-07-29 11:56:00.000,2011-11-03 16:30:00.000
15115,Potential Customers,4,9,1,340.11,5,2,2,9,340.11,1.000000,1,NULL,21,157,2011,11,2011-11-21 14:59:00.000,2011-11-21 14:59:00.000
13569,Potential Customers,4,8,2,338.62,5,3,2,10,169.31,0.005698,351,351.00,73,156,2010,12,2010-12-07 12:29:00.000,2011-11-22 13:07:00.000
15619,Potential Customers,4,1,1,336.4,5,2,2,9,336.40,1.000000,1,NULL,3,136,2011,11,2011-11-29 08:14:00.000,2011-11-29 08:14:00.000
17384,Potential Customers,4,10,2,336.4,5,3,2,10,168.20,0.009950,201,201.00,12,88,2011,5,2011-05-04 16:07:00.000,2011-11-20 15:48:00.000
13727,Potential Customers,4,19,2,333.48,4,3,2,9,166.74,0.333333,6,6.00,19,162,2011,11,2011-11-06 12:16:00.000,2011-11-11 09:46:00.000
13904,Potential Customers,4,28,2,332.64,4,3,2,9,166.32,0.007752,258,258.00,24,332,2011,2,2011-02-18 11:18:00.000,2011-11-02 13:41:00.000
16478,Potential Customers,4,16,3,331,4,4,2,10,110.33,0.073171,41,20.50,15,224,2011,10,2011-10-05 12:02:00.000,2011-11-14 15:51:00.000
14517,Potential Customers,4,24,2,330.45,4,3,2,9,165.23,0.018349,109,109.00,17,91,2011,7,2011-07-21 11:42:00.000,2011-11-06 14:20:00.000
15714,Potential Customers,4,2,2,330.03,5,2,2,9,165.01,0.029851,67,67.00,34,186,2011,9,2011-09-23 11:25:00.000,2011-11-28 11:26:00.000
12953,Potential Customers,4,0,1,329.85,5,2,2,9,329.85,1.000000,1,NULL,17,84,2011,11,2011-11-30 09:24:00.000,2011-11-30 09:24:00.000
16343,Potential Customers,4,7,2,328.58,5,3,2,10,164.29,2.000000,1,1.00,29,175,2011,11,2011-11-23 17:43:00.000,2011-11-23 17:45:00.000
16855,Potential Customers,4,14,2,328.4,4,3,2,9,164.20,0.095238,21,21.00,19,164,2011,10,2011-10-27 16:31:00.000,2011-11-16 12:03:00.000
16366,Potential Customers,4,9,1,327.3,5,2,2,9,327.30,1.000000,1,NULL,18,256,2011,11,2011-11-21 08:19:00.000,2011-11-21 08:19:00.000
14987,Potential Customers,4,6,2,326.4,5,3,2,10,163.20,0.005698,351,351.00,2,128,2010,12,2010-12-09 12:13:00.000,2011-11-24 09:59:00.000
12844,Potential Customers,4,20,2,325.96,4,3,2,9,162.98,0.019608,102,102.00,47,125,2011,8,2011-08-01 13:11:00.000,2011-11-10 13:31:00.000
14910,Potential Customers,4,16,3,323.55,4,4,2,10,107.85,0.100000,30,15.00,19,158,2011,10,2011-10-16 11:06:00.000,2011-11-14 17:10:00.000
14424,Potential Customers,4,8,1,322.08,5,2,2,9,322.08,1.000000,1,NULL,1,48,2011,11,2011-11-22 11:48:00.000,2011-11-22 11:48:00.000
13986,Potential Customers,4,8,1,320.46,5,2,2,9,320.46,1.000000,1,NULL,12,430,2011,11,2011-11-22 15:00:00.000,2011-11-22 15:00:00.000
12827,Potential Customers,4,23,2,318.7,4,3,2,9,159.35,0.153846,13,13.00,17,150,2011,10,2011-10-26 15:44:00.000,2011-11-07 11:29:00.000
14703,Potential Customers,4,5,1,318.17,5,2,2,9,318.17,1.000000,1,NULL,22,183,2011,11,2011-11-25 09:23:00.000,2011-11-25 09:23:00.000
17458,Potential Customers,4,6,1,316.5,5,2,2,9,316.50,1.000000,1,NULL,52,170,2011,11,2011-11-24 13:01:00.000,2011-11-24 13:01:00.000
15872,Potential Customers,4,5,2,316.25,5,2,2,9,158.12,2.000000,1,1.00,101,187,2011,11,2011-11-25 11:54:00.000,2011-11-25 11:55:00.000
16811,Potential Customers,4,8,1,314.77,5,2,2,9,314.77,1.000000,1,NULL,18,393,2011,11,2011-11-22 17:19:00.000,2011-11-22 17:19:00.000
17237,Potential Customers,4,2,2,314.69,5,2,2,9,157.34,0.166667,12,12.00,18,105,2011,11,2011-11-17 12:55:00.000,2011-11-28 15:02:00.000
12950,Potential Customers,4,15,1,311.6,4,2,2,8,311.60,1.000000,1,NULL,7,164,2011,11,2011-11-15 13:48:00.000,2011-11-15 13:48:00.000
15699,Potential Customers,4,8,1,309.65,5,2,2,9,309.65,1.000000,1,NULL,18,113,2011,11,2011-11-22 08:26:00.000,2011-11-22 08:26:00.000
16956,Potential Customers,4,8,1,308.74,5,2,2,9,308.74,1.000000,1,NULL,16,114,2011,11,2011-11-22 08:56:00.000,2011-11-22 08:56:00.000
17510,Potential Customers,4,15,1,308.48,4,2,2,8,308.48,1.000000,1,NULL,20,214,2011,11,2011-11-15 10:00:00.000,2011-11-15 10:00:00.000
13142,Potential Customers,4,10,1,307.09,5,2,2,9,307.09,1.000000,1,NULL,23,258,2011,11,2011-11-20 16:07:00.000,2011-11-20 16:07:00.000
16668,Potential Customers,4,6,6,306.72,5,5,2,12,51.12,0.022222,270,54.00,9,318,2011,2,2011-02-28 12:46:00.000,2011-11-24 17:43:00.000
18059,Potential Customers,4,14,3,306.46,4,4,2,10,102.15,0.066667,45,22.50,17,258,2011,10,2011-10-03 09:30:00.000,2011-11-16 16:49:00.000
15163,Potential Customers,4,9,2,304.47,5,3,2,10,152.23,0.011429,175,175.00,29,186,2011,5,2011-05-31 15:22:00.000,2011-11-21 13:10:00.000
16386,Potential Customers,4,19,2,302.57,4,3,2,9,151.29,0.008850,226,226.00,76,205,2011,3,2011-03-31 12:19:00.000,2011-11-11 12:28:00.000
15054,Potential Customers,4,3,2,302.1,5,2,2,9,151.05,0.068966,29,29.00,105,198,2011,10,2011-10-30 14:33:00.000,2011-11-27 15:02:00.000
15148,Potential Customers,4,1,1,301.29,5,2,2,9,301.29,1.000000,1,NULL,20,187,2011,11,2011-11-29 08:21:00.000,2011-11-29 08:21:00.000
16479,Potential Customers,4,1,2,300.83,5,2,2,9,150.41,2.000000,1,1.00,35,102,2011,11,2011-11-29 13:04:00.000,2011-11-29 13:40:00.000
15857,Potential Customers,4,9,1,297,5,2,2,9,297.00,1.000000,1,NULL,14,308,2011,11,2011-11-21 12:18:00.000,2011-11-21 12:18:00.000
14954,Potential Customers,4,3,1,294.85,5,2,2,9,294.85,1.000000,1,NULL,75,117,2011,11,2011-11-27 14:30:00.000,2011-11-27 14:30:00.000
17163,Potential Customers,4,12,2,293.1,5,2,2,9,146.55,0.034483,58,58.00,3,66,2011,9,2011-09-22 15:54:00.000,2011-11-18 08:57:00.000
13502,Potential Customers,4,7,3,292,5,3,2,10,97.33,0.009740,308,154.00,17,264,2011,1,2011-01-20 09:03:00.000,2011-11-23 10:39:00.000
14784,Potential Customers,4,17,2,289.99,4,3,2,9,145.00,0.006711,298,298.00,15,237,2011,1,2011-01-20 09:25:00.000,2011-11-13 13:30:00.000
17081,Potential Customers,4,16,2,288.91,4,3,2,9,144.46,0.090909,22,22.00,55,77,2011,10,2011-10-24 13:08:00.000,2011-11-14 12:56:00.000
17080,Potential Customers,4,13,2,287.62,4,3,2,9,143.81,0.008065,248,248.00,8,166,2011,3,2011-03-15 12:05:00.000,2011-11-17 12:59:00.000
17760,Potential Customers,4,12,2,287.59,5,3,2,10,143.80,0.005666,353,353.00,25,239,2010,12,2010-12-01 15:08:00.000,2011-11-18 10:56:00.000
16555,Potential Customers,4,26,2,285.89,4,3,2,9,142.94,0.026667,75,75.00,15,175,2011,8,2011-08-22 12:32:00.000,2011-11-04 14:31:00.000
17636,Potential Customers,4,10,1,285.56,5,2,2,9,285.56,1.000000,1,NULL,20,182,2011,11,2011-11-20 14:40:00.000,2011-11-20 14:40:00.000
18270,Potential Customers,4,29,2,283.15,4,3,2,9,141.58,0.008734,229,229.00,11,101,2011,3,2011-03-18 12:41:00.000,2011-11-01 13:57:00.000
16557,Potential Customers,4,15,2,281.85,4,3,2,9,140.93,0.017544,114,114.00,11,111,2011,7,2011-07-25 13:28:00.000,2011-11-15 14:04:00.000
17247,Potential Customers,4,6,1,280.09,5,2,2,9,280.09,1.000000,1,NULL,53,105,2011,11,2011-11-24 15:21:00.000,2011-11-24 15:21:00.000
14480,Potential Customers,4,2,1,279.05,5,2,2,9,279.05,1.000000,1,NULL,13,143,2011,11,2011-11-28 16:35:00.000,2011-11-28 16:35:00.000
15060,Potential Customers,4,0,3,277.64,5,3,2,10,92.55,3.000000,1,0.50,75,236,2011,11,2011-11-30 14:03:00.000,2011-11-30 14:21:00.000
13521,Potential Customers,4,1,1,277.48,5,2,2,9,277.48,1.000000,1,NULL,115,172,2011,11,2011-11-29 15:09:00.000,2011-11-29 15:09:00.000
15355,Potential Customers,4,20,2,277.05,4,3,2,9,138.53,0.080000,25,25.00,9,45,2011,10,2011-10-17 15:22:00.000,2011-11-10 13:44:00.000
13606,Potential Customers,4,20,3,276.75,4,4,2,10,92.25,0.010601,283,141.50,40,276,2011,2,2011-02-01 11:42:00.000,2011-11-10 17:46:00.000
13272,Potential Customers,4,22,2,276.56,4,3,2,9,138.28,0.033898,59,59.00,15,96,2011,9,2011-09-11 12:06:00.000,2011-11-08 14:00:00.000
13544,Potential Customers,4,30,2,276.06,4,3,2,9,138.03,0.009901,202,202.00,76,112,2011,4,2011-04-13 12:09:00.000,2011-10-31 11:57:00.000
13058,Potential Customers,4,15,3,271.4,4,4,2,10,90.47,0.023438,128,64.00,5,52,2011,7,2011-07-11 12:01:00.000,2011-11-15 12:43:00.000
17767,Potential Customers,4,6,1,271.2,5,2,2,9,271.20,1.000000,1,NULL,21,128,2011,11,2011-11-24 14:42:00.000,2011-11-24 14:42:00.000
14508,Potential Customers,4,13,2,268.05,4,3,2,9,134.03,0.029412,68,68.00,52,129,2011,9,2011-09-11 11:29:00.000,2011-11-17 19:48:00.000
17430,Potential Customers,4,23,2,265.76,4,3,2,9,132.88,0.005988,334,334.00,14,190,2010,12,2010-12-09 13:05:00.000,2011-11-07 09:24:00.000
13189,Potential Customers,4,9,2,260.68,5,3,2,10,130.34,0.020408,98,98.00,29,842,2011,8,2011-08-16 13:12:00.000,2011-11-21 10:39:00.000
14452,Potential Customers,4,1,2,259.05,5,2,2,9,129.53,0.023810,84,84.00,55,116,2011,9,2011-09-07 11:32:00.000,2011-11-29 12:06:00.000
13277,Potential Customers,4,6,4,258.4,5,4,2,11,64.60,0.033613,119,39.67,5,176,2011,7,2011-07-29 10:06:00.000,2011-11-24 09:21:00.000
17385,Potential Customers,4,5,1,256.11,5,2,2,9,256.11,1.000000,1,NULL,42,197,2011,11,2011-11-25 11:02:00.000,2011-11-25 11:02:00.000
14881,Potential Customers,4,10,1,255.4,5,2,2,9,255.40,1.000000,1,NULL,17,316,2011,11,2011-11-20 11:06:00.000,2011-11-20 11:06:00.000
14765,Potential Customers,4,20,3,254.11,4,4,2,10,84.70,0.020270,148,74.00,38,135,2011,6,2011-06-16 19:49:00.000,2011-11-10 19:53:00.000
16330,Potential Customers,4,8,3,251.91,5,3,2,10,83.97,0.031250,96,48.00,39,147,2011,8,2011-08-19 17:08:00.000,2011-11-22 12:24:00.000
16836,Potential Customers,4,30,2,251.87,4,3,2,9,125.94,0.025641,78,78.00,11,165,2011,8,2011-08-15 12:38:00.000,2011-10-31 10:05:00.000
17155,Potential Customers,4,8,2,251.7,5,3,2,10,125.85,0.012422,161,161.00,19,242,2011,6,2011-06-15 10:22:00.000,2011-11-22 12:38:00.000
16024,Potential Customers,4,3,1,251.03,5,2,2,9,251.03,1.000000,1,NULL,61,397,2011,11,2011-11-27 13:26:00.000,2011-11-27 13:26:00.000
13207,Potential Customers,4,6,2,250.26,5,3,2,10,125.13,0.014706,136,136.00,7,130,2011,7,2011-07-12 11:35:00.000,2011-11-24 14:52:00.000
16596,Potential Customers,4,6,2,250.15,5,3,2,10,125.07,0.005682,352,352.00,12,97,2010,12,2010-12-08 16:18:00.000,2011-11-24 10:02:00.000
13592,Potential Customers,4,26,4,247.96,4,4,2,10,61.99,0.017391,230,76.67,15,84,2011,3,2011-03-20 14:01:00.000,2011-11-04 09:49:00.000
13349,Potential Customers,4,1,1,247.32,5,2,2,9,247.32,1.000000,1,NULL,16,225,2011,11,2011-11-29 08:07:00.000,2011-11-29 08:07:00.000
15783,Potential Customers,4,1,1,246.3,5,2,2,9,246.30,1.000000,1,NULL,14,212,2011,11,2011-11-29 09:50:00.000,2011-11-29 09:50:00.000
12660,Potential Customers,4,2,1,245.1,5,2,2,9,245.10,1.000000,1,NULL,13,127,2011,11,2011-11-28 13:26:00.000,2011-11-28 13:26:00.000
15634,Potential Customers,4,8,1,243.55,5,2,1,8,243.55,1.000000,1,NULL,15,99,2011,11,2011-11-22 16:28:00.000,2011-11-22 16:28:00.000
13565,Potential Customers,4,10,2,240.22,5,3,1,9,120.11,0.006329,316,316.00,35,172,2011,1,2011-01-09 14:28:00.000,2011-11-20 14:33:00.000
15877,Potential Customers,4,8,1,239.31,5,2,1,8,239.31,1.000000,1,NULL,104,172,2011,11,2011-11-22 11:18:00.000,2011-11-22 11:18:00.000
15850,Potential Customers,4,10,2,234.88,5,3,1,9,117.44,0.013333,150,150.00,87,298,2011,6,2011-06-24 14:16:00.000,2011-11-20 14:14:00.000
14995,Potential Customers,4,29,2,231.98,4,3,1,8,115.99,0.008230,243,243.00,53,102,2011,3,2011-03-04 13:14:00.000,2011-11-01 11:39:00.000
15393,Potential Customers,4,7,2,231.86,5,2,1,8,115.93,0.007519,266,266.00,10,150,2011,3,2011-03-03 16:58:00.000,2011-11-23 16:48:00.000
13960,Potential Customers,4,12,2,230.22,5,2,1,8,115.11,0.039216,51,51.00,11,142,2011,9,2011-09-29 12:39:00.000,2011-11-18 15:27:00.000
14793,Potential Customers,4,12,1,228.99,5,2,1,8,228.99,1.000000,1,NULL,14,91,2011,11,2011-11-18 14:50:00.000,2011-11-18 14:50:00.000
17835,Potential Customers,4,0,2,228.1,5,3,1,9,114.05,0.133333,15,15.00,34,279,2011,11,2011-11-16 16:30:00.000,2011-11-30 11:17:00.000
14052,Potential Customers,4,10,1,225.36,5,2,1,8,225.36,1.000000,1,NULL,56,89,2011,11,2011-11-20 12:30:00.000,2011-11-20 12:30:00.000
18101,Potential Customers,4,2,2,222.4,5,2,1,8,111.20,0.015038,133,133.00,37,87,2011,7,2011-07-19 13:05:00.000,2011-11-28 13:37:00.000
16482,Potential Customers,4,6,1,220.62,5,2,1,8,220.62,1.000000,1,NULL,18,346,2011,11,2011-11-24 12:33:00.000,2011-11-24 12:33:00.000
12702,Potential Customers,4,10,1,219,5,2,1,8,219.00,1.000000,1,NULL,12,53,2011,11,2011-11-20 10:36:00.000,2011-11-20 10:36:00.000
15790,Potential Customers,4,1,1,218.75,5,2,1,8,218.75,1.000000,1,NULL,34,113,2011,11,2011-11-29 14:53:00.000,2011-11-29 14:53:00.000
13739,Potential Customers,4,9,1,216.9,5,2,1,8,216.90,1.000000,1,NULL,3,54,2011,11,2011-11-21 13:35:00.000,2011-11-21 13:35:00.000
16189,Potential Customers,4,6,2,215.48,5,3,1,9,107.74,0.028169,71,71.00,9,134,2011,9,2011-09-15 15:21:00.000,2011-11-24 11:47:00.000
16519,Potential Customers,4,16,2,215.08,4,3,1,8,107.54,0.005865,341,341.00,13,54,2010,12,2010-12-09 14:08:00.000,2011-11-14 15:41:00.000
14601,Potential Customers,4,1,1,213.96,5,2,1,8,213.96,1.000000,1,NULL,7,168,2011,11,2011-11-29 09:48:00.000,2011-11-29 09:48:00.000
17153,Potential Customers,4,15,1,213.78,4,2,1,7,213.78,1.000000,1,NULL,14,104,2011,11,2011-11-15 13:42:00.000,2011-11-15 13:42:00.000
15540,Potential Customers,4,2,1,213.3,5,2,1,8,213.30,1.000000,1,NULL,15,200,2011,11,2011-11-28 13:51:00.000,2011-11-28 13:51:00.000
16411,Potential Customers,4,10,2,211.7,5,3,1,9,105.85,0.005698,351,351.00,41,131,2010,12,2010-12-05 13:26:00.000,2011-11-20 13:23:00.000
13828,Potential Customers,4,13,1,209.49,4,2,1,7,209.49,1.000000,1,NULL,15,311,2011,11,2011-11-17 16:02:00.000,2011-11-17 16:02:00.000
17232,Potential Customers,4,5,1,208.04,5,2,1,8,208.04,1.000000,1,NULL,17,110,2011,11,2011-11-25 12:24:00.000,2011-11-25 12:24:00.000
17166,Potential Customers,4,29,2,206.34,4,3,1,8,103.17,0.012048,166,166.00,11,78,2011,5,2011-05-20 08:18:00.000,2011-11-01 09:46:00.000
15758,Potential Customers,4,15,1,205.25,4,2,1,7,205.25,1.000000,1,NULL,9,47,2011,11,2011-11-15 10:48:00.000,2011-11-15 10:48:00.000
14984,Potential Customers,4,10,2,202.37,5,3,1,9,101.19,0.012346,162,162.00,37,58,2011,6,2011-06-12 11:04:00.000,2011-11-20 14:28:00.000
14385,Potential Customers,4,0,3,202.11,5,3,1,9,67.37,0.200000,15,7.50,13,159,2011,11,2011-11-16 11:55:00.000,2011-11-30 15:36:00.000
13428,Potential Customers,4,1,1,201.78,5,2,1,8,201.78,1.000000,1,NULL,70,151,2011,11,2011-11-29 14:20:00.000,2011-11-29 14:20:00.000
17988,Potential Customers,4,2,7,201.12,5,5,1,11,28.73,0.022152,316,52.67,37,43,2011,1,2011-01-17 11:59:00.000,2011-11-28 11:00:00.000
13322,Potential Customers,4,8,1,199.48,5,2,1,8,199.48,1.000000,1,NULL,25,117,2011,11,2011-11-22 14:21:00.000,2011-11-22 14:21:00.000
18110,Potential Customers,4,10,1,198.8,5,2,1,8,198.80,1.000000,1,NULL,33,72,2011,11,2011-11-20 12:34:00.000,2011-11-20 12:34:00.000
12586,Potential Customers,4,8,1,196.94,5,2,1,8,196.94,1.000000,1,NULL,11,79,2011,11,2011-11-22 16:24:00.000,2011-11-22 16:24:00.000
13978,Potential Customers,4,5,2,196.79,5,2,1,8,98.39,0.062500,32,32.00,14,315,2011,10,2011-10-25 15:04:00.000,2011-11-25 11:36:00.000
17010,Potential Customers,4,9,1,195.36,5,2,1,8,195.36,1.000000,1,NULL,11,118,2011,11,2011-11-21 14:49:00.000,2011-11-21 14:49:00.000
14666,Potential Customers,4,15,1,195.25,4,2,1,7,195.25,1.000000,1,NULL,14,161,2011,11,2011-11-15 12:57:00.000,2011-11-15 12:57:00.000
15612,Potential Customers,4,27,2,195.15,4,3,1,8,97.58,0.076923,26,26.00,4,52,2011,10,2011-10-09 12:49:00.000,2011-11-03 14:52:00.000
12522,Potential Customers,4,30,2,192.72,4,3,1,8,96.36,0.153846,13,13.00,11,194,2011,10,2011-10-19 14:41:00.000,2011-10-31 15:30:00.000
14768,Potential Customers,4,8,2,192.6,5,3,1,9,96.30,0.018018,111,111.00,4,52,2011,8,2011-08-04 13:25:00.000,2011-11-22 12:54:00.000
17608,Potential Customers,4,24,2,191.99,4,3,1,8,96.00,2.000000,1,1.00,54,229,2011,11,2011-11-06 13:00:00.000,2011-11-06 13:06:00.000
13079,Potential Customers,4,12,4,190.1,5,4,1,10,47.52,0.033333,120,40.00,2,38,2011,7,2011-07-22 14:41:00.000,2011-11-18 09:03:00.000
14551,Potential Customers,4,9,2,186.23,5,3,1,9,93.12,0.010695,187,187.00,9,106,2011,5,2011-05-19 18:21:00.000,2011-11-21 13:36:00.000
15567,Potential Customers,4,9,1,186.01,5,2,1,8,186.01,1.000000,1,NULL,7,223,2011,11,2011-11-21 10:48:00.000,2011-11-21 10:48:00.000
15124,Potential Customers,4,13,2,184.19,4,3,1,8,92.09,0.011765,170,170.00,14,233,2011,6,2011-06-01 09:06:00.000,2011-11-17 10:09:00.000
13460,Potential Customers,4,20,2,183.44,4,3,1,8,91.72,0.095238,21,21.00,16,286,2011,10,2011-10-21 09:50:00.000,2011-11-10 17:17:00.000
14966,Potential Customers,4,5,1,183.02,5,2,1,8,183.02,1.000000,1,NULL,35,179,2011,11,2011-11-25 12:20:00.000,2011-11-25 12:20:00.000
17904,Potential Customers,4,12,1,181.07,4,2,1,7,181.07,1.000000,1,NULL,33,59,2011,11,2011-11-18 12:57:00.000,2011-11-18 12:57:00.000
17253,Potential Customers,4,9,1,178.26,5,2,1,8,178.26,1.000000,1,NULL,18,43,2011,11,2011-11-21 12:59:00.000,2011-11-21 12:59:00.000
12618,Potential Customers,4,12,1,177.31,5,2,1,8,177.31,1.000000,1,NULL,11,96,2011,11,2011-11-18 11:10:00.000,2011-11-18 11:10:00.000
17772,Potential Customers,4,1,2,173.45,5,2,1,8,86.72,2.000000,1,1.00,50,55,2011,11,2011-11-29 10:57:00.000,2011-11-29 11:05:00.000
14860,Potential Customers,4,10,1,170.32,5,2,1,8,170.32,1.000000,1,NULL,11,232,2011,11,2011-11-20 14:17:00.000,2011-11-20 14:17:00.000
18058,Potential Customers,4,0,1,170.16,5,2,1,8,170.16,1.000000,1,NULL,3,88,2011,11,2011-11-30 08:38:00.000,2011-11-30 08:38:00.000
13962,Potential Customers,4,12,2,169.55,5,3,1,9,84.77,0.008889,225,225.00,11,87,2011,4,2011-04-08 11:21:00.000,2011-11-18 08:47:00.000
17254,Potential Customers,4,6,1,169.06,5,2,1,8,169.06,1.000000,1,NULL,54,150,2011,11,2011-11-24 14:09:00.000,2011-11-24 14:09:00.000
17737,Potential Customers,4,0,2,168.24,5,3,1,9,84.12,0.040000,50,50.00,8,108,2011,10,2011-10-12 14:42:00.000,2011-11-30 15:16:00.000
17650,Potential Customers,4,12,1,166.08,5,2,1,8,166.08,1.000000,1,NULL,8,150,2011,11,2011-11-18 14:52:00.000,2011-11-18 14:52:00.000
17561,Potential Customers,4,10,1,165.12,5,2,1,8,165.12,1.000000,1,NULL,44,144,2011,11,2011-11-20 12:53:00.000,2011-11-20 12:53:00.000
17301,Potential Customers,4,12,1,163.24,5,2,1,8,163.24,1.000000,1,NULL,59,137,2011,11,2011-11-18 13:43:00.000,2011-11-18 13:43:00.000
12920,Potential Customers,4,8,1,162.78,5,2,1,8,162.78,1.000000,1,NULL,27,128,2011,11,2011-11-22 15:05:00.000,2011-11-22 15:05:00.000
17600,Potential Customers,4,8,1,161.67,5,2,1,8,161.67,1.000000,1,NULL,13,144,2011,11,2011-11-22 09:43:00.000,2011-11-22 09:43:00.000
12966,Potential Customers,4,0,1,160.18,5,2,1,8,160.18,1.000000,1,NULL,10,75,2011,11,2011-11-30 12:38:00.000,2011-11-30 12:38:00.000
15988,Potential Customers,4,10,1,156.78,5,2,1,8,156.78,1.000000,1,NULL,26,180,2011,11,2011-11-20 13:23:00.000,2011-11-20 13:23:00.000
17885,Potential Customers,4,3,1,156.34,5,2,1,8,156.34,1.000000,1,NULL,50,110,2011,11,2011-11-27 14:40:00.000,2011-11-27 14:40:00.000
16406,Potential Customers,4,9,1,154.35,5,2,1,8,154.35,1.000000,1,NULL,54,116,2011,11,2011-11-21 11:57:00.000,2011-11-21 11:57:00.000
14362,Potential Customers,4,13,1,151.5,4,2,1,7,151.50,1.000000,1,NULL,37,96,2011,11,2011-11-17 15:08:00.000,2011-11-17 15:08:00.000
17286,Potential Customers,4,12,1,151.37,5,2,1,8,151.37,1.000000,1,NULL,44,117,2011,11,2011-11-18 12:47:00.000,2011-11-18 12:47:00.000
17549,Potential Customers,4,14,2,148.86,4,3,1,8,74.43,0.068966,29,29.00,5,210,2011,10,2011-10-19 10:05:00.000,2011-11-16 09:59:00.000
15526,Potential Customers,4,24,2,148.44,4,3,1,8,74.22,2.000000,1,1.00,4,24,2011,11,2011-11-06 15:01:00.000,2011-11-06 15:04:00.000
16852,Potential Customers,4,1,2,144.91,5,2,1,8,72.45,0.011976,167,167.00,9,56,2011,6,2011-06-16 15:49:00.000,2011-11-29 13:22:00.000
14581,Potential Customers,4,7,1,138.6,5,2,1,8,138.60,1.000000,1,NULL,16,217,2011,11,2011-11-23 12:39:00.000,2011-11-23 12:39:00.000
17468,Potential Customers,4,1,2,137,5,3,1,9,68.50,0.400000,5,5.00,5,116,2011,11,2011-11-25 12:52:00.000,2011-11-29 15:33:00.000
15419,Potential Customers,4,15,1,135.86,4,2,1,7,135.86,1.000000,1,NULL,8,230,2011,11,2011-11-15 09:23:00.000,2011-11-15 09:23:00.000
14349,Potential Customers,4,1,1,133.5,5,2,1,8,133.50,1.000000,1,NULL,31,86,2011,11,2011-11-29 15:39:00.000,2011-11-29 15:39:00.000
17297,Potential Customers,4,8,1,128.18,5,2,1,8,128.18,1.000000,1,NULL,49,65,2011,11,2011-11-22 14:43:00.000,2011-11-22 14:43:00.000
17359,Potential Customers,4,2,1,127.86,5,2,1,8,127.86,1.000000,1,NULL,13,161,2011,11,2011-11-28 14:37:00.000,2011-11-28 14:37:00.000
16414,Potential Customers,4,12,2,126.25,5,2,1,8,63.13,0.007692,260,260.00,5,27,2011,3,2011-03-04 13:27:00.000,2011-11-18 09:42:00.000
12531,Potential Customers,4,5,1,125.22,5,2,1,8,125.22,1.000000,1,NULL,17,45,2011,11,2011-11-25 11:12:00.000,2011-11-25 11:12:00.000
13638,Potential Customers,4,6,1,122.64,5,2,1,8,122.64,1.000000,1,NULL,8,93,2011,11,2011-11-24 10:38:00.000,2011-11-24 10:38:00.000
16666,Potential Customers,4,10,1,118.98,5,2,1,8,118.98,1.000000,1,NULL,32,233,2011,11,2011-11-20 14:01:00.000,2011-11-20 14:01:00.000
13188,Potential Customers,4,2,1,114.6,5,2,1,8,114.60,1.000000,1,NULL,2,25,2011,11,2011-11-28 15:28:00.000,2011-11-28 15:28:00.000
17852,Potential Customers,4,2,2,114.34,5,3,1,9,57.17,2.000000,1,1.00,21,53,2011,11,2011-11-28 12:31:00.000,2011-11-28 12:36:00.000
14641,Potential Customers,4,12,1,110.46,5,2,1,8,110.46,1.000000,1,NULL,7,90,2011,11,2011-11-18 10:42:00.000,2011-11-18 10:42:00.000
16784,Potential Customers,4,10,1,107.6,5,2,1,8,107.60,1.000000,1,NULL,3,24,2011,11,2011-11-20 12:20:00.000,2011-11-20 12:20:00.000
14836,Potential Customers,4,1,3,102.45,5,3,1,9,34.15,0.142857,21,10.50,5,45,2011,11,2011-11-09 13:26:00.000,2011-11-29 16:45:00.000
14946,Potential Customers,4,5,1,100.9,5,2,1,8,100.90,1.000000,1,NULL,3,22,2011,11,2011-11-25 13:33:00.000,2011-11-25 13:33:00.000
12984,Potential Customers,4,9,1,97.5,5,2,1,8,97.50,1.000000,1,NULL,4,26,2011,11,2011-11-21 12:37:00.000,2011-11-21 12:37:00.000
18249,Potential Customers,4,8,1,95.34,5,2,1,8,95.34,1.000000,1,NULL,8,128,2011,11,2011-11-22 15:07:00.000,2011-11-22 15:07:00.000
13651,Potential Customers,4,26,2,94.2,4,3,1,8,47.10,0.400000,5,5.00,6,33,2011,10,2011-10-31 12:11:00.000,2011-11-04 14:59:00.000
15428,Potential Customers,4,6,1,93.78,5,2,1,8,93.78,1.000000,1,NULL,6,102,2011,11,2011-11-24 16:54:00.000,2011-11-24 16:54:00.000
13160,Potential Customers,4,13,1,91.8,4,2,1,7,91.80,1.000000,1,NULL,4,56,2011,11,2011-11-17 13:07:00.000,2011-11-17 13:07:00.000
18084,Potential Customers,4,7,1,90.48,5,2,1,8,90.48,1.000000,1,NULL,1,312,2011,11,2011-11-23 13:57:00.000,2011-11-23 13:57:00.000
16506,Potential Customers,4,10,2,90.3,5,3,1,9,45.15,0.090909,22,22.00,3,42,2011,10,2011-10-30 15:50:00.000,2011-11-20 12:17:00.000
14785,Potential Customers,4,1,2,77.4,5,3,1,9,38.70,0.333333,6,6.00,2,84,2011,11,2011-11-24 13:40:00.000,2011-11-29 13:21:00.000
13403,Potential Customers,4,8,1,75,5,2,1,8,75.00,1.000000,1,NULL,3,44,2011,11,2011-11-22 08:28:00.000,2011-11-22 08:28:00.000
15863,Potential Customers,4,16,2,68.84,4,3,1,8,34.42,0.011905,168,168.00,18,19,2011,5,2011-05-31 11:36:00.000,2011-11-14 12:49:00.000
13832,Potential Customers,4,10,1,52.2,5,2,1,8,52.20,1.000000,1,NULL,3,28,2011,11,2011-11-20 15:36:00.000,2011-11-20 15:36:00.000
18184,Potential Customers,4,6,1,49.8,5,2,1,8,49.80,1.000000,1,NULL,1,60,2011,11,2011-11-24 15:28:00.000,2011-11-24 15:28:00.000
14300,Potential Customers,4,9,1,43.2,5,2,1,8,43.20,1.000000,1,NULL,3,32,2011,11,2011-11-21 08:57:00.000,2011-11-21 08:57:00.000
17816,Potential Customers,4,27,4,36.56,4,4,1,9,9.14,0.012121,330,110.00,16,30,2010,12,2010-12-09 14:10:00.000,2011-11-03 11:34:00.000
16856,Potential Customers,4,5,1,35.4,5,2,1,8,35.40,1.000000,1,NULL,2,12,2011,11,2011-11-25 08:59:00.000,2011-11-25 08:59:00.000
13689,Lost Customers,5,54,1,910,3,1,3,7,910.00,1.000000,1,NULL,6,512,2011,10,2011-10-07 13:21:00.000,2011-10-07 13:21:00.000
15066,Lost Customers,5,44,1,893.59,3,1,3,7,893.59,1.000000,1,NULL,42,317,2011,10,2011-10-17 13:25:00.000,2011-10-17 13:25:00.000
12772,Lost Customers,5,50,1,892.47,3,2,3,8,892.47,1.000000,1,NULL,55,556,2011,10,2011-10-11 09:19:00.000,2011-10-11 09:19:00.000
15255,Lost Customers,5,57,1,890.85,3,2,3,8,890.85,1.000000,1,NULL,47,489,2011,10,2011-10-04 12:43:00.000,2011-10-04 12:43:00.000
17350,Lost Customers,5,36,2,886.34,3,2,3,8,443.17,0.285714,7,7.00,57,618,2011,10,2011-10-19 16:05:00.000,2011-10-25 12:06:00.000
13979,Lost Customers,5,64,1,869.87,3,2,3,8,869.87,1.000000,1,NULL,54,639,2011,9,2011-09-27 13:32:00.000,2011-09-27 13:32:00.000
13336,Lost Customers,5,68,1,795.12,3,2,3,8,795.12,1.000000,1,NULL,51,559,2011,9,2011-09-23 14:05:00.000,2011-09-23 14:05:00.000
15990,Lost Customers,5,35,2,792.11,3,2,3,8,396.06,0.008197,244,244.00,52,443,2011,2,2011-02-25 15:35:00.000,2011-10-26 15:58:00.000
15075,Lost Customers,5,68,1,773.03,3,2,3,8,773.03,1.000000,1,NULL,27,447,2011,9,2011-09-23 12:27:00.000,2011-09-23 12:27:00.000
16480,Lost Customers,5,66,1,769.29,3,2,3,8,769.29,1.000000,1,NULL,51,455,2011,9,2011-09-25 11:40:00.000,2011-09-25 11:40:00.000
14923,Lost Customers,5,41,1,749.1,3,1,3,7,749.10,1.000000,1,NULL,44,418,2011,10,2011-10-20 11:51:00.000,2011-10-20 11:51:00.000
13354,Lost Customers,5,62,1,743.53,3,2,3,8,743.53,1.000000,1,NULL,51,604,2011,9,2011-09-29 13:17:00.000,2011-09-29 13:17:00.000
12646,Lost Customers,5,40,1,731.69,3,1,3,7,731.69,1.000000,1,NULL,24,489,2011,10,2011-10-21 12:52:00.000,2011-10-21 12:52:00.000
16491,Lost Customers,5,37,1,731.5,3,1,3,7,731.50,1.000000,1,NULL,39,478,2011,10,2011-10-24 10:18:00.000,2011-10-24 10:18:00.000
12475,Lost Customers,5,44,1,723.38,3,1,3,7,723.38,1.000000,1,NULL,36,535,2011,10,2011-10-17 10:10:00.000,2011-10-17 10:10:00.000
13169,Lost Customers,5,54,2,712.88,3,2,3,8,356.44,0.010526,190,190.00,11,272,2011,4,2011-04-01 14:24:00.000,2011-10-07 12:11:00.000
13587,Lost Customers,5,54,1,712.4,3,1,3,7,712.40,1.000000,1,NULL,8,180,2011,10,2011-10-07 12:31:00.000,2011-10-07 12:31:00.000
12612,Lost Customers,5,65,1,704.04,3,2,3,8,704.04,1.000000,1,NULL,19,262,2011,9,2011-09-26 15:35:00.000,2011-09-26 15:35:00.000
13601,Lost Customers,5,36,2,693.32,3,2,3,8,346.66,0.011976,167,167.00,90,548,2011,5,2011-05-12 16:52:00.000,2011-10-25 17:31:00.000
13464,Lost Customers,5,49,1,674.68,3,1,3,7,674.68,1.000000,1,NULL,41,403,2011,10,2011-10-12 15:01:00.000,2011-10-12 15:01:00.000
16208,Lost Customers,5,35,2,664.26,3,2,3,8,332.13,0.008130,246,246.00,61,333,2011,2,2011-02-23 13:37:00.000,2011-10-26 11:36:00.000
17459,Lost Customers,5,34,2,657.3,3,2,3,8,328.65,0.111111,18,18.00,88,537,2011,10,2011-10-10 17:00:00.000,2011-10-27 13:25:00.000
15677,Lost Customers,5,40,1,657.23,3,1,3,7,657.23,1.000000,1,NULL,33,319,2011,10,2011-10-21 15:36:00.000,2011-10-21 15:36:00.000
16708,Lost Customers,5,36,1,656.63,3,1,3,7,656.63,1.000000,1,NULL,27,285,2011,10,2011-10-25 12:20:00.000,2011-10-25 12:20:00.000
16056,Lost Customers,5,36,1,650.75,3,1,3,7,650.75,1.000000,1,NULL,66,345,2011,10,2011-10-25 15:19:00.000,2011-10-25 15:19:00.000
15948,Lost Customers,5,34,1,644.24,3,1,3,7,644.24,1.000000,1,NULL,40,439,2011,10,2011-10-27 08:35:00.000,2011-10-27 08:35:00.000
16383,Lost Customers,5,65,2,643.76,3,2,3,8,321.88,0.010256,195,195.00,80,467,2011,3,2011-03-16 13:00:00.000,2011-09-26 12:45:00.000
12631,Lost Customers,5,48,1,640.5,3,1,3,7,640.50,1.000000,1,NULL,31,236,2011,10,2011-10-13 13:53:00.000,2011-10-13 13:53:00.000
14754,Lost Customers,5,35,2,638.05,3,2,3,8,319.02,0.007937,252,252.00,38,486,2011,2,2011-02-17 12:21:00.000,2011-10-26 12:01:00.000
14138,Lost Customers,5,54,1,621.71,3,1,3,7,621.71,1.000000,1,NULL,32,449,2011,10,2011-10-07 09:38:00.000,2011-10-07 09:38:00.000
12667,Lost Customers,5,49,1,620.13,3,1,3,7,620.13,1.000000,1,NULL,33,395,2011,10,2011-10-12 17:00:00.000,2011-10-12 17:00:00.000
16613,Lost Customers,5,61,1,618.59,3,2,3,8,618.59,1.000000,1,NULL,30,293,2011,9,2011-09-30 15:52:00.000,2011-09-30 15:52:00.000
17321,Lost Customers,5,58,1,615.91,3,2,3,8,615.91,1.000000,1,NULL,94,359,2011,10,2011-10-03 11:34:00.000,2011-10-03 11:34:00.000
14629,Lost Customers,5,38,1,603.18,3,1,3,7,603.18,1.000000,1,NULL,82,214,2011,10,2011-10-23 16:13:00.000,2011-10-23 16:13:00.000
12420,Lost Customers,5,54,1,600.39,3,2,3,8,600.39,1.000000,1,NULL,29,345,2011,10,2011-10-07 08:55:00.000,2011-10-07 08:55:00.000
15821,Lost Customers,5,35,2,570.96,3,2,3,8,285.48,0.111111,18,18.00,57,202,2011,10,2011-10-09 13:28:00.000,2011-10-26 15:48:00.000
16345,Lost Customers,5,35,1,565.46,3,1,3,7,565.46,1.000000,1,NULL,35,288,2011,10,2011-10-26 16:03:00.000,2011-10-26 16:03:00.000
13260,Lost Customers,5,52,1,557.62,3,1,3,7,557.62,1.000000,1,NULL,8,142,2011,10,2011-10-09 13:21:00.000,2011-10-09 13:21:00.000
14474,Lost Customers,5,37,1,547.66,3,1,3,7,547.66,1.000000,1,NULL,29,140,2011,10,2011-10-24 13:26:00.000,2011-10-24 13:26:00.000
17119,Lost Customers,5,50,1,547.25,3,2,3,8,547.25,1.000000,1,NULL,31,306,2011,10,2011-10-11 11:03:00.000,2011-10-11 11:03:00.000
17520,Lost Customers,5,44,1,546.81,3,1,3,7,546.81,1.000000,1,NULL,30,365,2011,10,2011-10-17 12:04:00.000,2011-10-17 12:04:00.000
13390,Lost Customers,5,65,1,544.08,3,2,3,8,544.08,1.000000,1,NULL,13,224,2011,9,2011-09-26 08:38:00.000,2011-09-26 08:38:00.000
12572,Lost Customers,5,42,1,532.74,3,1,3,7,532.74,1.000000,1,NULL,36,293,2011,10,2011-10-19 08:20:00.000,2011-10-19 08:20:00.000
17712,Lost Customers,5,35,1,522.91,3,1,3,7,522.91,1.000000,1,NULL,29,215,2011,10,2011-10-26 12:28:00.000,2011-10-26 12:28:00.000
12863,Lost Customers,5,43,1,521.2,3,1,3,7,521.20,1.000000,1,NULL,5,188,2011,10,2011-10-18 14:15:00.000,2011-10-18 14:15:00.000
16650,Lost Customers,5,62,1,518.42,3,2,3,8,518.42,1.000000,1,NULL,24,372,2011,9,2011-09-29 09:51:00.000,2011-09-29 09:51:00.000
17513,Lost Customers,5,63,1,513.2,3,2,3,8,513.20,1.000000,1,NULL,6,254,2011,9,2011-09-28 16:42:00.000,2011-09-28 16:42:00.000
17805,Lost Customers,5,64,1,512.31,3,2,3,8,512.31,1.000000,1,NULL,10,478,2011,9,2011-09-27 11:49:00.000,2011-09-27 11:49:00.000
17480,Lost Customers,5,68,1,511.82,3,2,3,8,511.82,1.000000,1,NULL,29,338,2011,9,2011-09-23 11:39:00.000,2011-09-23 11:39:00.000
14317,Lost Customers,5,55,1,508.58,3,2,3,8,508.58,1.000000,1,NULL,24,255,2011,10,2011-10-06 10:44:00.000,2011-10-06 10:44:00.000
14014,Lost Customers,5,68,1,505.18,3,2,3,8,505.18,1.000000,1,NULL,39,1076,2011,9,2011-09-23 13:18:00.000,2011-09-23 13:18:00.000
15193,Lost Customers,5,51,1,499.32,3,1,3,7,499.32,1.000000,1,NULL,19,144,2011,10,2011-10-10 08:23:00.000,2011-10-10 08:23:00.000
15142,Lost Customers,5,37,1,498.74,3,1,3,7,498.74,1.000000,1,NULL,26,365,2011,10,2011-10-24 12:51:00.000,2011-10-24 12:51:00.000
15300,Lost Customers,5,55,1,496.44,3,2,3,8,496.44,1.000000,1,NULL,28,292,2011,10,2011-10-06 17:08:00.000,2011-10-06 17:08:00.000
15000,Lost Customers,5,38,1,490.52,3,1,3,7,490.52,1.000000,1,NULL,76,218,2011,10,2011-10-23 11:42:00.000,2011-10-23 11:42:00.000
13176,Lost Customers,5,37,1,481.49,3,1,3,7,481.49,1.000000,1,NULL,66,448,2011,10,2011-10-24 15:43:00.000,2011-10-24 15:43:00.000
15091,Lost Customers,5,58,1,480.71,3,2,3,8,480.71,1.000000,1,NULL,30,346,2011,10,2011-10-03 12:47:00.000,2011-10-03 12:47:00.000
15006,Lost Customers,5,42,1,480.38,3,1,3,7,480.38,1.000000,1,NULL,121,286,2011,10,2011-10-19 15:08:00.000,2011-10-19 15:08:00.000
13092,Lost Customers,5,61,5,477.83,3,4,2,9,95.57,0.017241,290,72.50,19,279,2010,12,2010-12-15 12:27:00.000,2011-09-30 11:18:00.000
12447,Lost Customers,5,234,1,476.49,1,1,2,4,476.49,1.000000,1,NULL,26,190,2011,4,2011-04-10 13:25:00.000,2011-04-10 13:25:00.000
18176,Lost Customers,5,349,1,476.35,1,1,2,4,476.35,1.000000,1,NULL,30,283,2010,12,2010-12-16 15:45:00.000,2010-12-16 15:45:00.000
15507,Lost Customers,5,162,1,475.86,2,2,2,6,475.86,1.000000,1,NULL,41,160,2011,6,2011-06-21 11:19:00.000,2011-06-21 11:19:00.000
14497,Lost Customers,5,300,1,475.37,1,1,2,4,475.37,1.000000,1,NULL,29,235,2011,2,2011-02-03 17:01:00.000,2011-02-03 17:01:00.000
14431,Lost Customers,5,293,1,470.36,1,2,2,5,470.36,1.000000,1,NULL,17,130,2011,2,2011-02-10 10:40:00.000,2011-02-10 10:40:00.000
15557,Lost Customers,5,19,1,468.91,4,1,2,7,468.91,1.000000,1,NULL,16,213,2011,11,2011-11-11 12:46:00.000,2011-11-11 12:46:00.000
13822,Lost Customers,5,31,1,468.38,3,1,2,6,468.38,1.000000,1,NULL,90,500,2011,10,2011-10-30 15:55:00.000,2011-10-30 15:55:00.000
14029,Lost Customers,5,54,2,467.66,3,2,2,7,233.83,0.024390,82,82.00,15,198,2011,7,2011-07-18 16:57:00.000,2011-10-07 14:46:00.000
15468,Lost Customers,5,42,2,467.51,3,3,2,8,233.75,2.000000,1,1.00,24,155,2011,10,2011-10-19 13:38:00.000,2011-10-19 13:49:00.000
16374,Lost Customers,5,57,2,466.73,3,3,2,8,233.36,0.010152,197,197.00,101,237,2011,3,2011-03-22 13:46:00.000,2011-10-04 15:21:00.000
16504,Lost Customers,5,16,1,465.88,4,1,2,7,465.88,1.000000,1,NULL,76,510,2011,11,2011-11-14 15:18:00.000,2011-11-14 15:18:00.000
16742,Lost Customers,5,37,1,464.9,3,1,2,6,464.90,1.000000,1,NULL,1,1,2011,10,2011-10-24 12:02:00.000,2011-10-24 12:02:00.000
16586,Lost Customers,5,239,1,463.95,1,2,2,5,463.95,1.000000,1,NULL,8,95,2011,4,2011-04-05 09:32:00.000,2011-04-05 09:32:00.000
14967,Lost Customers,5,40,1,463.8,3,1,2,6,463.80,1.000000,1,NULL,6,140,2011,10,2011-10-21 11:06:00.000,2011-10-21 11:06:00.000
17418,Lost Customers,5,33,2,463.46,3,3,2,8,231.73,0.007092,282,282.00,29,289,2011,1,2011-01-20 11:39:00.000,2011-10-28 13:00:00.000
14489,Lost Customers,5,198,1,463.38,1,2,2,5,463.38,1.000000,1,NULL,30,299,2011,5,2011-05-16 14:51:00.000,2011-05-16 14:51:00.000
12945,Lost Customers,5,279,1,462.95,1,2,2,5,462.95,1.000000,1,NULL,23,165,2011,2,2011-02-24 14:15:00.000,2011-02-24 14:15:00.000
14331,Lost Customers,5,115,2,462.66,2,2,2,6,231.33,0.166667,12,12.00,27,252,2011,7,2011-07-27 15:14:00.000,2011-08-07 13:17:00.000
12762,Lost Customers,5,16,1,461.59,4,1,2,7,461.59,1.000000,1,NULL,21,195,2011,11,2011-11-14 14:23:00.000,2011-11-14 14:23:00.000
12491,Lost Customers,5,29,1,460.4,4,1,2,7,460.40,1.000000,1,NULL,25,260,2011,11,2011-11-01 12:18:00.000,2011-11-01 12:18:00.000
12355,Lost Customers,5,205,1,459.4,1,1,2,4,459.40,1.000000,1,NULL,13,240,2011,5,2011-05-09 13:49:00.000,2011-05-09 13:49:00.000
16589,Lost Customers,5,62,3,459.24,3,3,2,8,153.08,0.032967,91,45.50,31,368,2011,7,2011-07-01 13:31:00.000,2011-09-29 14:50:00.000
17880,Lost Customers,5,355,1,458.92,1,1,2,4,458.92,1.000000,1,NULL,26,314,2010,12,2010-12-10 10:21:00.000,2010-12-10 10:21:00.000
15754,Lost Customers,5,42,3,458.57,3,4,2,9,152.86,0.015306,196,98.00,24,199,2011,4,2011-04-07 12:24:00.000,2011-10-19 14:40:00.000
13506,Lost Customers,5,307,2,458.52,1,2,2,5,229.26,0.037037,54,54.00,26,324,2010,12,2010-12-05 12:15:00.000,2011-01-27 13:53:00.000
15121,Lost Customers,5,41,2,457.72,3,3,2,8,228.86,0.008368,239,239.00,28,199,2011,2,2011-02-24 12:41:00.000,2011-10-20 14:51:00.000
13398,Lost Customers,5,183,1,457.34,1,2,2,5,457.34,1.000000,1,NULL,26,281,2011,5,2011-05-31 13:17:00.000,2011-05-31 13:17:00.000
12564,Lost Customers,5,252,1,456.9,1,1,2,4,456.90,1.000000,1,NULL,21,133,2011,3,2011-03-23 14:55:00.000,2011-03-23 14:55:00.000
15585,Lost Customers,5,167,1,455.3,2,2,2,6,455.30,1.000000,1,NULL,31,320,2011,6,2011-06-16 08:38:00.000,2011-06-16 08:38:00.000
16529,Lost Customers,5,181,1,455.25,1,2,2,5,455.25,1.000000,1,NULL,30,198,2011,6,2011-06-02 17:23:00.000,2011-06-02 17:23:00.000
13485,Lost Customers,5,224,1,454.24,1,1,2,4,454.24,1.000000,1,NULL,23,277,2011,4,2011-04-20 13:58:00.000,2011-04-20 13:58:00.000
17140,Lost Customers,5,238,1,454.12,1,1,2,4,454.12,1.000000,1,NULL,16,296,2011,4,2011-04-06 13:33:00.000,2011-04-06 13:33:00.000
15475,Lost Customers,5,68,1,454.11,3,2,2,7,454.11,1.000000,1,NULL,29,319,2011,9,2011-09-23 15:20:00.000,2011-09-23 15:20:00.000
12729,Lost Customers,5,104,1,453.01,2,2,2,6,453.01,1.000000,1,NULL,26,233,2011,8,2011-08-18 11:40:00.000,2011-08-18 11:40:00.000
18071,Lost Customers,5,248,2,453,1,2,2,5,226.50,0.018349,109,109.00,23,260,2010,12,2010-12-09 10:33:00.000,2011-03-27 11:59:00.000
14184,Lost Customers,5,57,1,452.89,3,2,2,7,452.89,1.000000,1,NULL,24,127,2011,10,2011-10-04 12:43:00.000,2011-10-04 12:43:00.000
12591,Lost Customers,5,308,1,452.85,1,1,2,4,452.85,1.000000,1,NULL,26,228,2011,1,2011-01-26 14:35:00.000,2011-01-26 14:35:00.000
16574,Lost Customers,5,62,1,451.44,3,2,2,7,451.44,1.000000,1,NULL,28,416,2011,9,2011-09-29 13:39:00.000,2011-09-29 13:39:00.000
15802,Lost Customers,5,133,1,451.42,2,2,2,6,451.42,1.000000,1,NULL,1,1,2011,7,2011-07-20 11:38:00.000,2011-07-20 11:38:00.000
17040,Lost Customers,5,128,1,449.73,2,2,2,6,449.73,1.000000,1,NULL,15,181,2011,7,2011-07-25 10:19:00.000,2011-07-25 10:19:00.000
12448,Lost Customers,5,35,1,449.45,3,1,2,6,449.45,1.000000,1,NULL,22,243,2011,10,2011-10-26 13:46:00.000,2011-10-26 13:46:00.000
15739,Lost Customers,5,57,1,449.12,3,2,2,7,449.12,1.000000,1,NULL,8,472,2011,10,2011-10-04 13:42:00.000,2011-10-04 13:42:00.000
14780,Lost Customers,5,45,2,447.68,3,3,2,8,223.84,0.076923,26,26.00,26,310,2011,9,2011-09-21 15:15:00.000,2011-10-16 12:46:00.000
14149,Lost Customers,5,211,1,446.62,1,1,2,4,446.62,1.000000,1,NULL,28,218,2011,5,2011-05-03 09:44:00.000,2011-05-03 09:44:00.000
17370,Lost Customers,5,63,4,446.18,3,4,2,9,111.54,0.040816,98,32.67,31,540,2011,6,2011-06-23 11:50:00.000,2011-09-28 10:14:00.000
17190,Lost Customers,5,49,2,444.74,3,3,2,8,222.37,0.013333,150,150.00,19,161,2011,5,2011-05-16 15:29:00.000,2011-10-12 11:33:00.000
18006,Lost Customers,5,14,1,444.68,4,1,2,7,444.68,1.000000,1,NULL,21,220,2011,11,2011-11-16 16:52:00.000,2011-11-16 16:52:00.000
14638,Lost Customers,5,41,1,443.6,3,1,2,6,443.60,1.000000,1,NULL,16,166,2011,10,2011-10-20 10:10:00.000,2011-10-20 10:10:00.000
16404,Lost Customers,5,61,1,443.05,3,2,2,7,443.05,1.000000,1,NULL,23,157,2011,9,2011-09-30 14:55:00.000,2011-09-30 14:55:00.000
18222,Lost Customers,5,83,1,443,2,2,2,6,443.00,1.000000,1,NULL,19,335,2011,9,2011-09-08 10:45:00.000,2011-09-08 10:45:00.000
12579,Lost Customers,5,69,1,440.42,2,1,2,5,440.42,1.000000,1,NULL,29,285,2011,9,2011-09-22 17:15:00.000,2011-09-22 17:15:00.000
15822,Lost Customers,5,350,1,440.2,1,1,2,4,440.20,1.000000,1,NULL,16,160,2010,12,2010-12-15 13:38:00.000,2010-12-15 13:38:00.000
18233,Lost Customers,5,316,1,440,1,1,2,4,440.00,1.000000,1,NULL,1,4,2011,1,2011-01-18 08:44:00.000,2011-01-18 08:44:00.000
14022,Lost Customers,5,216,1,440,1,1,2,4,440.00,1.000000,1,NULL,28,487,2011,4,2011-04-28 14:39:00.000,2011-04-28 14:39:00.000
16025,Lost Customers,5,20,1,439.66,4,1,2,7,439.66,1.000000,1,NULL,28,338,2011,11,2011-11-10 11:45:00.000,2011-11-10 11:45:00.000
13359,Lost Customers,5,54,1,439.56,3,1,2,6,439.56,1.000000,1,NULL,23,161,2011,10,2011-10-07 09:30:00.000,2011-10-07 09:30:00.000
13358,Lost Customers,5,259,1,439.03,1,1,2,4,439.03,1.000000,1,NULL,29,285,2011,3,2011-03-16 11:52:00.000,2011-03-16 11:52:00.000
14272,Lost Customers,5,64,2,437.96,3,2,2,7,218.98,0.010989,182,182.00,33,599,2011,3,2011-03-30 13:57:00.000,2011-09-27 10:08:00.000
16084,Lost Customers,5,290,1,436.18,1,2,2,5,436.18,1.000000,1,NULL,38,216,2011,2,2011-02-13 16:05:00.000,2011-02-13 16:05:00.000
15551,Lost Customers,5,27,1,436.06,4,1,2,7,436.06,1.000000,1,NULL,29,218,2011,11,2011-11-03 12:37:00.000,2011-11-03 12:37:00.000
16236,Lost Customers,5,69,1,432.2,2,1,2,5,432.20,1.000000,1,NULL,20,184,2011,9,2011-09-22 14:10:00.000,2011-09-22 14:10:00.000
16881,Lost Customers,5,57,1,432,3,2,2,7,432.00,1.000000,1,NULL,1,600,2011,10,2011-10-04 10:33:00.000,2011-10-04 10:33:00.000
13245,Lost Customers,5,41,1,430.5,3,1,2,6,430.50,1.000000,1,NULL,16,125,2011,10,2011-10-20 11:40:00.000,2011-10-20 11:40:00.000
15450,Lost Customers,5,21,1,429.84,4,1,2,7,429.84,1.000000,1,NULL,30,376,2011,11,2011-11-09 17:11:00.000,2011-11-09 17:11:00.000
15036,Lost Customers,5,63,3,429.56,3,3,2,8,143.19,0.027778,108,54.00,107,316,2011,6,2011-06-13 12:19:00.000,2011-09-28 15:42:00.000
15553,Lost Customers,5,51,1,428.93,3,1,2,6,428.93,1.000000,1,NULL,51,449,2011,10,2011-10-10 14:02:00.000,2011-10-10 14:02:00.000
13602,Lost Customers,5,55,1,428.89,3,2,2,7,428.89,1.000000,1,NULL,23,267,2011,10,2011-10-06 11:47:00.000,2011-10-06 11:47:00.000
15957,Lost Customers,5,22,1,428.89,4,1,2,7,428.89,1.000000,1,NULL,40,211,2011,11,2011-11-08 12:14:00.000,2011-11-08 12:14:00.000
15360,Lost Customers,5,30,1,427.93,4,1,2,7,427.93,1.000000,1,NULL,13,223,2011,10,2011-10-31 09:35:00.000,2011-10-31 09:35:00.000
12725,Lost Customers,5,362,1,427.8,1,1,2,4,427.80,1.000000,1,NULL,24,164,2010,12,2010-12-03 15:45:00.000,2010-12-03 15:45:00.000
12403,Lost Customers,5,40,1,427.7,3,1,2,6,427.70,1.000000,1,NULL,5,96,2011,10,2011-10-21 10:51:00.000,2011-10-21 10:51:00.000
12740,Lost Customers,5,54,1,427.6,3,2,2,7,427.60,1.000000,1,NULL,27,342,2011,10,2011-10-07 10:44:00.000,2011-10-07 10:44:00.000
12802,Lost Customers,5,177,1,427.58,1,2,2,5,427.58,1.000000,1,NULL,25,314,2011,6,2011-06-06 09:36:00.000,2011-06-06 09:36:00.000
15930,Lost Customers,5,58,1,426.63,3,2,2,7,426.63,1.000000,1,NULL,21,139,2011,10,2011-10-03 14:52:00.000,2011-10-03 14:52:00.000
14288,Lost Customers,5,204,1,426.6,1,1,2,4,426.60,1.000000,1,NULL,16,188,2011,5,2011-05-10 13:22:00.000,2011-05-10 13:22:00.000
15639,Lost Customers,5,125,1,425.32,2,2,2,6,425.32,1.000000,1,NULL,25,323,2011,7,2011-07-28 14:30:00.000,2011-07-28 14:30:00.000
17525,Lost Customers,5,350,1,422.7,1,1,2,4,422.70,1.000000,1,NULL,9,82,2010,12,2010-12-15 12:05:00.000,2010-12-15 12:05:00.000
13473,Lost Customers,5,51,2,422.64,3,3,2,8,211.32,0.007326,273,273.00,21,266,2011,1,2011-01-11 08:45:00.000,2011-10-10 11:20:00.000
16689,Lost Customers,5,66,2,422.6,3,3,2,8,211.30,0.250000,8,8.00,12,330,2011,9,2011-09-18 13:29:00.000,2011-09-25 11:39:00.000
18240,Lost Customers,5,37,1,422.58,3,1,2,6,422.58,1.000000,1,NULL,6,126,2011,10,2011-10-24 13:06:00.000,2011-10-24 13:06:00.000
15568,Lost Customers,5,35,2,422.52,3,2,2,7,211.26,0.066667,30,30.00,26,281,2011,9,2011-09-27 14:37:00.000,2011-10-26 11:51:00.000
18106,Lost Customers,5,320,1,421.9,1,1,2,4,421.90,1.000000,1,NULL,33,126,2011,1,2011-01-14 12:23:00.000,2011-01-14 12:23:00.000
14757,Lost Customers,5,66,1,420.5,3,2,2,7,420.50,1.000000,1,NULL,19,160,2011,9,2011-09-25 14:36:00.000,2011-09-25 14:36:00.000
14124,Lost Customers,5,75,1,419.58,2,1,2,5,419.58,1.000000,1,NULL,4,1618,2011,9,2011-09-16 13:32:00.000,2011-09-16 13:32:00.000
15361,Lost Customers,5,352,1,418.92,1,1,2,4,418.92,1.000000,1,NULL,7,336,2010,12,2010-12-13 09:52:00.000,2010-12-13 09:52:00.000
17701,Lost Customers,5,243,1,417.95,1,2,2,5,417.95,1.000000,1,NULL,24,109,2011,4,2011-04-01 12:25:00.000,2011-04-01 12:25:00.000
13615,Lost Customers,5,309,1,417.69,1,1,2,4,417.69,1.000000,1,NULL,23,189,2011,1,2011-01-25 08:21:00.000,2011-01-25 08:21:00.000
16737,Lost Customers,5,44,1,417.6,3,1,2,6,417.60,1.000000,1,NULL,1,288,2011,10,2011-10-17 13:03:00.000,2011-10-17 13:03:00.000
12833,Lost Customers,5,136,1,417.38,2,2,2,6,417.38,1.000000,1,NULL,24,156,2011,7,2011-07-17 13:46:00.000,2011-07-17 13:46:00.000
17392,Lost Customers,5,297,2,417.27,1,2,2,5,208.63,0.037736,53,53.00,53,277,2010,12,2010-12-16 19:04:00.000,2011-02-06 12:48:00.000
13166,Lost Customers,5,274,1,417.2,1,1,2,4,417.20,1.000000,1,NULL,39,216,2011,3,2011-03-01 15:16:00.000,2011-03-01 15:16:00.000
13889,Lost Customers,5,83,1,416.9,2,2,2,6,416.90,1.000000,1,NULL,15,146,2011,9,2011-09-08 09:13:00.000,2011-09-08 09:13:00.000
17223,Lost Customers,5,301,2,416.89,1,2,2,5,208.44,0.033898,59,59.00,43,110,2010,12,2010-12-06 14:08:00.000,2011-02-02 15:57:00.000
15803,Lost Customers,5,42,1,415.82,3,1,2,6,415.82,1.000000,1,NULL,8,290,2011,10,2011-10-19 14:56:00.000,2011-10-19 14:56:00.000
14139,Lost Customers,5,37,1,415.82,3,1,2,6,415.82,1.000000,1,NULL,26,510,2011,10,2011-10-24 13:34:00.000,2011-10-24 13:34:00.000
12930,Lost Customers,5,69,2,415.8,2,2,2,6,207.90,0.021277,94,94.00,20,252,2011,6,2011-06-21 13:25:00.000,2011-09-22 15:18:00.000
12580,Lost Customers,5,237,1,415.7,1,1,2,4,415.70,1.000000,1,NULL,24,238,2011,4,2011-04-07 10:24:00.000,2011-04-07 10:24:00.000
14333,Lost Customers,5,58,1,415.2,3,2,2,7,415.20,1.000000,1,NULL,15,58,2011,10,2011-10-03 10:38:00.000,2011-10-03 10:38:00.000
16795,Lost Customers,5,356,1,414.88,1,1,2,4,414.88,1.000000,1,NULL,64,239,2010,12,2010-12-09 14:08:00.000,2010-12-09 14:08:00.000
15994,Lost Customers,5,45,1,414.27,3,1,2,6,414.27,1.000000,1,NULL,31,173,2011,10,2011-10-16 12:28:00.000,2011-10-16 12:28:00.000
16239,Lost Customers,5,47,2,414.2,3,3,2,8,207.10,0.014925,134,134.00,18,228,2011,6,2011-06-03 09:30:00.000,2011-10-14 08:29:00.000
17483,Lost Customers,5,56,3,414.04,3,3,2,8,138.01,0.025210,119,59.50,18,191,2011,6,2011-06-09 19:40:00.000,2011-10-05 13:10:00.000
13974,Lost Customers,5,40,1,413.59,3,1,2,6,413.59,1.000000,1,NULL,28,249,2011,10,2011-10-21 14:41:00.000,2011-10-21 14:41:00.000
16834,Lost Customers,5,218,1,413.46,1,2,2,5,413.46,1.000000,1,NULL,24,358,2011,4,2011-04-26 09:37:00.000,2011-04-26 09:37:00.000
15523,Lost Customers,5,75,1,412.01,2,1,2,5,412.01,1.000000,1,NULL,10,132,2011,9,2011-09-16 16:29:00.000,2011-09-16 16:29:00.000
16272,Lost Customers,5,107,1,411.7,2,2,2,6,411.70,1.000000,1,NULL,25,224,2011,8,2011-08-15 10:53:00.000,2011-08-15 10:54:00.000
15099,Lost Customers,5,75,1,410.48,2,1,2,5,410.48,1.000000,1,NULL,23,343,2011,9,2011-09-16 13:13:00.000,2011-09-16 13:13:00.000
15695,Lost Customers,5,257,2,409.98,1,2,2,5,204.99,2.000000,1,1.00,22,212,2011,3,2011-03-18 08:31:00.000,2011-03-18 08:32:00.000
14048,Lost Customers,5,296,1,409.93,1,1,2,4,409.93,1.000000,1,NULL,83,288,2011,2,2011-02-07 14:53:00.000,2011-02-07 14:53:00.000
13827,Lost Customers,5,48,3,409.8,3,4,2,9,136.60,0.034483,87,43.50,83,138,2011,7,2011-07-19 15:38:00.000,2011-10-13 12:38:00.000
14348,Lost Customers,5,251,1,409.57,1,1,2,4,409.57,1.000000,1,NULL,18,183,2011,3,2011-03-24 16:23:00.000,2011-03-24 16:23:00.000
15225,Lost Customers,5,225,1,409.4,1,1,2,4,409.40,1.000000,1,NULL,23,226,2011,4,2011-04-19 14:51:00.000,2011-04-19 14:51:00.000
17666,Lost Customers,5,56,1,409.08,3,2,2,7,409.08,1.000000,1,NULL,12,356,2011,10,2011-10-05 11:06:00.000,2011-10-05 11:06:00.000
15269,Lost Customers,5,14,1,408.8,4,1,2,7,408.80,1.000000,1,NULL,2,26,2011,11,2011-11-16 09:32:00.000,2011-11-16 09:32:00.000
17913,Lost Customers,5,49,2,408.65,3,3,2,8,204.32,0.006711,298,298.00,55,288,2010,12,2010-12-19 11:35:00.000,2011-10-12 10:45:00.000
16629,Lost Customers,5,64,2,408.63,3,3,2,8,204.31,0.083333,24,24.00,58,489,2011,9,2011-09-04 16:12:00.000,2011-09-27 10:34:00.000
15127,Lost Customers,5,56,1,406.53,3,2,2,7,406.53,1.000000,1,NULL,16,251,2011,10,2011-10-05 10:30:00.000,2011-10-05 10:30:00.000
16947,Lost Customers,5,226,1,406.48,1,1,2,4,406.48,1.000000,1,NULL,21,312,2011,4,2011-04-18 09:38:00.000,2011-04-18 09:38:00.000
15342,Lost Customers,5,120,1,406.09,2,2,2,6,406.09,1.000000,1,NULL,24,283,2011,8,2011-08-02 10:19:00.000,2011-08-02 10:19:00.000
12922,Lost Customers,5,152,1,405.38,2,2,2,6,405.38,1.000000,1,NULL,28,370,2011,7,2011-07-01 15:35:00.000,2011-07-01 15:35:00.000
15012,Lost Customers,5,44,2,405.04,3,3,2,8,202.52,0.006231,321,321.00,110,225,2010,12,2010-12-01 12:49:00.000,2011-10-17 12:22:00.000
16319,Lost Customers,5,208,1,404.4,1,1,2,4,404.40,1.000000,1,NULL,3,72,2011,5,2011-05-06 11:27:00.000,2011-05-06 11:27:00.000
17431,Lost Customers,5,304,1,403.3,1,1,2,4,403.30,1.000000,1,NULL,41,292,2011,1,2011-01-30 14:36:00.000,2011-01-30 14:36:00.000
15221,Lost Customers,5,357,1,403.25,1,1,2,4,403.25,1.000000,1,NULL,5,43,2010,12,2010-12-08 13:08:00.000,2010-12-08 13:08:00.000
12386,Lost Customers,5,328,2,401.9,1,2,2,5,200.95,0.066667,30,30.00,10,354,2010,12,2010-12-08 09:53:00.000,2011-01-06 12:37:00.000
15158,Lost Customers,5,36,1,401.4,3,1,2,6,401.40,1.000000,1,NULL,7,198,2011,10,2011-10-25 13:53:00.000,2011-10-25 13:53:00.000
16198,Lost Customers,5,66,1,400.681,3,2,2,7,400.68,1.000000,1,NULL,15,129,2011,9,2011-09-25 14:58:00.000,2011-09-25 14:58:00.000
12792,Lost Customers,5,247,1,400.54,1,1,2,4,400.54,1.000000,1,NULL,25,217,2011,3,2011-03-28 11:36:00.000,2011-03-28 11:36:00.000
18164,Lost Customers,5,28,1,399.65,4,1,2,7,399.65,1.000000,1,NULL,24,184,2011,11,2011-11-02 12:56:00.000,2011-11-02 12:56:00.000
17052,Lost Customers,5,19,1,399.09,4,1,2,7,399.09,1.000000,1,NULL,72,251,2011,11,2011-11-11 14:50:00.000,2011-11-11 14:50:00.000
13352,Lost Customers,5,51,1,397.98,3,1,2,6,397.98,1.000000,1,NULL,24,321,2011,10,2011-10-10 13:55:00.000,2011-10-10 13:55:00.000
12824,Lost Customers,5,50,1,397.12,3,1,2,6,397.12,1.000000,1,NULL,25,232,2011,10,2011-10-11 12:49:00.000,2011-10-11 12:49:00.000
13594,Lost Customers,5,43,1,396.97,3,1,2,6,396.97,1.000000,1,NULL,26,359,2011,10,2011-10-18 10:19:00.000,2011-10-18 10:19:00.000
14904,Lost Customers,5,16,1,396.96,4,1,2,7,396.96,1.000000,1,NULL,22,593,2011,11,2011-11-14 09:13:00.000,2011-11-14 09:13:00.000
17486,Lost Customers,5,252,1,396.87,1,1,2,4,396.87,1.000000,1,NULL,24,191,2011,3,2011-03-23 14:00:00.000,2011-03-23 14:00:00.000
18067,Lost Customers,5,31,1,396.33,4,1,2,7,396.33,1.000000,1,NULL,36,189,2011,10,2011-10-30 15:58:00.000,2011-10-30 15:58:00.000
16354,Lost Customers,5,54,2,395.8,3,2,2,7,197.90,0.181818,11,11.00,38,150,2011,9,2011-09-27 16:28:00.000,2011-10-07 14:28:00.000
17566,Lost Customers,5,16,1,394.82,4,1,2,7,394.82,1.000000,1,NULL,58,277,2011,11,2011-11-14 13:42:00.000,2011-11-14 13:42:00.000
17603,Lost Customers,5,69,1,394.72,2,1,2,5,394.72,1.000000,1,NULL,11,74,2011,9,2011-09-22 14:18:00.000,2011-09-22 14:18:00.000
14619,Lost Customers,5,236,1,394.44,1,1,2,4,394.44,1.000000,1,NULL,20,152,2011,4,2011-04-08 07:37:00.000,2011-04-08 07:37:00.000
16207,Lost Customers,5,16,1,394.38,4,1,2,7,394.38,1.000000,1,NULL,19,140,2011,11,2011-11-14 13:51:00.000,2011-11-14 13:51:00.000
15386,Lost Customers,5,177,1,394.14,1,2,2,5,394.14,1.000000,1,NULL,31,446,2011,6,2011-06-06 13:47:00.000,2011-06-06 13:47:00.000
15264,Lost Customers,5,55,1,393.74,3,2,2,7,393.74,1.000000,1,NULL,23,265,2011,10,2011-10-06 13:49:00.000,2011-10-06 13:49:00.000
15345,Lost Customers,5,36,1,393.54,3,1,2,6,393.54,1.000000,1,NULL,20,81,2011,10,2011-10-25 11:28:00.000,2011-10-25 11:28:00.000
17226,Lost Customers,5,299,1,393.49,1,1,2,4,393.49,1.000000,1,NULL,21,406,2011,2,2011-02-04 11:52:00.000,2011-02-04 11:52:00.000
14600,Lost Customers,5,296,1,393.33,1,1,2,4,393.33,1.000000,1,NULL,25,125,2011,2,2011-02-07 09:48:00.000,2011-02-07 09:48:00.000
14670,Lost Customers,5,271,2,392.86,1,2,2,5,196.43,2.000000,1,1.00,107,326,2011,3,2011-03-04 13:58:00.000,2011-03-04 14:13:00.000
15837,Lost Customers,5,55,1,391.98,3,2,2,7,391.98,1.000000,1,NULL,24,189,2011,10,2011-10-06 09:01:00.000,2011-10-06 09:01:00.000
16917,Lost Customers,5,267,1,391.52,1,1,2,4,391.52,1.000000,1,NULL,9,232,2011,3,2011-03-08 11:55:00.000,2011-03-08 11:55:00.000
12982,Lost Customers,5,233,1,390.54,1,1,2,4,390.54,1.000000,1,NULL,28,288,2011,4,2011-04-11 11:51:00.000,2011-04-11 11:51:00.000
14752,Lost Customers,5,34,1,389.64,3,1,2,6,389.64,1.000000,1,NULL,5,260,2011,10,2011-10-27 11:55:00.000,2011-10-27 11:55:00.000
13345,Lost Customers,5,278,1,389.5,1,1,2,4,389.50,1.000000,1,NULL,20,141,2011,2,2011-02-25 09:01:00.000,2011-02-25 09:01:00.000
16250,Lost Customers,5,252,2,389.44,1,2,2,5,194.72,0.017699,113,113.00,22,208,2010,12,2010-12-01 09:59:00.000,2011-03-23 15:07:00.000
12690,Lost Customers,5,196,1,389.01,1,2,2,5,389.01,1.000000,1,NULL,16,106,2011,5,2011-05-18 09:09:00.000,2011-05-18 09:09:00.000
15592,Lost Customers,5,37,1,388.58,3,1,2,6,388.58,1.000000,1,NULL,24,354,2011,10,2011-10-24 08:59:00.000,2011-10-24 08:59:00.000
17438,Lost Customers,5,244,1,388.45,1,1,2,4,388.45,1.000000,1,NULL,17,103,2011,3,2011-03-31 10:26:00.000,2011-03-31 10:26:00.000
14538,Lost Customers,5,55,2,388.25,3,3,2,8,194.13,0.010363,193,193.00,19,155,2011,3,2011-03-28 14:57:00.000,2011-10-06 10:31:00.000
14420,Lost Customers,5,90,1,387.52,2,2,2,6,387.52,1.000000,1,NULL,29,334,2011,9,2011-09-01 18:07:00.000,2011-09-01 18:07:00.000
17508,Lost Customers,5,271,1,387.31,1,1,2,4,387.31,1.000000,1,NULL,22,289,2011,3,2011-03-04 08:10:00.000,2011-03-04 08:10:00.000
14869,Lost Customers,5,94,1,387.06,2,2,2,6,387.06,1.000000,1,NULL,48,354,2011,8,2011-08-28 16:09:00.000,2011-08-28 16:09:00.000
14114,Lost Customers,5,264,2,386.53,1,2,2,5,193.26,0.034483,58,58.00,15,101,2011,1,2011-01-13 11:05:00.000,2011-03-11 09:42:00.000
15664,Lost Customers,5,41,1,386.43,3,1,2,6,386.43,1.000000,1,NULL,17,157,2011,10,2011-10-20 10:57:00.000,2011-10-20 10:57:00.000
17614,Lost Customers,5,48,1,386.32,3,1,2,6,386.32,1.000000,1,NULL,97,235,2011,10,2011-10-13 16:01:00.000,2011-10-13 16:01:00.000
13919,Lost Customers,5,50,2,384.81,3,3,2,8,192.41,0.031746,63,63.00,24,474,2011,8,2011-08-10 10:15:00.000,2011-10-11 14:24:00.000
16204,Lost Customers,5,14,1,384.18,4,1,2,7,384.18,1.000000,1,NULL,45,218,2011,11,2011-11-16 13:40:00.000,2011-11-16 13:40:00.000
17205,Lost Customers,5,44,1,384.08,3,1,2,6,384.08,1.000000,1,NULL,13,884,2011,10,2011-10-17 12:46:00.000,2011-10-17 12:46:00.000
16982,Lost Customers,5,51,1,384.06,3,1,2,6,384.06,1.000000,1,NULL,22,182,2011,10,2011-10-10 12:28:00.000,2011-10-10 12:28:00.000
12733,Lost Customers,5,225,1,383.95,1,1,2,4,383.95,1.000000,1,NULL,22,137,2011,4,2011-04-19 16:19:00.000,2011-04-19 16:19:00.000
13833,Lost Customers,5,150,1,383.85,2,2,2,6,383.85,1.000000,1,NULL,28,117,2011,7,2011-07-03 13:27:00.000,2011-07-03 13:27:00.000
12515,Lost Customers,5,344,1,383.7,1,1,2,4,383.70,1.000000,1,NULL,16,131,2010,12,2010-12-21 15:43:00.000,2010-12-21 15:43:00.000
15440,Lost Customers,5,45,3,383.68,3,4,2,9,127.89,0.019355,155,77.50,50,197,2011,5,2011-05-15 11:30:00.000,2011-10-16 12:16:00.000
14304,Lost Customers,5,213,1,383.45,1,1,2,4,383.45,1.000000,1,NULL,17,139,2011,5,2011-05-01 11:50:00.000,2011-05-01 11:50:00.000
17239,Lost Customers,5,303,1,382.5,1,1,2,4,382.50,1.000000,1,NULL,15,150,2011,1,2011-01-31 09:41:00.000,2011-01-31 09:41:00.000
15090,Lost Customers,5,299,1,381.32,1,1,2,4,381.32,1.000000,1,NULL,23,208,2011,2,2011-02-04 14:03:00.000,2011-02-04 14:03:00.000
16441,Lost Customers,5,58,2,381.2,3,3,2,8,190.60,0.008889,225,225.00,22,173,2011,2,2011-02-21 17:35:00.000,2011-10-03 17:48:00.000
15048,Lost Customers,5,56,4,381,3,4,2,9,95.25,0.013158,304,101.33,86,192,2010,12,2010-12-06 12:15:00.000,2011-10-05 14:55:00.000
12871,Lost Customers,5,75,2,380.64,2,2,2,6,190.32,0.016129,124,124.00,8,200,2011,5,2011-05-16 13:32:00.000,2011-09-16 15:07:00.000
17138,Lost Customers,5,266,1,380.5,1,1,2,4,380.50,1.000000,1,NULL,24,126,2011,3,2011-03-09 11:54:00.000,2011-03-09 11:54:00.000
14731,Lost Customers,5,38,3,380.02,3,4,2,9,126.67,0.018072,166,83.00,38,256,2011,5,2011-05-11 13:06:00.000,2011-10-23 15:54:00.000
17878,Lost Customers,5,34,1,379.45,3,1,2,6,379.45,1.000000,1,NULL,26,401,2011,10,2011-10-27 11:24:00.000,2011-10-27 11:24:00.000
16909,Lost Customers,5,63,1,379.14,3,2,2,7,379.14,1.000000,1,NULL,18,436,2011,9,2011-09-28 16:45:00.000,2011-09-28 16:45:00.000
13372,Lost Customers,5,80,1,378.64,2,2,2,6,378.64,1.000000,1,NULL,23,159,2011,9,2011-09-11 12:46:00.000,2011-09-11 12:46:00.000
12890,Lost Customers,5,15,1,376.72,4,1,2,7,376.72,1.000000,1,NULL,78,256,2011,11,2011-11-15 17:26:00.000,2011-11-15 17:26:00.000
17489,Lost Customers,5,49,2,376.64,3,3,2,8,188.32,0.012903,155,155.00,28,428,2011,5,2011-05-11 11:34:00.000,2011-10-12 08:56:00.000
13936,Lost Customers,5,170,1,376.58,2,2,2,6,376.58,1.000000,1,NULL,26,330,2011,6,2011-06-13 08:47:00.000,2011-06-13 08:47:00.000
16858,Lost Customers,5,359,1,375.69,1,1,2,4,375.69,1.000000,1,NULL,9,91,2010,12,2010-12-06 09:52:00.000,2010-12-06 09:52:00.000
15951,Lost Customers,5,276,1,375.17,1,1,2,4,375.17,1.000000,1,NULL,22,174,2011,2,2011-02-27 11:57:00.000,2011-02-27 11:57:00.000
14079,Lost Customers,5,115,1,375.1,2,2,2,6,375.10,1.000000,1,NULL,12,301,2011,8,2011-08-07 12:10:00.000,2011-08-07 12:10:00.000
16147,Lost Customers,5,124,1,375,2,2,2,6,375.00,1.000000,1,NULL,22,246,2011,7,2011-07-29 09:57:00.000,2011-07-29 09:57:00.000
14067,Lost Customers,5,54,2,374.7,3,2,2,7,187.35,0.058824,34,34.00,51,361,2011,9,2011-09-04 12:00:00.000,2011-10-07 10:21:00.000
17492,Lost Customers,5,239,1,374.57,1,1,2,4,374.57,1.000000,1,NULL,12,155,2011,4,2011-04-05 15:21:00.000,2011-04-05 15:21:00.000
12873,Lost Customers,5,273,1,374,1,1,2,4,374.00,1.000000,1,NULL,4,128,2011,3,2011-03-02 14:58:00.000,2011-03-02 14:58:00.000
13351,Lost Customers,5,57,1,373.94,3,2,2,7,373.94,1.000000,1,NULL,16,117,2011,10,2011-10-04 12:55:00.000,2011-10-04 12:55:00.000
16321,Lost Customers,5,63,5,373.65,3,4,2,9,74.73,0.019841,252,63.00,7,135,2011,1,2011-01-20 12:11:00.000,2011-09-28 14:55:00.000
12895,Lost Customers,5,33,2,372.8,3,3,2,8,186.40,0.044444,45,45.00,22,210,2011,9,2011-09-14 08:35:00.000,2011-10-28 13:51:00.000
12544,Lost Customers,5,27,1,372.7,4,1,2,7,372.70,1.000000,1,NULL,19,136,2011,11,2011-11-03 16:15:00.000,2011-11-03 16:15:00.000
13300,Lost Customers,5,160,1,371.89,2,2,2,6,371.89,1.000000,1,NULL,20,203,2011,6,2011-06-23 13:09:00.000,2011-06-23 13:09:00.000
18155,Lost Customers,5,66,3,371.62,3,4,2,9,123.87,0.013825,217,108.50,19,266,2011,2,2011-02-21 10:36:00.000,2011-09-25 13:32:00.000
15472,Lost Customers,5,104,1,371.56,2,2,2,6,371.56,1.000000,1,NULL,76,251,2011,8,2011-08-18 15:17:00.000,2011-08-18 15:17:00.000
16776,Lost Customers,5,51,1,371.54,3,1,2,6,371.54,1.000000,1,NULL,61,254,2011,10,2011-10-10 13:04:00.000,2011-10-10 13:04:00.000
15975,Lost Customers,5,75,1,371.01,2,1,2,5,371.01,1.000000,1,NULL,24,243,2011,9,2011-09-16 13:33:00.000,2011-09-16 13:33:00.000
15063,Lost Customers,5,204,1,370.8,1,1,2,4,370.80,1.000000,1,NULL,5,56,2011,5,2011-05-10 13:25:00.000,2011-05-10 13:25:00.000
15922,Lost Customers,5,364,1,369.5,1,1,2,4,369.50,1.000000,1,NULL,11,138,2010,12,2010-12-01 13:51:00.000,2010-12-01 13:51:00.000
16758,Lost Customers,5,56,1,369.34,3,2,2,7,369.34,1.000000,1,NULL,22,203,2011,10,2011-10-05 14:47:00.000,2011-10-05 14:47:00.000
14888,Lost Customers,5,198,1,369.2,1,2,2,5,369.20,1.000000,1,NULL,20,184,2011,5,2011-05-16 14:58:00.000,2011-05-16 14:58:00.000
14788,Lost Customers,5,17,1,368.45,4,1,2,7,368.45,1.000000,1,NULL,15,193,2011,11,2011-11-13 15:52:00.000,2011-11-13 15:52:00.000
12925,Lost Customers,5,65,1,368.31,3,2,2,7,368.31,1.000000,1,NULL,23,258,2011,9,2011-09-26 11:05:00.000,2011-09-26 11:05:00.000
16065,Lost Customers,5,356,1,367.14,1,1,2,4,367.14,1.000000,1,NULL,71,228,2010,12,2010-12-09 13:03:00.000,2010-12-09 13:03:00.000
18181,Lost Customers,5,15,1,366.85,4,1,2,7,366.85,1.000000,1,NULL,40,133,2011,11,2011-11-15 15:08:00.000,2011-11-15 15:08:00.000
16499,Lost Customers,5,351,2,365.45,1,2,2,5,182.73,0.400000,5,5.00,18,127,2010,12,2010-12-10 10:27:00.000,2010-12-14 13:31:00.000
16202,Lost Customers,5,351,1,365.27,1,1,2,4,365.27,1.000000,1,NULL,18,191,2010,12,2010-12-14 10:43:00.000,2010-12-14 10:43:00.000
14886,Lost Customers,5,243,1,364.8,1,2,2,5,364.80,1.000000,1,NULL,18,160,2011,4,2011-04-01 08:56:00.000,2011-04-01 08:56:00.000
12373,Lost Customers,5,302,1,364.6,1,1,2,4,364.60,1.000000,1,NULL,14,197,2011,2,2011-02-01 13:10:00.000,2011-02-01 13:10:00.000
15343,Lost Customers,5,78,1,364.5,2,2,2,6,364.50,1.000000,1,NULL,21,84,2011,9,2011-09-13 13:55:00.000,2011-09-13 13:55:00.000
14528,Lost Customers,5,28,1,364.22,4,1,2,7,364.22,1.000000,1,NULL,18,278,2011,11,2011-11-02 17:09:00.000,2011-11-02 17:09:00.000
12538,Lost Customers,5,20,1,363.95,4,1,2,7,363.95,1.000000,1,NULL,21,191,2011,11,2011-11-10 17:16:00.000,2011-11-10 17:16:00.000
14171,Lost Customers,5,89,1,363.79,2,2,2,6,363.79,1.000000,1,NULL,57,167,2011,9,2011-09-02 16:43:00.000,2011-09-02 16:43:00.000
16509,Lost Customers,5,287,1,363.7,1,2,2,5,363.70,1.000000,1,NULL,13,64,2011,2,2011-02-16 09:25:00.000,2011-02-16 09:25:00.000
16485,Lost Customers,5,68,1,363.65,3,2,2,7,363.65,1.000000,1,NULL,41,235,2011,9,2011-09-23 15:50:00.000,2011-09-23 15:50:00.000
18056,Lost Customers,5,279,1,363.65,1,2,2,5,363.65,1.000000,1,NULL,19,211,2011,2,2011-02-24 14:27:00.000,2011-02-24 14:27:00.000
14932,Lost Customers,5,356,1,363.53,1,1,2,4,363.53,1.000000,1,NULL,17,80,2010,12,2010-12-09 11:48:00.000,2010-12-09 11:48:00.000
14427,Lost Customers,5,41,2,363.34,3,3,2,8,181.67,0.142857,14,14.00,16,228,2011,10,2011-10-07 09:10:00.000,2011-10-20 14:23:00.000
16903,Lost Customers,5,20,1,363.2,4,1,2,7,363.20,1.000000,1,NULL,50,247,2011,11,2011-11-10 15:32:00.000,2011-11-10 15:32:00.000
16052,Lost Customers,5,45,1,362.06,3,1,2,6,362.06,1.000000,1,NULL,34,282,2011,10,2011-10-16 15:13:00.000,2011-10-16 15:13:00.000
15025,Lost Customers,5,24,1,361.96,4,1,2,7,361.96,1.000000,1,NULL,66,184,2011,11,2011-11-06 15:20:00.000,2011-11-06 15:20:00.000
16769,Lost Customers,5,251,1,361.54,1,1,2,4,361.54,1.000000,1,NULL,33,80,2011,3,2011-03-24 13:41:00.000,2011-03-24 13:41:00.000
16305,Lost Customers,5,129,1,361.22,2,2,2,6,361.22,1.000000,1,NULL,22,256,2011,7,2011-07-24 12:18:00.000,2011-07-24 12:18:00.000
13291,Lost Customers,5,146,1,361.11,2,2,2,6,361.11,1.000000,1,NULL,41,233,2011,7,2011-07-07 10:36:00.000,2011-07-07 10:36:00.000
17358,Lost Customers,5,294,2,360.81,1,2,2,5,180.41,0.037736,53,53.00,55,190,2010,12,2010-12-19 14:16:00.000,2011-02-09 16:57:00.000
16595,Lost Customers,5,52,1,360.16,3,1,2,6,360.16,1.000000,1,NULL,83,335,2011,10,2011-10-09 13:15:00.000,2011-10-09 13:15:00.000
15120,Lost Customers,5,124,1,358.82,2,2,2,6,358.82,1.000000,1,NULL,21,296,2011,7,2011-07-29 09:48:00.000,2011-07-29 09:48:00.000
17948,Lost Customers,5,138,1,358.56,2,2,2,6,358.56,1.000000,1,NULL,1,144,2011,7,2011-07-15 12:58:00.000,2011-07-15 12:58:00.000
16823,Lost Customers,5,218,1,358.38,1,2,2,5,358.38,1.000000,1,NULL,34,136,2011,4,2011-04-26 15:00:00.000,2011-04-26 15:00:00.000
13228,Lost Customers,5,72,1,358,2,1,2,5,358.00,1.000000,1,NULL,2,200,2011,9,2011-09-19 14:28:00.000,2011-09-19 14:28:00.000
13976,Lost Customers,5,197,1,357.98,1,2,2,5,357.98,1.000000,1,NULL,10,154,2011,5,2011-05-17 09:13:00.000,2011-05-17 09:13:00.000
17025,Lost Customers,5,51,3,357.77,3,4,2,9,119.26,0.009554,314,157.00,8,235,2010,12,2010-12-01 15:45:00.000,2011-10-10 09:06:00.000
13736,Lost Customers,5,251,1,357.53,1,1,2,4,357.53,1.000000,1,NULL,73,228,2011,3,2011-03-24 13:04:00.000,2011-03-24 13:04:00.000
16971,Lost Customers,5,29,1,357.21,4,1,2,7,357.21,1.000000,1,NULL,40,72,2011,11,2011-11-01 15:06:00.000,2011-11-01 15:06:00.000
15247,Lost Customers,5,113,1,356,2,2,2,6,356.00,1.000000,1,NULL,6,160,2011,8,2011-08-09 12:52:00.000,2011-08-09 12:52:00.000
14537,Lost Customers,5,48,1,355.56,3,1,2,6,355.56,1.000000,1,NULL,10,120,2011,10,2011-10-13 10:54:00.000,2011-10-13 10:54:00.000
15840,Lost Customers,5,49,2,355.56,3,3,2,8,177.78,0.017391,115,115.00,26,396,2011,6,2011-06-20 11:42:00.000,2011-10-12 09:08:00.000
14690,Lost Customers,5,35,2,355.05,3,2,2,7,177.52,0.018519,108,108.00,40,167,2011,7,2011-07-11 11:58:00.000,2011-10-26 15:39:00.000
12888,Lost Customers,5,205,2,354.12,1,2,2,5,177.06,0.047619,42,42.00,4,76,2011,3,2011-03-29 14:31:00.000,2011-05-09 16:02:00.000
13210,Lost Customers,5,84,1,353.48,2,2,2,6,353.48,1.000000,1,NULL,22,316,2011,9,2011-09-07 08:18:00.000,2011-09-07 08:18:00.000
13343,Lost Customers,5,168,1,353.43,2,2,2,6,353.43,1.000000,1,NULL,19,135,2011,6,2011-06-15 12:24:00.000,2011-06-15 12:24:00.000
12617,Lost Customers,5,20,1,352.98,4,1,2,7,352.98,1.000000,1,NULL,39,210,2011,11,2011-11-10 14:39:00.000,2011-11-10 14:39:00.000
15678,Lost Customers,5,43,1,352.7,3,1,2,6,352.70,1.000000,1,NULL,12,184,2011,10,2011-10-18 09:25:00.000,2011-10-18 09:25:00.000
12566,Lost Customers,5,77,1,351.65,2,2,2,6,351.65,1.000000,1,NULL,19,265,2011,9,2011-09-14 14:30:00.000,2011-09-14 14:30:00.000
15870,Lost Customers,5,23,1,351.44,4,1,2,7,351.44,1.000000,1,NULL,68,333,2011,11,2011-11-07 10:58:00.000,2011-11-07 10:58:00.000
15789,Lost Customers,5,349,1,351.3,1,1,2,4,351.30,1.000000,1,NULL,25,438,2010,12,2010-12-16 14:35:00.000,2010-12-16 14:35:00.000
13923,Lost Customers,5,44,1,351.13,3,1,2,6,351.13,1.000000,1,NULL,20,185,2011,10,2011-10-17 12:33:00.000,2011-10-17 12:33:00.000
13740,Lost Customers,5,231,1,350.75,1,1,2,4,350.75,1.000000,1,NULL,23,425,2011,4,2011-04-13 10:32:00.000,2011-04-13 10:32:00.000
13108,Lost Customers,5,363,1,350.06,1,1,2,4,350.06,1.000000,1,NULL,10,298,2010,12,2010-12-02 10:35:00.000,2010-12-02 10:35:00.000
12532,Lost Customers,5,21,1,349.83,4,1,2,7,349.83,1.000000,1,NULL,16,153,2011,11,2011-11-09 13:47:00.000,2011-11-09 13:47:00.000
13670,Lost Customers,5,66,1,349.7,3,2,2,7,349.70,1.000000,1,NULL,25,282,2011,9,2011-09-25 15:25:00.000,2011-09-25 15:25:00.000
13887,Lost Customers,5,195,1,349.55,1,2,2,5,349.55,1.000000,1,NULL,19,147,2011,5,2011-05-19 17:22:00.000,2011-05-19 17:22:00.000
18250,Lost Customers,5,301,1,349.27,1,1,2,4,349.27,1.000000,1,NULL,21,199,2011,2,2011-02-02 13:16:00.000,2011-02-02 13:16:00.000
15405,Lost Customers,5,180,1,349.1,1,2,2,5,349.10,1.000000,1,NULL,8,193,2011,6,2011-06-03 14:44:00.000,2011-06-03 14:44:00.000
13927,Lost Customers,5,65,1,348.99,3,2,2,7,348.99,1.000000,1,NULL,21,214,2011,9,2011-09-26 12:00:00.000,2011-09-26 12:00:00.000
16159,Lost Customers,5,272,1,348.2,1,1,2,4,348.20,1.000000,1,NULL,14,236,2011,3,2011-03-03 12:27:00.000,2011-03-03 12:27:00.000
13052,Lost Customers,5,203,1,348.15,1,2,2,5,348.15,1.000000,1,NULL,18,222,2011,5,2011-05-11 14:12:00.000,2011-05-11 14:12:00.000
14379,Lost Customers,5,35,2,348.1,3,2,2,7,174.05,0.007937,252,252.00,39,292,2011,2,2011-02-17 15:03:00.000,2011-10-26 16:43:00.000
13497,Lost Customers,5,273,2,348.05,1,2,2,5,174.02,0.022989,87,87.00,19,163,2010,12,2010-12-06 11:37:00.000,2011-03-02 09:04:00.000
13062,Lost Customers,5,182,1,346.98,1,2,2,5,346.98,1.000000,1,NULL,11,343,2011,6,2011-06-01 15:12:00.000,2011-06-01 15:12:00.000
13649,Lost Customers,5,247,2,346.6,1,2,2,5,173.30,0.018018,111,111.00,23,139,2010,12,2010-12-08 14:46:00.000,2011-03-28 11:51:00.000
13091,Lost Customers,5,19,1,345.82,4,1,2,7,345.82,1.000000,1,NULL,21,466,2011,11,2011-11-11 15:54:00.000,2011-11-11 15:54:00.000
17123,Lost Customers,5,152,1,345.3,2,2,2,6,345.30,1.000000,1,NULL,9,246,2011,7,2011-07-01 10:47:00.000,2011-07-01 10:47:00.000
13774,Lost Customers,5,72,1,345,2,1,2,5,345.00,1.000000,1,NULL,22,192,2011,9,2011-09-19 12:06:00.000,2011-09-19 12:06:00.000
14633,Lost Customers,5,257,1,344.9,1,1,2,4,344.90,1.000000,1,NULL,20,96,2011,3,2011-03-18 17:07:00.000,2011-03-18 17:07:00.000
16978,Lost Customers,5,68,1,344.33,3,2,2,7,344.33,1.000000,1,NULL,39,166,2011,9,2011-09-23 12:50:00.000,2011-09-23 12:50:00.000
17569,Lost Customers,5,323,1,344.14,1,1,2,4,344.14,1.000000,1,NULL,29,159,2011,1,2011-01-11 14:15:00.000,2011-01-11 14:15:00.000
15047,Lost Customers,5,260,1,343.62,1,1,2,4,343.62,1.000000,1,NULL,22,222,2011,3,2011-03-15 10:49:00.000,2011-03-15 10:49:00.000
12715,Lost Customers,5,97,1,343.36,2,2,2,6,343.36,1.000000,1,NULL,20,192,2011,8,2011-08-25 15:22:00.000,2011-08-25 15:22:00.000
17495,Lost Customers,5,29,1,342.59,4,1,2,7,342.59,1.000000,1,NULL,20,150,2011,11,2011-11-01 12:06:00.000,2011-11-01 12:06:00.000
16826,Lost Customers,5,42,1,341.7,3,1,2,6,341.70,1.000000,1,NULL,22,158,2011,10,2011-10-19 14:05:00.000,2011-10-19 14:05:00.000
13347,Lost Customers,5,61,1,341.36,3,2,2,7,341.36,1.000000,1,NULL,8,205,2011,9,2011-09-30 13:28:00.000,2011-09-30 13:28:00.000
17503,Lost Customers,5,29,1,340.43,4,1,2,7,340.43,1.000000,1,NULL,23,213,2011,11,2011-11-01 11:12:00.000,2011-11-01 11:12:00.000
13737,Lost Customers,5,191,1,339.6,1,2,2,5,339.60,1.000000,1,NULL,29,125,2011,5,2011-05-23 16:32:00.000,2011-05-23 16:32:00.000
16545,Lost Customers,5,155,1,339.3,2,2,2,6,339.30,1.000000,1,NULL,3,78,2011,6,2011-06-28 10:37:00.000,2011-06-28 10:37:00.000
17697,Lost Customers,5,227,1,338.95,1,1,2,4,338.95,1.000000,1,NULL,19,93,2011,4,2011-04-17 15:40:00.000,2011-04-17 15:40:00.000
16183,Lost Customers,5,58,1,338.71,3,2,2,7,338.71,1.000000,1,NULL,15,113,2011,10,2011-10-03 14:59:00.000,2011-10-03 14:59:00.000
15652,Lost Customers,5,82,1,337.74,2,2,2,6,337.74,1.000000,1,NULL,21,208,2011,9,2011-09-09 14:22:00.000,2011-09-09 14:22:00.000
15942,Lost Customers,5,124,1,337.44,2,2,2,6,337.44,1.000000,1,NULL,14,232,2011,7,2011-07-29 09:01:00.000,2011-07-29 09:01:00.000
13930,Lost Customers,5,48,2,337.34,3,3,2,8,168.67,0.025000,80,80.00,15,274,2011,7,2011-07-26 11:00:00.000,2011-10-13 09:45:00.000
15900,Lost Customers,5,14,1,337.28,4,1,2,7,337.28,1.000000,1,NULL,44,216,2011,11,2011-11-16 12:19:00.000,2011-11-16 12:19:00.000
17973,Lost Customers,5,42,1,337.04,3,1,2,6,337.04,1.000000,1,NULL,15,176,2011,10,2011-10-19 10:34:00.000,2011-10-19 10:34:00.000
16105,Lost Customers,5,239,1,336.96,1,1,2,4,336.96,1.000000,1,NULL,13,330,2011,4,2011-04-05 10:13:00.000,2011-04-05 10:13:00.000
18276,Lost Customers,5,34,1,335.86,3,1,2,6,335.86,1.000000,1,NULL,14,186,2011,10,2011-10-27 10:54:00.000,2011-10-27 10:54:00.000
14196,Lost Customers,5,97,1,335.52,2,2,2,6,335.52,1.000000,1,NULL,6,142,2011,8,2011-08-25 10:25:00.000,2011-08-25 10:25:00.000
16063,Lost Customers,5,251,1,335.32,1,1,2,4,335.32,1.000000,1,NULL,23,262,2011,3,2011-03-24 14:55:00.000,2011-03-24 14:56:00.000
17917,Lost Customers,5,36,3,335.03,3,4,2,9,111.68,0.009434,318,159.00,77,184,2010,12,2010-12-12 12:08:00.000,2011-10-25 13:20:00.000
12489,Lost Customers,5,327,1,334.93,1,1,2,4,334.93,1.000000,1,NULL,15,105,2011,1,2011-01-07 13:13:00.000,2011-01-07 13:13:00.000
14988,Lost Customers,5,202,1,334.54,1,2,2,5,334.54,1.000000,1,NULL,40,141,2011,5,2011-05-12 12:05:00.000,2011-05-12 12:05:00.000
15466,Lost Customers,5,76,1,334.53,2,1,2,5,334.53,1.000000,1,NULL,56,246,2011,9,2011-09-15 14:08:00.000,2011-09-15 14:08:00.000
12350,Lost Customers,5,301,1,334.4,1,1,2,4,334.40,1.000000,1,NULL,17,197,2011,2,2011-02-02 16:01:00.000,2011-02-02 16:01:00.000
15918,Lost Customers,5,181,2,334.23,1,2,2,5,167.11,0.024390,82,82.00,33,153,2011,3,2011-03-13 15:55:00.000,2011-06-02 11:42:00.000
13216,Lost Customers,5,258,1,333.74,1,1,2,4,333.74,1.000000,1,NULL,5,297,2011,3,2011-03-17 12:18:00.000,2011-03-17 12:18:00.000
16625,Lost Customers,5,265,1,333.08,1,1,2,4,333.08,1.000000,1,NULL,23,164,2011,3,2011-03-10 12:50:00.000,2011-03-10 12:50:00.000
16274,Lost Customers,5,364,1,332.8,1,1,2,4,332.80,1.000000,1,NULL,64,152,2010,12,2010-12-01 15:35:00.000,2010-12-01 15:35:00.000
14902,Lost Customers,5,16,1,332.66,4,1,2,7,332.66,1.000000,1,NULL,20,218,2011,11,2011-11-14 10:34:00.000,2011-11-14 10:34:00.000
16850,Lost Customers,5,324,1,332.41,1,1,2,4,332.41,1.000000,1,NULL,19,249,2011,1,2011-01-10 11:09:00.000,2011-01-10 11:09:00.000
16803,Lost Customers,5,56,1,332.3,3,2,2,7,332.30,1.000000,1,NULL,24,245,2011,10,2011-10-05 14:28:00.000,2011-10-05 14:28:00.000
16177,Lost Customers,5,41,1,331.95,3,1,2,6,331.95,1.000000,1,NULL,15,95,2011,10,2011-10-20 12:57:00.000,2011-10-20 12:57:00.000
16030,Lost Customers,5,300,1,331.24,1,1,2,4,331.24,1.000000,1,NULL,28,283,2011,2,2011-02-03 11:28:00.000,2011-02-03 11:28:00.000
15210,Lost Customers,5,216,1,331.18,1,1,2,4,331.18,1.000000,1,NULL,20,228,2011,4,2011-04-28 16:11:00.000,2011-04-28 16:11:00.000
17862,Lost Customers,5,314,1,330.9,1,1,2,4,330.90,1.000000,1,NULL,11,100,2011,1,2011-01-20 12:23:00.000,2011-01-20 12:23:00.000
12519,Lost Customers,5,54,1,330.84,3,1,2,6,330.84,1.000000,1,NULL,17,175,2011,10,2011-10-07 09:26:00.000,2011-10-07 09:26:00.000
13706,Lost Customers,5,293,1,330.79,1,2,2,5,330.79,1.000000,1,NULL,20,189,2011,2,2011-02-10 09:21:00.000,2011-02-10 09:21:00.000
15130,Lost Customers,5,160,1,330.11,2,2,2,6,330.11,1.000000,1,NULL,22,197,2011,6,2011-06-23 10:15:00.000,2011-06-23 10:15:00.000
16593,Lost Customers,5,41,3,330.03,3,4,2,9,110.01,0.010791,278,139.00,24,116,2011,1,2011-01-16 12:11:00.000,2011-10-20 12:41:00.000
17866,Lost Customers,5,133,1,329.65,2,2,2,6,329.65,1.000000,1,NULL,9,174,2011,7,2011-07-20 11:07:00.000,2011-07-20 11:07:00.000
13239,Lost Customers,5,252,1,329.56,1,1,2,4,329.56,1.000000,1,NULL,21,327,2011,3,2011-03-23 10:25:00.000,2011-03-23 10:25:00.000
17154,Lost Customers,5,66,1,329.34,3,2,2,7,329.34,1.000000,1,NULL,23,490,2011,9,2011-09-25 13:42:00.000,2011-09-25 13:42:00.000
15153,Lost Customers,5,22,1,329.25,4,1,2,7,329.25,1.000000,1,NULL,22,198,2011,11,2011-11-08 17:09:00.000,2011-11-08 17:09:00.000
15880,Lost Customers,5,360,1,329.03,1,1,2,4,329.03,1.000000,1,NULL,95,202,2010,12,2010-12-05 13:00:00.000,2010-12-05 13:00:00.000
14012,Lost Customers,5,268,1,328.8,1,1,2,4,328.80,1.000000,1,NULL,11,160,2011,3,2011-03-07 12:26:00.000,2011-03-07 12:26:00.000
17222,Lost Customers,5,56,1,328.65,3,2,2,7,328.65,1.000000,1,NULL,27,122,2011,10,2011-10-05 13:58:00.000,2011-10-05 13:58:00.000
15213,Lost Customers,5,309,2,328.35,1,2,2,5,164.17,0.166667,12,12.00,22,272,2011,1,2011-01-14 11:05:00.000,2011-01-25 12:21:00.000
14747,Lost Customers,5,240,1,328.2,1,2,2,5,328.20,1.000000,1,NULL,18,84,2011,4,2011-04-04 14:09:00.000,2011-04-04 14:09:00.000
14206,Lost Customers,5,230,1,328.16,1,1,2,4,328.16,1.000000,1,NULL,20,276,2011,4,2011-04-14 16:38:00.000,2011-04-14 16:38:00.000
16318,Lost Customers,5,26,1,328.15,4,1,2,7,328.15,1.000000,1,NULL,19,199,2011,11,2011-11-04 13:05:00.000,2011-11-04 13:05:00.000
15314,Lost Customers,5,190,1,327.97,1,2,2,5,327.97,1.000000,1,NULL,24,313,2011,5,2011-05-24 14:39:00.000,2011-05-24 14:39:00.000
15579,Lost Customers,5,59,2,327.6,3,3,2,8,163.80,0.008130,246,246.00,45,117,2011,1,2011-01-30 12:09:00.000,2011-10-02 12:45:00.000
14870,Lost Customers,5,252,1,327.25,1,1,2,4,327.25,1.000000,1,NULL,13,119,2011,3,2011-03-23 10:51:00.000,2011-03-23 10:51:00.000
17715,Lost Customers,5,191,1,326.4,1,2,2,5,326.40,1.000000,1,NULL,1,384,2011,5,2011-05-23 12:32:00.000,2011-05-23 12:32:00.000
16071,Lost Customers,5,35,1,326.24,3,1,2,6,326.24,1.000000,1,NULL,21,180,2011,10,2011-10-26 11:14:00.000,2011-10-26 11:14:00.000
15363,Lost Customers,5,363,1,326,1,1,2,4,326.00,1.000000,1,NULL,16,144,2010,12,2010-12-02 12:28:00.000,2010-12-02 12:28:00.000
16830,Lost Customers,5,29,1,325.91,4,1,2,7,325.91,1.000000,1,NULL,23,264,2011,11,2011-11-01 11:35:00.000,2011-11-01 11:35:00.000
14850,Lost Customers,5,302,1,325.75,1,1,2,4,325.75,1.000000,1,NULL,21,293,2011,2,2011-02-01 11:21:00.000,2011-02-01 11:21:00.000
15944,Lost Customers,5,267,1,325.1,1,1,2,4,325.10,1.000000,1,NULL,6,50,2011,3,2011-03-08 10:33:00.000,2011-03-08 10:33:00.000
12790,Lost Customers,5,183,1,324.92,1,2,2,5,324.92,1.000000,1,NULL,21,166,2011,5,2011-05-31 14:14:00.000,2011-05-31 14:14:00.000
13801,Lost Customers,5,57,1,324.8,3,2,2,7,324.80,1.000000,1,NULL,23,168,2011,10,2011-10-04 10:15:00.000,2011-10-04 10:15:00.000
15597,Lost Customers,5,26,1,324.57,4,1,2,7,324.57,1.000000,1,NULL,22,279,2011,11,2011-11-04 13:26:00.000,2011-11-04 13:26:00.000
18261,Lost Customers,5,34,2,324.24,3,3,2,8,162.12,0.037736,53,53.00,19,146,2011,9,2011-09-05 09:34:00.000,2011-10-27 15:36:00.000
16685,Lost Customers,5,52,2,324.24,3,3,2,8,162.12,2.000000,1,1.00,60,396,2011,10,2011-10-09 13:44:00.000,2011-10-09 13:58:00.000
15921,Lost Customers,5,163,1,323.03,2,2,2,6,323.03,1.000000,1,NULL,24,162,2011,6,2011-06-20 11:03:00.000,2011-06-20 11:03:00.000
16739,Lost Customers,5,167,1,323,2,2,2,6,323.00,1.000000,1,NULL,13,172,2011,6,2011-06-16 09:17:00.000,2011-06-16 09:17:00.000
16627,Lost Customers,5,70,1,322.8,2,1,2,5,322.80,1.000000,1,NULL,20,162,2011,9,2011-09-21 14:38:00.000,2011-09-21 14:38:00.000
16342,Lost Customers,5,66,4,322.41,3,4,2,9,80.60,0.038095,105,35.00,10,157,2011,6,2011-06-13 10:10:00.000,2011-09-25 14:36:00.000
15224,Lost Customers,5,349,2,322.08,1,2,2,5,161.04,0.400000,5,5.00,13,152,2010,12,2010-12-12 12:34:00.000,2010-12-16 15:02:00.000
14484,Lost Customers,5,41,1,321.92,3,1,2,6,321.92,1.000000,1,NULL,14,210,2011,10,2011-10-20 14:11:00.000,2011-10-20 14:11:00.000
17976,Lost Customers,5,363,1,321.79,1,1,2,4,321.79,1.000000,1,NULL,56,93,2010,12,2010-12-02 13:49:00.000,2010-12-02 13:49:00.000
15236,Lost Customers,5,289,1,321.05,1,2,2,5,321.05,1.000000,1,NULL,15,269,2011,2,2011-02-14 10:52:00.000,2011-02-14 10:52:00.000
16096,Lost Customers,5,255,1,320.62,1,1,2,4,320.62,1.000000,1,NULL,12,155,2011,3,2011-03-20 13:38:00.000,2011-03-20 13:38:00.000
14622,Lost Customers,5,175,1,320.58,2,2,2,6,320.58,1.000000,1,NULL,21,146,2011,6,2011-06-08 12:42:00.000,2011-06-08 12:42:00.000
16967,Lost Customers,5,180,1,319.02,1,2,2,5,319.02,1.000000,1,NULL,21,333,2011,6,2011-06-03 14:24:00.000,2011-06-03 14:24:00.000
17248,Lost Customers,5,111,1,318.65,2,2,2,6,318.65,1.000000,1,NULL,68,213,2011,8,2011-08-11 13:34:00.000,2011-08-11 13:34:00.000
17839,Lost Customers,5,33,1,318.15,3,1,2,6,318.15,1.000000,1,NULL,50,257,2011,10,2011-10-28 17:27:00.000,2011-10-28 17:27:00.000
12648,Lost Customers,5,145,1,318.05,2,2,2,6,318.05,1.000000,1,NULL,21,160,2011,7,2011-07-08 11:55:00.000,2011-07-08 11:55:00.000
18066,Lost Customers,5,66,1,318,3,2,2,7,318.00,1.000000,1,NULL,10,108,2011,9,2011-09-25 15:30:00.000,2011-09-25 15:30:00.000
15156,Lost Customers,5,24,1,317.8,4,1,2,7,317.80,1.000000,1,NULL,20,268,2011,11,2011-11-06 12:41:00.000,2011-11-06 12:41:00.000
17172,Lost Customers,5,69,1,317.76,2,1,2,5,317.76,1.000000,1,NULL,15,480,2011,9,2011-09-22 09:36:00.000,2011-09-22 09:36:00.000
15257,Lost Customers,5,274,1,317.15,1,1,2,4,317.15,1.000000,1,NULL,7,46,2011,3,2011-03-01 12:58:00.000,2011-03-01 12:58:00.000
15385,Lost Customers,5,31,1,316.88,4,1,2,7,316.88,1.000000,1,NULL,12,161,2011,10,2011-10-30 15:11:00.000,2011-10-30 15:11:00.000
15243,Lost Customers,5,65,1,316.68,3,2,2,7,316.68,1.000000,1,NULL,22,185,2011,9,2011-09-26 14:12:00.000,2011-09-26 14:12:00.000
16761,Lost Customers,5,87,1,316.62,2,2,2,6,316.62,1.000000,1,NULL,13,341,2011,9,2011-09-04 11:15:00.000,2011-09-04 11:15:00.000
15204,Lost Customers,5,348,1,316.58,1,1,2,4,316.58,1.000000,1,NULL,9,258,2010,12,2010-12-17 13:49:00.000,2010-12-17 13:49:00.000
13494,Lost Customers,5,302,1,316.26,1,1,2,4,316.26,1.000000,1,NULL,18,162,2011,2,2011-02-01 11:58:00.000,2011-02-01 11:58:00.000
18117,Lost Customers,5,16,1,315.65,4,1,2,7,315.65,1.000000,1,NULL,68,605,2011,11,2011-11-14 12:47:00.000,2011-11-14 12:47:00.000
12614,Lost Customers,5,268,1,315.6,1,1,2,4,315.60,1.000000,1,NULL,20,76,2011,3,2011-03-07 10:22:00.000,2011-03-07 10:22:00.000
15766,Lost Customers,5,55,1,315.06,3,2,2,7,315.06,1.000000,1,NULL,11,170,2011,10,2011-10-06 17:03:00.000,2011-10-06 17:03:00.000
16193,Lost Customers,5,227,1,314.45,1,1,2,4,314.45,1.000000,1,NULL,19,219,2011,4,2011-04-17 11:45:00.000,2011-04-17 11:45:00.000
16227,Lost Customers,5,216,1,314.22,1,1,2,4,314.22,1.000000,1,NULL,6,90,2011,4,2011-04-28 13:33:00.000,2011-04-28 13:33:00.000
15970,Lost Customers,5,294,1,314.1,1,2,2,5,314.10,1.000000,1,NULL,11,116,2011,2,2011-02-09 12:08:00.000,2011-02-09 12:08:00.000
13484,Lost Customers,5,232,1,313.8,1,1,2,4,313.80,1.000000,1,NULL,8,44,2011,4,2011-04-12 16:30:00.000,2011-04-12 16:30:00.000
16582,Lost Customers,5,104,1,313.62,2,2,2,6,313.62,1.000000,1,NULL,6,164,2011,8,2011-08-18 17:02:00.000,2011-08-18 17:02:00.000
14729,Lost Customers,5,364,1,313.49,1,1,2,4,313.49,1.000000,1,NULL,69,197,2010,12,2010-12-01 12:43:00.000,2010-12-01 12:43:00.000
13845,Lost Customers,5,55,1,312.98,3,2,2,7,312.98,1.000000,1,NULL,9,182,2011,10,2011-10-06 08:25:00.000,2011-10-06 08:25:00.000
14555,Lost Customers,5,48,2,312.54,3,3,2,8,156.27,0.008130,246,246.00,18,122,2011,2,2011-02-10 17:19:00.000,2011-10-13 16:24:00.000
12834,Lost Customers,5,273,1,312.38,1,1,2,4,312.38,1.000000,1,NULL,18,110,2011,3,2011-03-02 09:49:00.000,2011-03-02 09:49:00.000
13642,Lost Customers,5,206,1,312.28,1,1,2,4,312.28,1.000000,1,NULL,57,151,2011,5,2011-05-08 12:34:00.000,2011-05-08 12:34:00.000
12785,Lost Customers,5,355,1,311.95,1,1,2,4,311.95,1.000000,1,NULL,14,131,2010,12,2010-12-10 13:48:00.000,2010-12-10 13:48:00.000
16450,Lost Customers,5,140,1,311.92,2,2,2,6,311.92,1.000000,1,NULL,11,200,2011,7,2011-07-13 11:47:00.000,2011-07-13 11:47:00.000
14142,Lost Customers,5,364,1,311.81,1,1,2,4,311.81,1.000000,1,NULL,22,313,2010,12,2010-12-01 16:33:00.000,2010-12-01 16:33:00.000
15326,Lost Customers,5,324,1,311.71,1,1,2,4,311.71,1.000000,1,NULL,29,386,2011,1,2011-01-10 11:38:00.000,2011-01-10 11:38:00.000
14951,Lost Customers,5,70,1,311.69,2,1,2,5,311.69,1.000000,1,NULL,20,311,2011,9,2011-09-21 15:15:00.000,2011-09-21 15:15:00.000
14327,Lost Customers,5,154,1,311.65,2,2,2,6,311.65,1.000000,1,NULL,12,139,2011,6,2011-06-29 13:58:00.000,2011-06-29 13:58:00.000
12852,Lost Customers,5,285,1,311.55,1,1,2,4,311.55,1.000000,1,NULL,17,149,2011,2,2011-02-18 08:47:00.000,2011-02-18 08:47:00.000
13990,Lost Customers,5,204,1,311.3,1,1,2,4,311.30,1.000000,1,NULL,16,190,2011,5,2011-05-10 15:19:00.000,2011-05-10 15:19:00.000
16781,Lost Customers,5,363,1,311.25,1,1,2,4,311.25,1.000000,1,NULL,17,113,2010,12,2010-12-02 14:26:00.000,2010-12-02 14:26:00.000
13897,Lost Customers,5,41,1,311.16,3,1,2,6,311.16,1.000000,1,NULL,17,200,2011,10,2011-10-20 14:30:00.000,2011-10-20 14:30:00.000
15185,Lost Customers,5,61,1,310.62,3,2,2,7,310.62,1.000000,1,NULL,21,666,2011,9,2011-09-30 14:06:00.000,2011-09-30 14:06:00.000
15308,Lost Customers,5,265,1,310.47,1,1,2,4,310.47,1.000000,1,NULL,19,175,2011,3,2011-03-10 13:08:00.000,2011-03-10 13:08:00.000
14311,Lost Customers,5,233,1,310.26,1,1,2,4,310.26,1.000000,1,NULL,20,146,2011,4,2011-04-11 10:14:00.000,2011-04-11 10:14:00.000
14924,Lost Customers,5,236,1,310.05,1,1,2,4,310.05,1.000000,1,NULL,10,64,2011,4,2011-04-08 09:25:00.000,2011-04-08 09:25:00.000
15661,Lost Customers,5,308,2,309.8,1,2,2,5,154.90,0.090909,22,22.00,4,236,2011,1,2011-01-05 12:32:00.000,2011-01-26 13:56:00.000
16810,Lost Customers,5,183,1,309.54,1,2,2,5,309.54,1.000000,1,NULL,15,114,2011,5,2011-05-31 15:32:00.000,2011-05-31 15:32:00.000
14339,Lost Customers,5,233,1,309.52,1,1,2,4,309.52,1.000000,1,NULL,14,168,2011,4,2011-04-11 11:06:00.000,2011-04-11 11:06:00.000
16119,Lost Customers,5,63,1,309.48,3,2,2,7,309.48,1.000000,1,NULL,11,172,2011,9,2011-09-28 10:15:00.000,2011-09-28 10:15:00.000
14847,Lost Customers,5,139,1,309.4,2,2,2,6,309.40,1.000000,1,NULL,13,120,2011,7,2011-07-14 10:52:00.000,2011-07-14 10:52:00.000
12884,Lost Customers,5,79,1,309.05,2,2,2,6,309.05,1.000000,1,NULL,7,43,2011,9,2011-09-12 13:10:00.000,2011-09-12 13:10:00.000
13787,Lost Customers,5,66,2,309.04,3,3,2,8,154.52,0.006897,290,290.00,24,337,2010,12,2010-12-10 14:45:00.000,2011-09-25 12:06:00.000
15010,Lost Customers,5,26,1,308.94,4,1,2,7,308.94,1.000000,1,NULL,20,184,2011,11,2011-11-04 12:42:00.000,2011-11-04 12:42:00.000
13699,Lost Customers,5,146,1,308.58,2,2,2,6,308.58,1.000000,1,NULL,14,66,2011,7,2011-07-07 16:51:00.000,2011-07-07 16:51:00.000
13369,Lost Customers,5,356,1,308.28,1,1,2,4,308.28,1.000000,1,NULL,14,149,2010,12,2010-12-09 11:30:00.000,2010-12-09 11:30:00.000
13466,Lost Customers,5,175,1,307.9,2,2,2,6,307.90,1.000000,1,NULL,17,259,2011,6,2011-06-08 16:39:00.000,2011-06-08 16:39:00.000
15973,Lost Customers,5,357,1,307.82,1,1,2,4,307.82,1.000000,1,NULL,4,106,2010,12,2010-12-08 11:42:00.000,2010-12-08 11:42:00.000
16123,Lost Customers,5,42,1,307.78,3,1,2,6,307.78,1.000000,1,NULL,16,170,2011,10,2011-10-19 09:18:00.000,2011-10-19 09:18:00.000
13529,Lost Customers,5,69,2,307.76,2,2,2,6,153.88,0.015748,127,127.00,15,74,2011,5,2011-05-19 11:50:00.000,2011-09-22 09:15:00.000
16642,Lost Customers,5,198,1,307.73,1,2,2,5,307.73,1.000000,1,NULL,15,131,2011,5,2011-05-16 12:35:00.000,2011-05-16 12:35:00.000
13395,Lost Customers,5,176,1,307.72,2,2,2,6,307.72,1.000000,1,NULL,21,336,2011,6,2011-06-07 15:04:00.000,2011-06-07 15:04:00.000
13060,Lost Customers,5,244,1,307.53,1,1,2,4,307.53,1.000000,1,NULL,15,123,2011,3,2011-03-31 11:37:00.000,2011-03-31 11:37:00.000
14716,Lost Customers,5,34,2,307.51,3,3,2,8,153.76,0.018868,106,106.00,46,495,2011,7,2011-07-14 12:42:00.000,2011-10-27 17:29:00.000
17120,Lost Customers,5,224,1,307.46,1,1,2,4,307.46,1.000000,1,NULL,18,120,2011,4,2011-04-20 15:21:00.000,2011-04-20 15:21:00.000
13932,Lost Customers,5,285,1,307.4,1,2,2,5,307.40,1.000000,1,NULL,16,72,2011,2,2011-02-18 12:02:00.000,2011-02-18 12:02:00.000
17334,Lost Customers,5,293,2,307.02,1,2,2,5,153.51,0.285714,7,7.00,11,315,2011,2,2011-02-04 09:03:00.000,2011-02-10 14:59:00.000
15087,Lost Customers,5,272,1,306.94,1,1,2,4,306.94,1.000000,1,NULL,15,470,2011,3,2011-03-03 10:34:00.000,2011-03-03 10:34:00.000
13762,Lost Customers,5,209,1,306.72,1,1,2,4,306.72,1.000000,1,NULL,7,272,2011,5,2011-05-05 09:15:00.000,2011-05-05 09:15:00.000
15659,Lost Customers,5,34,1,306.45,3,1,2,6,306.45,1.000000,1,NULL,11,111,2011,10,2011-10-27 09:23:00.000,2011-10-27 09:23:00.000
17176,Lost Customers,5,192,1,306.13,1,2,2,5,306.13,1.000000,1,NULL,15,170,2011,5,2011-05-22 12:41:00.000,2011-05-22 12:41:00.000
13863,Lost Customers,5,238,1,305.78,1,1,2,4,305.78,1.000000,1,NULL,20,224,2011,4,2011-04-06 10:20:00.000,2011-04-06 10:20:00.000
15219,Lost Customers,5,167,1,305.75,2,2,2,6,305.75,1.000000,1,NULL,9,45,2011,6,2011-06-16 16:57:00.000,2011-06-16 16:57:00.000
16796,Lost Customers,5,80,1,305.62,2,2,2,6,305.62,1.000000,1,NULL,18,186,2011,9,2011-09-11 14:01:00.000,2011-09-11 14:01:00.000
16181,Lost Customers,5,64,1,305.54,3,2,2,7,305.54,1.000000,1,NULL,11,152,2011,9,2011-09-27 13:38:00.000,2011-09-27 13:38:00.000
18220,Lost Customers,5,217,1,305.28,1,2,2,5,305.28,1.000000,1,NULL,2,288,2011,4,2011-04-27 09:03:00.000,2011-04-27 09:03:00.000
13045,Lost Customers,5,90,1,305.28,2,2,2,6,305.28,1.000000,1,NULL,18,221,2011,9,2011-09-01 15:04:00.000,2011-09-01 15:04:00.000
12623,Lost Customers,5,267,1,305.1,1,1,2,4,305.10,1.000000,1,NULL,18,191,2011,3,2011-03-08 13:50:00.000,2011-03-08 13:50:00.000
17941,Lost Customers,5,121,1,304.56,2,2,2,6,304.56,1.000000,1,NULL,2,252,2011,8,2011-08-01 08:30:00.000,2011-08-01 08:30:00.000
18185,Lost Customers,5,240,1,304.25,1,2,2,5,304.25,1.000000,1,NULL,17,183,2011,4,2011-04-04 13:42:00.000,2011-04-04 13:42:00.000
16674,Lost Customers,5,45,2,304.24,3,3,2,8,152.12,0.044444,45,45.00,89,181,2011,9,2011-09-02 13:59:00.000,2011-10-16 11:31:00.000
17070,Lost Customers,5,105,1,304.24,2,2,2,6,304.24,1.000000,1,NULL,62,131,2011,8,2011-08-17 17:01:00.000,2011-08-17 17:01:00.000
17732,Lost Customers,5,363,1,303.97,1,1,2,4,303.97,1.000000,1,NULL,18,93,2010,12,2010-12-02 09:29:00.000,2010-12-02 09:29:00.000
16400,Lost Customers,5,85,1,303.93,2,2,2,6,303.93,1.000000,1,NULL,28,172,2011,9,2011-09-06 12:27:00.000,2011-09-06 12:27:00.000
13040,Lost Customers,5,24,1,303.25,4,1,2,7,303.25,1.000000,1,NULL,21,167,2011,11,2011-11-06 13:53:00.000,2011-11-06 13:53:00.000
17433,Lost Customers,5,79,1,303.16,2,2,2,6,303.16,1.000000,1,NULL,53,185,2011,9,2011-09-12 14:24:00.000,2011-09-12 14:24:00.000
13318,Lost Customers,5,28,1,302.96,4,1,2,7,302.96,1.000000,1,NULL,13,176,2011,11,2011-11-02 13:26:00.000,2011-11-02 13:26:00.000
16425,Lost Customers,5,293,1,302.7,1,2,2,5,302.70,1.000000,1,NULL,21,199,2011,2,2011-02-10 14:30:00.000,2011-02-10 14:30:00.000
14248,Lost Customers,5,309,1,302.58,1,1,2,4,302.58,1.000000,1,NULL,8,102,2011,1,2011-01-25 14:45:00.000,2011-01-25 14:45:00.000
16368,Lost Customers,5,19,1,302.48,4,1,2,7,302.48,1.000000,1,NULL,26,124,2011,11,2011-11-11 15:08:00.000,2011-11-11 15:08:00.000
18165,Lost Customers,5,168,1,302.46,2,2,2,6,302.46,1.000000,1,NULL,10,254,2011,6,2011-06-15 13:23:00.000,2011-06-15 13:23:00.000
16292,Lost Customers,5,112,1,302.25,2,2,2,6,302.25,1.000000,1,NULL,17,191,2011,8,2011-08-10 12:24:00.000,2011-08-10 12:24:00.000
17506,Lost Customers,5,66,1,302.2,3,2,2,7,302.20,1.000000,1,NULL,14,139,2011,9,2011-09-25 11:39:00.000,2011-09-25 11:39:00.000
17094,Lost Customers,5,313,1,302,1,1,2,4,302.00,1.000000,1,NULL,14,152,2011,1,2011-01-21 13:09:00.000,2011-01-21 13:09:00.000
16297,Lost Customers,5,259,1,301.9,1,1,2,4,301.90,1.000000,1,NULL,20,206,2011,3,2011-03-16 08:29:00.000,2011-03-16 08:29:00.000
16715,Lost Customers,5,69,1,301.72,2,2,2,6,301.72,1.000000,1,NULL,19,642,2011,9,2011-09-22 18:15:00.000,2011-09-22 18:15:00.000
15667,Lost Customers,5,30,1,301.32,4,1,2,7,301.32,1.000000,1,NULL,13,240,2011,10,2011-10-31 10:56:00.000,2011-10-31 10:56:00.000
15623,Lost Customers,5,132,1,301.03,2,2,2,6,301.03,1.000000,1,NULL,19,125,2011,7,2011-07-21 17:26:00.000,2011-07-21 17:26:00.000
17978,Lost Customers,5,356,1,300.92,1,1,2,4,300.92,1.000000,1,NULL,12,499,2010,12,2010-12-09 14:05:00.000,2010-12-09 14:05:00.000
16430,Lost Customers,5,48,1,300.85,3,1,2,6,300.85,1.000000,1,NULL,6,103,2011,10,2011-10-13 14:47:00.000,2011-10-13 14:47:00.000
14762,Lost Customers,5,254,1,300.52,1,1,2,4,300.52,1.000000,1,NULL,21,341,2011,3,2011-03-21 08:20:00.000,2011-03-21 08:20:00.000
13304,Lost Customers,5,342,1,300.42,1,1,2,4,300.42,1.000000,1,NULL,21,238,2010,12,2010-12-23 14:35:00.000,2010-12-23 14:35:00.000
15254,Lost Customers,5,118,1,300.36,2,2,2,6,300.36,1.000000,1,NULL,18,275,2011,8,2011-08-04 15:04:00.000,2011-08-04 15:04:00.000
17793,Lost Customers,5,16,1,300.34,4,1,2,7,300.34,1.000000,1,NULL,49,226,2011,11,2011-11-14 14:24:00.000,2011-11-14 14:24:00.000
13745,Lost Customers,5,153,1,300.04,2,2,2,6,300.04,1.000000,1,NULL,25,496,2011,6,2011-06-30 16:43:00.000,2011-06-30 16:43:00.000
18053,Lost Customers,5,61,1,300.02,3,2,2,7,300.02,1.000000,1,NULL,20,302,2011,9,2011-09-30 09:05:00.000,2011-09-30 09:05:00.000
18215,Lost Customers,5,80,1,299.34,2,2,2,6,299.34,1.000000,1,NULL,13,118,2011,9,2011-09-11 16:05:00.000,2011-09-11 16:05:00.000
13667,Lost Customers,5,140,1,299.05,2,2,2,6,299.05,1.000000,1,NULL,82,149,2011,7,2011-07-13 15:42:00.000,2011-07-13 15:42:00.000
15609,Lost Customers,5,175,1,298.48,2,2,2,6,298.48,1.000000,1,NULL,16,148,2011,6,2011-06-08 13:00:00.000,2011-06-08 13:00:00.000
17824,Lost Customers,5,42,1,298.4,3,1,2,6,298.40,1.000000,1,NULL,13,408,2011,10,2011-10-19 14:14:00.000,2011-10-19 14:14:00.000
16104,Lost Customers,5,52,1,298.21,3,1,2,6,298.21,1.000000,1,NULL,28,122,2011,10,2011-10-09 10:23:00.000,2011-10-09 10:23:00.000
17678,Lost Customers,5,254,1,298.11,1,1,2,4,298.11,1.000000,1,NULL,16,207,2011,3,2011-03-21 11:52:00.000,2011-03-21 11:52:00.000
12881,Lost Customers,5,266,1,298,1,1,2,4,298.00,1.000000,1,NULL,7,21,2011,3,2011-03-09 11:44:00.000,2011-03-09 11:44:00.000
17531,Lost Customers,5,181,1,296.7,1,2,2,5,296.70,1.000000,1,NULL,14,136,2011,6,2011-06-02 19:17:00.000,2011-06-02 19:17:00.000
13441,Lost Customers,5,82,1,296.64,2,2,2,6,296.64,1.000000,1,NULL,13,204,2011,9,2011-09-09 09:38:00.000,2011-09-09 09:38:00.000
13751,Lost Customers,5,279,1,296.25,1,2,2,5,296.25,1.000000,1,NULL,9,152,2011,2,2011-02-24 15:56:00.000,2011-02-24 15:56:00.000
13504,Lost Customers,5,55,1,295.93,3,2,2,7,295.93,1.000000,1,NULL,22,178,2011,10,2011-10-06 13:20:00.000,2011-10-06 13:20:00.000
17124,Lost Customers,5,176,1,294.24,2,2,2,6,294.24,1.000000,1,NULL,31,129,2011,6,2011-06-07 14:02:00.000,2011-06-07 14:02:00.000
16402,Lost Customers,5,255,2,293.45,1,2,2,5,146.72,0.018868,106,106.00,55,146,2010,12,2010-12-05 13:42:00.000,2011-03-20 12:25:00.000
12829,Lost Customers,5,327,2,293,1,2,2,5,146.50,0.080000,25,25.00,9,376,2010,12,2010-12-14 14:54:00.000,2011-01-07 11:13:00.000
16721,Lost Customers,5,253,1,292.47,1,1,2,4,292.47,1.000000,1,NULL,37,172,2011,3,2011-03-22 16:08:00.000,2011-03-22 16:08:00.000
14985,Lost Customers,5,189,2,292.01,1,2,2,5,146.00,0.012422,161,161.00,78,256,2010,12,2010-12-16 19:51:00.000,2011-05-25 14:29:00.000
13449,Lost Customers,5,14,1,291.88,4,1,2,7,291.88,1.000000,1,NULL,19,222,2011,11,2011-11-16 08:28:00.000,2011-11-16 08:28:00.000
17255,Lost Customers,5,31,2,291.48,3,3,2,8,145.74,0.007692,260,260.00,69,227,2011,2,2011-02-13 15:18:00.000,2011-10-30 12:18:00.000
14947,Lost Customers,5,63,2,290.82,3,3,2,8,145.41,0.033898,59,59.00,14,179,2011,8,2011-08-01 09:31:00.000,2011-09-28 15:48:00.000
16648,Lost Customers,5,33,1,290.66,3,1,2,6,290.66,1.000000,1,NULL,19,281,2011,10,2011-10-28 08:58:00.000,2011-10-28 08:58:00.000
15279,Lost Customers,5,345,1,290.51,1,1,2,4,290.51,1.000000,1,NULL,19,189,2010,12,2010-12-20 10:48:00.000,2010-12-20 10:48:00.000
17691,Lost Customers,5,349,2,290.4,1,2,2,5,145.20,0.181818,11,11.00,18,134,2010,12,2010-12-06 11:10:00.000,2010-12-16 17:20:00.000
16526,Lost Customers,5,162,1,290.36,2,2,2,6,290.36,1.000000,1,NULL,15,106,2011,6,2011-06-21 12:02:00.000,2011-06-21 12:02:00.000
17551,Lost Customers,5,350,1,290.34,1,1,2,4,290.34,1.000000,1,NULL,39,142,2010,12,2010-12-15 14:12:00.000,2010-12-15 14:12:00.000
13573,Lost Customers,5,41,2,290.25,3,3,2,8,145.13,0.009804,204,204.00,24,302,2011,3,2011-03-31 14:47:00.000,2011-10-20 14:33:00.000
17464,Lost Customers,5,149,1,289.96,2,2,2,6,289.96,1.000000,1,NULL,9,220,2011,7,2011-07-04 13:19:00.000,2011-07-04 13:19:00.000
16897,Lost Customers,5,290,2,289.78,1,2,2,5,144.89,0.133333,15,15.00,37,73,2011,1,2011-01-30 11:52:00.000,2011-02-13 15:02:00.000
17201,Lost Customers,5,44,1,289.78,3,1,2,6,289.78,1.000000,1,NULL,38,231,2011,10,2011-10-17 11:55:00.000,2011-10-17 11:55:00.000
16125,Lost Customers,5,358,1,289.35,1,1,2,4,289.35,1.000000,1,NULL,13,124,2010,12,2010-12-07 15:48:00.000,2010-12-07 15:48:00.000
14549,Lost Customers,5,302,1,289.24,1,1,2,4,289.24,1.000000,1,NULL,56,136,2011,2,2011-02-01 13:47:00.000,2011-02-01 13:47:00.000
15545,Lost Customers,5,45,2,288.97,3,3,2,8,144.49,0.006289,318,318.00,78,162,2010,12,2010-12-03 17:28:00.000,2011-10-16 13:24:00.000
15396,Lost Customers,5,103,1,288.18,2,2,2,6,288.18,1.000000,1,NULL,14,122,2011,8,2011-08-19 10:56:00.000,2011-08-19 10:56:00.000
17977,Lost Customers,5,20,1,288.14,4,1,2,7,288.14,1.000000,1,NULL,19,342,2011,11,2011-11-10 13:28:00.000,2011-11-10 13:28:00.000
17830,Lost Customers,5,252,2,287.65,1,2,2,5,143.82,0.071429,28,28.00,15,65,2011,2,2011-02-24 10:15:00.000,2011-03-23 11:44:00.000
16432,Lost Customers,5,55,1,287.4,3,2,2,7,287.40,1.000000,1,NULL,8,276,2011,10,2011-10-06 13:59:00.000,2011-10-06 13:59:00.000
13760,Lost Customers,5,45,2,286.79,3,3,2,8,143.39,0.009852,203,203.00,50,197,2011,3,2011-03-28 12:52:00.000,2011-10-16 16:13:00.000
14953,Lost Customers,5,16,1,285.67,4,1,2,7,285.67,1.000000,1,NULL,54,224,2011,11,2011-11-14 14:59:00.000,2011-11-14 14:59:00.000
13708,Lost Customers,5,262,1,285.33,1,1,2,4,285.33,1.000000,1,NULL,49,301,2011,3,2011-03-13 13:46:00.000,2011-03-13 13:46:00.000
16429,Lost Customers,5,97,1,284.55,2,2,2,6,284.55,1.000000,1,NULL,2,9,2011,8,2011-08-25 13:54:00.000,2011-08-25 13:54:00.000
13121,Lost Customers,5,260,1,283.73,1,1,2,4,283.73,1.000000,1,NULL,50,252,2011,3,2011-03-15 16:47:00.000,2011-03-15 16:47:00.000
13439,Lost Customers,5,246,1,283.71,1,1,2,4,283.71,1.000000,1,NULL,54,242,2011,3,2011-03-29 14:20:00.000,2011-03-29 14:20:00.000
12719,Lost Customers,5,56,1,283.6,3,2,2,7,283.60,1.000000,1,NULL,18,162,2011,10,2011-10-05 14:50:00.000,2011-10-05 14:50:00.000
12703,Lost Customers,5,62,1,283.55,3,2,2,7,283.55,1.000000,1,NULL,21,164,2011,9,2011-09-29 17:52:00.000,2011-09-29 17:52:00.000
17783,Lost Customers,5,63,2,283.47,3,3,2,8,141.74,0.011364,176,176.00,67,354,2011,4,2011-04-06 10:07:00.000,2011-09-28 16:07:00.000
13259,Lost Customers,5,52,1,283.18,3,1,2,6,283.18,1.000000,1,NULL,77,126,2011,10,2011-10-09 10:48:00.000,2011-10-09 10:48:00.000
17694,Lost Customers,5,132,1,283.12,2,2,2,6,283.12,1.000000,1,NULL,15,184,2011,7,2011-07-21 12:00:00.000,2011-07-21 12:00:00.000
14350,Lost Customers,5,265,1,282.93,1,1,2,4,282.93,1.000000,1,NULL,18,183,2011,3,2011-03-10 14:14:00.000,2011-03-10 14:14:00.000
13177,Lost Customers,5,55,1,282.45,3,2,2,7,282.45,1.000000,1,NULL,17,91,2011,10,2011-10-06 09:56:00.000,2011-10-06 09:56:00.000
16848,Lost Customers,5,43,1,281.42,3,1,2,6,281.42,1.000000,1,NULL,14,182,2011,10,2011-10-18 08:42:00.000,2011-10-18 08:42:00.000
14975,Lost Customers,5,48,1,279.94,3,1,2,6,279.94,1.000000,1,NULL,11,380,2011,10,2011-10-13 14:08:00.000,2011-10-13 14:08:00.000
15556,Lost Customers,5,15,1,279.77,4,1,2,7,279.77,1.000000,1,NULL,31,236,2011,11,2011-11-15 16:08:00.000,2011-11-15 16:08:00.000
14764,Lost Customers,5,37,1,278.3,3,1,2,6,278.30,1.000000,1,NULL,6,190,2011,10,2011-10-24 11:54:00.000,2011-10-24 11:54:00.000
14908,Lost Customers,5,65,1,277.8,3,2,2,7,277.80,1.000000,1,NULL,9,132,2011,9,2011-09-26 12:56:00.000,2011-09-26 12:56:00.000
13803,Lost Customers,5,246,1,277.07,1,1,2,4,277.07,1.000000,1,NULL,17,121,2011,3,2011-03-29 12:57:00.000,2011-03-29 12:57:00.000
12750,Lost Customers,5,119,1,275.88,2,2,2,6,275.88,1.000000,1,NULL,15,137,2011,8,2011-08-03 09:13:00.000,2011-08-03 09:13:00.000
14512,Lost Customers,5,178,2,275.28,1,2,2,5,137.64,0.043478,46,46.00,19,122,2011,4,2011-04-21 19:05:00.000,2011-06-05 12:39:00.000
14023,Lost Customers,5,241,1,273.14,1,2,2,5,273.14,1.000000,1,NULL,16,162,2011,4,2011-04-03 15:50:00.000,2011-04-03 15:50:00.000
17498,Lost Customers,5,66,1,272.22,3,2,2,7,272.22,1.000000,1,NULL,17,394,2011,9,2011-09-25 12:25:00.000,2011-09-25 12:25:00.000
14819,Lost Customers,5,55,2,272.07,3,3,2,8,136.03,0.015504,129,129.00,13,109,2011,5,2011-05-31 13:50:00.000,2011-10-06 13:41:00.000
13917,Lost Customers,5,40,2,272.04,3,3,2,8,136.02,0.013986,143,143.00,16,228,2011,6,2011-06-01 12:46:00.000,2011-10-21 09:56:00.000
14816,Lost Customers,5,188,1,271.85,1,2,2,5,271.85,1.000000,1,NULL,4,5,2011,5,2011-05-26 13:16:00.000,2011-05-26 13:16:00.000
17496,Lost Customers,5,349,1,271.05,1,1,2,4,271.05,1.000000,1,NULL,10,79,2010,12,2010-12-16 08:39:00.000,2010-12-16 08:39:00.000
18108,Lost Customers,5,245,1,271,1,1,2,4,271.00,1.000000,1,NULL,17,84,2011,3,2011-03-30 13:56:00.000,2011-03-30 13:56:00.000
17011,Lost Customers,5,21,1,270.9,4,1,2,7,270.90,1.000000,1,NULL,15,186,2011,11,2011-11-09 13:30:00.000,2011-11-09 13:30:00.000
15774,Lost Customers,5,59,1,270.8,3,2,2,7,270.80,1.000000,1,NULL,25,87,2011,10,2011-10-02 12:04:00.000,2011-10-02 12:04:00.000
17251,Lost Customers,5,353,1,269.83,1,1,2,4,269.83,1.000000,1,NULL,37,108,2010,12,2010-12-12 11:06:00.000,2010-12-12 11:06:00.000
17817,Lost Customers,5,268,2,269.7,1,2,2,5,134.85,2.000000,1,1.00,12,26,2011,3,2011-03-07 17:30:00.000,2011-03-07 17:42:00.000
14727,Lost Customers,5,265,1,268.58,1,1,2,4,268.58,1.000000,1,NULL,10,62,2011,3,2011-03-10 14:45:00.000,2011-03-10 14:45:00.000
15408,Lost Customers,5,255,1,267.18,1,1,2,4,267.18,1.000000,1,NULL,34,106,2011,3,2011-03-20 15:02:00.000,2011-03-20 15:02:00.000
15320,Lost Customers,5,35,1,267.13,3,1,2,6,267.13,1.000000,1,NULL,36,326,2011,10,2011-10-26 13:27:00.000,2011-10-26 13:27:00.000
15517,Lost Customers,5,224,1,267.03,1,1,2,4,267.03,1.000000,1,NULL,27,293,2011,4,2011-04-20 14:02:00.000,2011-04-20 14:02:00.000
16451,Lost Customers,5,78,1,266.97,2,2,2,6,266.97,1.000000,1,NULL,14,120,2011,9,2011-09-13 09:17:00.000,2011-09-13 09:17:00.000
17786,Lost Customers,5,76,2,266.85,2,2,2,6,133.42,0.008584,233,233.00,57,195,2011,1,2011-01-26 14:35:00.000,2011-09-15 12:51:00.000
14863,Lost Customers,5,20,1,266.76,4,1,2,7,266.76,1.000000,1,NULL,11,132,2011,11,2011-11-10 15:04:00.000,2011-11-10 15:04:00.000
15119,Lost Customers,5,236,1,266.4,1,1,2,4,266.40,1.000000,1,NULL,14,88,2011,4,2011-04-08 09:08:00.000,2011-04-08 09:08:00.000
14068,Lost Customers,5,311,1,265.85,1,1,2,4,265.85,1.000000,1,NULL,22,73,2011,1,2011-01-23 16:02:00.000,2011-01-23 16:02:00.000
14423,Lost Customers,5,209,1,265.2,1,1,2,4,265.20,1.000000,1,NULL,3,120,2011,5,2011-05-05 15:12:00.000,2011-05-05 15:12:00.000
17968,Lost Customers,5,364,1,265.1,1,1,2,4,265.10,1.000000,1,NULL,74,151,2010,12,2010-12-01 12:23:00.000,2010-12-01 12:23:00.000
16561,Lost Customers,5,50,1,264.96,3,2,2,7,264.96,1.000000,1,NULL,16,158,2011,10,2011-10-11 09:53:00.000,2011-10-11 09:53:00.000
13973,Lost Customers,5,278,1,264.7,1,1,2,4,264.70,1.000000,1,NULL,11,109,2011,2,2011-02-25 15:21:00.000,2011-02-25 15:21:00.000
17403,Lost Customers,5,27,1,263.92,4,1,2,7,263.92,1.000000,1,NULL,32,111,2011,11,2011-11-03 15:18:00.000,2011-11-03 15:18:00.000
12492,Lost Customers,5,54,2,263.21,3,3,2,8,131.60,0.046512,43,43.00,19,192,2011,8,2011-08-26 14:51:00.000,2011-10-07 15:15:00.000
16413,Lost Customers,5,47,1,262.2,3,1,2,6,262.20,1.000000,1,NULL,30,148,2011,10,2011-10-14 12:08:00.000,2011-10-14 12:08:00.000
16936,Lost Customers,5,16,1,261.9,4,1,2,7,261.90,1.000000,1,NULL,56,171,2011,11,2011-11-14 11:04:00.000,2011-11-14 11:04:00.000
15143,Lost Customers,5,216,1,259.45,1,1,2,4,259.45,1.000000,1,NULL,14,150,2011,4,2011-04-28 12:03:00.000,2011-04-28 12:03:00.000
13127,Lost Customers,5,68,1,259.17,3,2,2,7,259.17,1.000000,1,NULL,15,127,2011,9,2011-09-23 10:26:00.000,2011-09-23 10:26:00.000
13227,Lost Customers,5,192,1,257.7,1,2,2,5,257.70,1.000000,1,NULL,9,99,2011,5,2011-05-22 11:47:00.000,2011-05-22 11:47:00.000
15014,Lost Customers,5,34,2,257.67,3,3,2,8,128.84,0.014925,134,134.00,29,149,2011,6,2011-06-16 19:40:00.000,2011-10-27 20:07:00.000
17194,Lost Customers,5,264,2,257.62,1,2,2,5,128.81,0.022727,88,88.00,26,118,2010,12,2010-12-14 12:06:00.000,2011-03-11 12:05:00.000
13626,Lost Customers,5,243,1,257.23,1,2,2,5,257.23,1.000000,1,NULL,19,209,2011,4,2011-04-01 10:05:00.000,2011-04-01 10:05:00.000
16048,Lost Customers,5,364,2,256.44,1,2,2,5,128.22,2.000000,1,1.00,8,144,2010,12,2010-12-01 15:27:00.000,2010-12-01 15:28:00.000
12430,Lost Customers,5,34,1,256.4,3,1,2,6,256.40,1.000000,1,NULL,11,117,2011,10,2011-10-27 15:09:00.000,2011-10-27 15:09:00.000
13806,Lost Customers,5,54,1,256.38,3,1,2,6,256.38,1.000000,1,NULL,10,56,2011,10,2011-10-07 11:43:00.000,2011-10-07 11:43:00.000
17896,Lost Customers,5,14,1,256.32,4,1,2,7,256.32,1.000000,1,NULL,2,288,2011,11,2011-11-16 13:59:00.000,2011-11-16 13:59:00.000
16727,Lost Customers,5,355,1,256.32,1,1,2,4,256.32,1.000000,1,NULL,41,167,2010,12,2010-12-10 13:48:00.000,2010-12-10 13:48:00.000
16447,Lost Customers,5,126,1,255.91,2,2,2,6,255.91,1.000000,1,NULL,34,221,2011,7,2011-07-27 12:45:00.000,2011-07-27 12:45:00.000
14761,Lost Customers,5,49,2,255.9,3,3,2,8,127.95,0.007220,277,277.00,11,118,2011,1,2011-01-09 12:03:00.000,2011-10-12 12:10:00.000
15277,Lost Customers,5,37,1,255.9,3,1,2,6,255.90,1.000000,1,NULL,12,205,2011,10,2011-10-24 10:08:00.000,2011-10-24 10:08:00.000
14594,Lost Customers,5,364,1,255,1,1,2,4,255.00,1.000000,1,NULL,31,146,2010,12,2010-12-01 13:54:00.000,2010-12-01 13:54:00.000
15261,Lost Customers,5,126,1,254.82,2,2,2,6,254.82,1.000000,1,NULL,19,270,2011,7,2011-07-27 15:20:00.000,2011-07-27 15:20:00.000
15154,Lost Customers,5,66,1,254.28,3,2,2,7,254.28,1.000000,1,NULL,66,89,2011,9,2011-09-25 16:05:00.000,2011-09-25 16:05:00.000
12604,Lost Customers,5,70,2,254.18,2,2,2,6,127.09,0.010929,183,183.00,15,201,2011,3,2011-03-23 12:06:00.000,2011-09-21 14:08:00.000
12797,Lost Customers,5,356,1,254.03,1,1,2,4,254.03,1.000000,1,NULL,13,118,2010,12,2010-12-09 10:55:00.000,2010-12-09 10:55:00.000
16968,Lost Customers,5,98,1,253.31,2,2,2,6,253.31,1.000000,1,NULL,15,98,2011,8,2011-08-24 10:51:00.000,2011-08-24 10:51:00.000
15019,Lost Customers,5,257,1,252.81,1,1,2,4,252.81,1.000000,1,NULL,64,150,2011,3,2011-03-18 12:35:00.000,2011-03-18 12:35:00.000
15035,Lost Customers,5,80,1,252.73,2,2,2,6,252.73,1.000000,1,NULL,26,245,2011,9,2011-09-11 11:08:00.000,2011-09-11 11:08:00.000
15346,Lost Customers,5,323,1,252.42,1,1,2,4,252.42,1.000000,1,NULL,17,144,2011,1,2011-01-11 11:18:00.000,2011-01-11 11:18:00.000
13645,Lost Customers,5,111,1,252.1,2,2,2,6,252.10,1.000000,1,NULL,5,158,2011,8,2011-08-11 16:11:00.000,2011-08-11 16:11:00.000
16976,Lost Customers,5,258,1,251.52,1,1,2,4,251.52,1.000000,1,NULL,2,88,2011,3,2011-03-17 16:33:00.000,2011-03-17 16:33:00.000
13512,Lost Customers,5,251,1,251.21,1,1,2,4,251.21,1.000000,1,NULL,15,143,2011,3,2011-03-24 10:03:00.000,2011-03-24 10:03:00.000
17303,Lost Customers,5,352,1,250.04,1,1,2,4,250.04,1.000000,1,NULL,53,144,2010,12,2010-12-13 13:32:00.000,2010-12-13 13:32:00.000
15510,Lost Customers,5,321,1,250,1,1,2,4,250.00,1.000000,1,NULL,1,2,2011,1,2011-01-13 12:10:00.000,2011-01-13 12:10:00.000
17456,Lost Customers,5,356,1,249.86,1,1,2,4,249.86,1.000000,1,NULL,17,222,2010,12,2010-12-09 15:23:00.000,2010-12-09 15:23:00.000
16124,Lost Customers,5,308,1,249,1,1,2,4,249.00,1.000000,1,NULL,11,48,2011,1,2011-01-26 14:45:00.000,2011-01-26 14:45:00.000
13061,Lost Customers,5,63,1,248.61,3,2,2,7,248.61,1.000000,1,NULL,10,107,2011,9,2011-09-28 16:04:00.000,2011-09-28 16:04:00.000
16510,Lost Customers,5,363,1,248.1,1,1,2,4,248.10,1.000000,1,NULL,13,92,2010,12,2010-12-02 13:39:00.000,2010-12-02 13:39:00.000
18072,Lost Customers,5,176,1,247.44,2,2,2,6,247.44,1.000000,1,NULL,18,288,2011,6,2011-06-07 10:44:00.000,2011-06-07 10:44:00.000
18009,Lost Customers,5,226,1,247.39,1,1,2,4,247.39,1.000000,1,NULL,31,125,2011,4,2011-04-18 13:36:00.000,2011-04-18 13:36:00.000
16495,Lost Customers,5,267,2,246.51,1,2,2,5,123.26,2.000000,1,1.00,32,166,2011,3,2011-03-08 16:38:00.000,2011-03-08 16:39:00.000
17278,Lost Customers,5,232,1,246.04,1,1,2,4,246.04,1.000000,1,NULL,15,179,2011,4,2011-04-12 13:10:00.000,2011-04-12 13:10:00.000
16778,Lost Customers,5,65,2,245.94,3,2,2,7,122.97,0.009950,201,201.00,16,194,2011,3,2011-03-10 15:21:00.000,2011-09-26 13:48:00.000
17771,Lost Customers,5,47,2,245.81,3,3,2,8,122.91,0.007463,268,268.00,51,287,2011,1,2011-01-20 14:13:00.000,2011-10-14 11:43:00.000
15118,Lost Customers,5,125,1,244.8,2,2,2,6,244.80,1.000000,1,NULL,1,1440,2011,7,2011-07-28 14:54:00.000,2011-07-28 14:54:00.000
17892,Lost Customers,5,47,3,244.1,3,4,1,8,81.37,0.030000,100,50.00,27,109,2011,7,2011-07-07 12:56:00.000,2011-10-14 16:49:00.000
17925,Lost Customers,5,363,1,244.08,1,1,1,3,244.08,1.000000,1,NULL,1,72,2010,12,2010-12-02 10:10:00.000,2010-12-02 10:10:00.000
13103,Lost Customers,5,30,1,243.94,4,1,1,6,243.94,1.000000,1,NULL,8,82,2011,10,2011-10-31 09:38:00.000,2011-10-31 09:38:00.000
16793,Lost Customers,5,48,1,243.84,3,1,1,5,243.84,1.000000,1,NULL,16,146,2011,10,2011-10-13 15:08:00.000,2011-10-13 15:08:00.000
18193,Lost Customers,5,156,1,243.76,2,2,1,5,243.76,1.000000,1,NULL,16,124,2011,6,2011-06-27 13:58:00.000,2011-06-27 13:58:00.000
13886,Lost Customers,5,62,1,243.56,3,2,1,6,243.56,1.000000,1,NULL,16,126,2011,9,2011-09-29 13:17:00.000,2011-09-29 13:17:00.000
16601,Lost Customers,5,31,1,242.7,3,1,1,5,242.70,1.000000,1,NULL,29,133,2011,10,2011-10-30 11:09:00.000,2011-10-30 11:09:00.000
16215,Lost Customers,5,71,1,242.35,2,1,1,4,242.35,1.000000,1,NULL,14,104,2011,9,2011-09-20 10:18:00.000,2011-09-20 10:18:00.000
15776,Lost Customers,5,124,1,241.62,2,2,1,5,241.62,1.000000,1,NULL,18,138,2011,7,2011-07-29 13:46:00.000,2011-07-29 13:46:00.000
14523,Lost Customers,5,99,1,241.09,2,2,1,5,241.09,1.000000,1,NULL,12,251,2011,8,2011-08-23 13:13:00.000,2011-08-23 13:13:00.000
16427,Lost Customers,5,254,2,241.06,1,2,1,4,120.53,0.090909,22,22.00,8,156,2011,2,2011-02-28 15:18:00.000,2011-03-21 17:10:00.000
17051,Lost Customers,5,185,1,240.89,1,2,1,4,240.89,1.000000,1,NULL,40,179,2011,5,2011-05-29 14:13:00.000,2011-05-29 14:13:00.000
15598,Lost Customers,5,44,1,240.68,3,1,1,5,240.68,1.000000,1,NULL,14,160,2011,10,2011-10-17 16:04:00.000,2011-10-17 16:04:00.000
15286,Lost Customers,5,40,1,240.55,3,1,1,5,240.55,1.000000,1,NULL,3,55,2011,10,2011-10-21 11:08:00.000,2011-10-21 11:08:00.000
17181,Lost Customers,5,48,2,239.92,3,3,1,7,119.96,0.006309,317,317.00,23,241,2010,12,2010-12-01 12:38:00.000,2011-10-13 14:48:00.000
13570,Lost Customers,5,234,1,239.49,1,1,1,3,239.49,1.000000,1,NULL,27,161,2011,4,2011-04-10 13:36:00.000,2011-04-10 13:36:00.000
16851,Lost Customers,5,33,2,239.46,3,3,1,7,119.73,0.200000,10,10.00,12,190,2011,10,2011-10-19 09:48:00.000,2011-10-28 12:33:00.000
17684,Lost Customers,5,34,1,239.41,3,1,1,5,239.41,1.000000,1,NULL,15,145,2011,10,2011-10-27 11:10:00.000,2011-10-27 11:10:00.000
16756,Lost Customers,5,205,1,239.4,1,1,1,3,239.40,1.000000,1,NULL,13,106,2011,5,2011-05-09 09:33:00.000,2011-05-09 09:33:00.000
12561,Lost Customers,5,293,1,238.85,1,2,1,4,238.85,1.000000,1,NULL,16,177,2011,2,2011-02-10 11:39:00.000,2011-02-10 11:39:00.000
12718,Lost Customers,5,62,1,238.25,3,2,1,6,238.25,1.000000,1,NULL,19,203,2011,9,2011-09-29 16:38:00.000,2011-09-29 16:38:00.000
17877,Lost Customers,5,161,1,237.61,2,2,1,5,237.61,1.000000,1,NULL,12,98,2011,6,2011-06-22 13:00:00.000,2011-06-22 13:00:00.000
14586,Lost Customers,5,267,1,237.36,1,1,1,3,237.36,1.000000,1,NULL,19,444,2011,3,2011-03-08 10:04:00.000,2011-03-08 10:04:00.000
15457,Lost Customers,5,253,1,237.07,1,1,1,3,237.07,1.000000,1,NULL,56,132,2011,3,2011-03-22 15:31:00.000,2011-03-22 15:31:00.000
12732,Lost Customers,5,170,1,236.26,2,2,1,5,236.26,1.000000,1,NULL,12,111,2011,6,2011-06-13 11:33:00.000,2011-06-13 11:33:00.000
16026,Lost Customers,5,34,1,236.09,3,1,1,5,236.09,1.000000,1,NULL,30,243,2011,10,2011-10-27 13:53:00.000,2011-10-27 13:53:00.000
14647,Lost Customers,5,192,1,236.04,1,2,1,4,236.04,1.000000,1,NULL,24,91,2011,5,2011-05-22 13:40:00.000,2011-05-22 13:40:00.000
13187,Lost Customers,5,328,1,236.02,1,1,1,3,236.02,1.000000,1,NULL,37,95,2011,1,2011-01-06 18:57:00.000,2011-01-06 18:57:00.000
13417,Lost Customers,5,196,1,236,1,2,1,4,236.00,1.000000,1,NULL,10,72,2011,5,2011-05-18 16:26:00.000,2011-05-18 16:26:00.000
14375,Lost Customers,5,176,1,235.56,2,2,1,5,235.56,1.000000,1,NULL,57,184,2011,6,2011-06-07 13:44:00.000,2011-06-07 13:44:00.000
14473,Lost Customers,5,65,2,234.34,3,3,1,7,117.17,0.009569,209,209.00,7,88,2011,3,2011-03-02 13:56:00.000,2011-09-26 15:10:00.000
17060,Lost Customers,5,257,1,234.24,1,1,1,3,234.24,1.000000,1,NULL,5,216,2011,3,2011-03-18 13:27:00.000,2011-03-18 13:27:00.000
16961,Lost Customers,5,107,1,234.17,2,2,1,5,234.17,1.000000,1,NULL,14,125,2011,8,2011-08-15 13:46:00.000,2011-08-15 13:46:00.000
12736,Lost Customers,5,323,1,234,1,1,1,3,234.00,1.000000,1,NULL,4,173,2011,1,2011-01-11 07:57:00.000,2011-01-11 07:57:00.000
13348,Lost Customers,5,55,1,233.76,3,2,1,6,233.76,1.000000,1,NULL,14,136,2011,10,2011-10-06 17:28:00.000,2011-10-06 17:28:00.000
16583,Lost Customers,5,364,1,233.45,1,1,1,3,233.45,1.000000,1,NULL,14,111,2010,12,2010-12-01 12:03:00.000,2010-12-01 12:03:00.000
16302,Lost Customers,5,117,1,233.22,2,2,1,5,233.22,1.000000,1,NULL,11,158,2011,8,2011-08-05 09:44:00.000,2011-08-05 09:44:00.000
13678,Lost Customers,5,142,1,232.6,2,2,1,5,232.60,1.000000,1,NULL,16,924,2011,7,2011-07-11 10:14:00.000,2011-07-11 10:14:00.000
18213,Lost Customers,5,227,1,232.48,1,1,1,3,232.48,1.000000,1,NULL,15,232,2011,4,2011-04-17 10:21:00.000,2011-04-17 10:21:00.000
16117,Lost Customers,5,180,1,232.21,1,2,1,4,232.21,1.000000,1,NULL,30,130,2011,6,2011-06-03 11:42:00.000,2011-06-03 11:42:00.000
17908,Lost Customers,5,364,1,232.03,1,1,1,3,232.03,1.000000,1,NULL,51,169,2010,12,2010-12-01 11:45:00.000,2010-12-01 11:45:00.000
17111,Lost Customers,5,38,1,231.61,3,1,1,5,231.61,1.000000,1,NULL,29,282,2011,10,2011-10-23 15:59:00.000,2011-10-23 15:59:00.000
16641,Lost Customers,5,96,1,231.1,2,2,1,5,231.10,1.000000,1,NULL,12,256,2011,8,2011-08-26 12:49:00.000,2011-08-26 12:49:00.000
16445,Lost Customers,5,24,1,230.51,4,1,1,6,230.51,1.000000,1,NULL,62,111,2011,11,2011-11-06 12:32:00.000,2011-11-06 12:32:00.000
17125,Lost Customers,5,41,1,230.5,3,1,1,5,230.50,1.000000,1,NULL,34,281,2011,10,2011-10-20 14:41:00.000,2011-10-20 14:41:00.000
13786,Lost Customers,5,358,1,230.4,1,1,1,3,230.40,1.000000,1,NULL,7,136,2010,12,2010-12-07 13:53:00.000,2010-12-07 13:53:00.000
16926,Lost Customers,5,362,1,230.25,1,1,1,3,230.25,1.000000,1,NULL,14,35,2010,12,2010-12-03 13:42:00.000,2010-12-03 13:42:00.000
12812,Lost Customers,5,35,1,229.64,3,1,1,5,229.64,1.000000,1,NULL,15,164,2011,10,2011-10-26 09:54:00.000,2011-10-26 09:54:00.000
13008,Lost Customers,5,314,1,229.47,1,1,1,3,229.47,1.000000,1,NULL,14,175,2011,1,2011-01-20 14:24:00.000,2011-01-20 14:24:00.000
15528,Lost Customers,5,245,1,229.33,1,1,1,3,229.33,1.000000,1,NULL,26,123,2011,3,2011-03-30 16:14:00.000,2011-03-30 16:14:00.000
17347,Lost Customers,5,77,1,228.96,2,2,1,5,228.96,1.000000,1,NULL,1,216,2011,9,2011-09-14 13:12:00.000,2011-09-14 13:12:00.000
13146,Lost Customers,5,17,1,228.91,4,1,1,6,228.91,1.000000,1,NULL,16,154,2011,11,2011-11-13 15:29:00.000,2011-11-13 15:29:00.000
13712,Lost Customers,5,237,1,228.84,1,1,1,3,228.84,1.000000,1,NULL,10,352,2011,4,2011-04-07 12:33:00.000,2011-04-07 12:33:00.000
13070,Lost Customers,5,183,1,228.8,1,2,1,4,228.80,1.000000,1,NULL,9,110,2011,5,2011-05-31 13:45:00.000,2011-05-31 13:45:00.000
16527,Lost Customers,5,72,1,228.06,2,1,1,4,228.06,1.000000,1,NULL,14,106,2011,9,2011-09-19 16:21:00.000,2011-09-19 16:21:00.000
13954,Lost Customers,5,61,1,227.41,3,2,1,6,227.41,1.000000,1,NULL,13,49,2011,9,2011-09-30 10:52:00.000,2011-09-30 10:52:00.000
17212,Lost Customers,5,244,1,226.85,1,2,1,4,226.85,1.000000,1,NULL,4,147,2011,3,2011-03-31 19:42:00.000,2011-03-31 19:42:00.000
13474,Lost Customers,5,227,1,226.84,1,1,1,3,226.84,1.000000,1,NULL,59,129,2011,4,2011-04-17 13:53:00.000,2011-04-17 13:53:00.000
17572,Lost Customers,5,62,4,226.75,3,4,1,8,56.69,0.013201,303,101.00,7,95,2010,12,2010-12-01 12:51:00.000,2011-09-29 17:53:00.000
17860,Lost Customers,5,359,1,226.45,1,1,1,3,226.45,1.000000,1,NULL,49,93,2010,12,2010-12-06 12:41:00.000,2010-12-06 12:41:00.000
16315,Lost Customers,5,321,1,226.37,1,1,1,3,226.37,1.000000,1,NULL,14,75,2011,1,2011-01-13 11:57:00.000,2011-01-13 11:57:00.000
16619,Lost Customers,5,254,1,226.21,1,1,1,3,226.21,1.000000,1,NULL,14,133,2011,3,2011-03-21 08:18:00.000,2011-03-21 08:18:00.000
17789,Lost Customers,5,272,1,225.9,1,1,1,3,225.90,1.000000,1,NULL,14,74,2011,3,2011-03-03 13:14:00.000,2011-03-03 13:14:00.000
12672,Lost Customers,5,320,1,225.9,1,1,1,3,225.90,1.000000,1,NULL,10,78,2011,1,2011-01-14 09:20:00.000,2011-01-14 09:20:00.000
14624,Lost Customers,5,48,2,225.85,3,3,1,7,112.92,0.666667,3,3.00,13,162,2011,10,2011-10-11 14:39:00.000,2011-10-13 13:44:00.000
12402,Lost Customers,5,314,1,225.6,1,1,1,3,225.60,1.000000,1,NULL,11,94,2011,1,2011-01-20 13:49:00.000,2011-01-20 13:49:00.000
16690,Lost Customers,5,63,2,225.58,3,3,1,7,112.79,0.015385,130,130.00,10,138,2011,5,2011-05-22 10:53:00.000,2011-09-28 15:02:00.000
16587,Lost Customers,5,223,1,225.15,1,2,1,4,225.15,1.000000,1,NULL,13,71,2011,4,2011-04-21 15:51:00.000,2011-04-21 15:51:00.000
14357,Lost Customers,5,34,1,225.12,3,1,1,5,225.12,1.000000,1,NULL,39,147,2011,10,2011-10-27 16:23:00.000,2011-10-27 16:23:00.000
17171,Lost Customers,5,280,1,224.91,1,2,1,4,224.91,1.000000,1,NULL,16,185,2011,2,2011-02-23 16:37:00.000,2011-02-23 16:37:00.000
16933,Lost Customers,5,230,1,224.73,1,1,1,3,224.73,1.000000,1,NULL,19,127,2011,4,2011-04-14 13:33:00.000,2011-04-14 13:33:00.000
15175,Lost Customers,5,62,1,224.14,3,2,1,6,224.14,1.000000,1,NULL,23,454,2011,9,2011-09-29 11:31:00.000,2011-09-29 11:31:00.000
16471,Lost Customers,5,265,1,223.95,1,1,1,3,223.95,1.000000,1,NULL,13,141,2011,3,2011-03-10 09:41:00.000,2011-03-10 09:41:00.000
16753,Lost Customers,5,49,1,223.92,3,1,1,5,223.92,1.000000,1,NULL,34,189,2011,10,2011-10-12 13:14:00.000,2011-10-12 13:14:00.000
14929,Lost Customers,5,23,1,223.88,4,1,1,6,223.88,1.000000,1,NULL,11,136,2011,11,2011-11-07 17:21:00.000,2011-11-07 17:21:00.000
13926,Lost Customers,5,14,1,223.85,4,1,1,6,223.85,1.000000,1,NULL,11,104,2011,11,2011-11-16 13:16:00.000,2011-11-16 13:16:00.000
15637,Lost Customers,5,43,1,223.36,3,1,1,5,223.36,1.000000,1,NULL,15,128,2011,10,2011-10-18 08:28:00.000,2011-10-18 08:28:00.000
17534,Lost Customers,5,44,1,223.36,3,1,1,5,223.36,1.000000,1,NULL,9,103,2011,10,2011-10-17 12:47:00.000,2011-10-17 12:47:00.000
13382,Lost Customers,5,271,1,222.99,1,1,1,3,222.99,1.000000,1,NULL,15,131,2011,3,2011-03-04 10:03:00.000,2011-03-04 10:03:00.000
16777,Lost Customers,5,71,2,222.62,2,2,1,5,111.31,0.011236,178,178.00,45,62,2011,3,2011-03-27 14:34:00.000,2011-09-20 13:41:00.000
14598,Lost Customers,5,35,1,221.97,3,1,1,5,221.97,1.000000,1,NULL,49,189,2011,10,2011-10-26 13:19:00.000,2011-10-26 13:19:00.000
13419,Lost Customers,5,54,1,221.06,3,2,1,6,221.06,1.000000,1,NULL,16,275,2011,10,2011-10-07 12:49:00.000,2011-10-07 12:49:00.000
12673,Lost Customers,5,317,1,220.9,1,1,1,3,220.90,1.000000,1,NULL,23,171,2011,1,2011-01-17 11:46:00.000,2011-01-17 11:46:00.000
18154,Lost Customers,5,34,1,220.49,3,1,1,5,220.49,1.000000,1,NULL,11,153,2011,10,2011-10-27 10:40:00.000,2011-10-27 10:40:00.000
18114,Lost Customers,5,281,1,220.1,1,2,1,4,220.10,1.000000,1,NULL,28,55,2011,2,2011-02-22 13:20:00.000,2011-02-22 13:20:00.000
13600,Lost Customers,5,303,1,219.52,1,1,1,3,219.52,1.000000,1,NULL,19,324,2011,1,2011-01-31 15:27:00.000,2011-01-31 15:27:00.000
15096,Lost Customers,5,33,1,219.39,3,1,1,5,219.39,1.000000,1,NULL,11,120,2011,10,2011-10-28 10:27:00.000,2011-10-28 10:27:00.000
13669,Lost Customers,5,41,2,218.55,3,2,1,6,109.28,0.020000,100,100.00,9,237,2011,7,2011-07-13 11:44:00.000,2011-10-20 09:32:00.000
12574,Lost Customers,5,306,1,218.45,1,1,1,3,218.45,1.000000,1,NULL,11,61,2011,1,2011-01-28 09:20:00.000,2011-01-28 09:20:00.000
14570,Lost Customers,5,271,2,218.06,1,2,1,4,109.03,2.000000,1,1.00,29,95,2011,3,2011-03-04 10:39:00.000,2011-03-04 10:58:00.000
16392,Lost Customers,5,260,1,217.89,1,1,1,3,217.89,1.000000,1,NULL,41,201,2011,3,2011-03-15 12:11:00.000,2011-03-15 12:11:00.000
13404,Lost Customers,5,203,1,217.81,1,2,1,4,217.81,1.000000,1,NULL,9,99,2011,5,2011-05-11 11:57:00.000,2011-05-11 11:57:00.000
15554,Lost Customers,5,268,1,217.2,1,1,1,3,217.20,1.000000,1,NULL,14,74,2011,3,2011-03-07 09:00:00.000,2011-03-07 09:00:00.000
16080,Lost Customers,5,72,2,217.16,2,2,1,5,108.58,0.010309,194,194.00,10,128,2011,3,2011-03-10 14:44:00.000,2011-09-19 10:42:00.000
13503,Lost Customers,5,62,1,216.85,3,2,1,6,216.85,1.000000,1,NULL,17,248,2011,9,2011-09-29 13:23:00.000,2011-09-29 13:23:00.000
15604,Lost Customers,5,43,1,216.39,3,1,1,5,216.39,1.000000,1,NULL,17,159,2011,10,2011-10-18 14:47:00.000,2011-10-18 14:47:00.000
13858,Lost Customers,5,48,1,216.17,3,1,1,5,216.17,1.000000,1,NULL,11,75,2011,10,2011-10-13 16:17:00.000,2011-10-13 16:17:00.000
18212,Lost Customers,5,317,1,216.07,1,1,1,3,216.07,1.000000,1,NULL,30,92,2011,1,2011-01-17 16:14:00.000,2011-01-17 16:14:00.000
16179,Lost Customers,5,51,1,215.83,3,1,1,5,215.83,1.000000,1,NULL,11,99,2011,10,2011-10-10 09:41:00.000,2011-10-10 09:41:00.000
16190,Lost Customers,5,31,1,215.08,3,1,1,5,215.08,1.000000,1,NULL,6,88,2011,10,2011-10-30 15:59:00.000,2011-10-30 15:59:00.000
12831,Lost Customers,5,253,1,215.05,1,1,1,3,215.05,1.000000,1,NULL,9,135,2011,3,2011-03-22 13:02:00.000,2011-03-22 13:02:00.000
12588,Lost Customers,5,30,1,214.9,4,1,1,6,214.90,1.000000,1,NULL,10,53,2011,10,2011-10-31 15:01:00.000,2011-10-31 15:01:00.000
16338,Lost Customers,5,148,1,214.8,2,2,1,5,214.80,1.000000,1,NULL,11,94,2011,7,2011-07-05 13:56:00.000,2011-07-05 13:56:00.000
17619,Lost Customers,5,303,1,214.37,1,1,1,3,214.37,1.000000,1,NULL,71,124,2011,1,2011-01-31 14:18:00.000,2011-01-31 14:18:00.000
16846,Lost Customers,5,41,1,214.32,3,1,1,5,214.32,1.000000,1,NULL,11,135,2011,10,2011-10-20 13:55:00.000,2011-10-20 13:55:00.000
15460,Lost Customers,5,345,1,214.26,1,1,1,3,214.26,1.000000,1,NULL,53,107,2010,12,2010-12-20 16:08:00.000,2010-12-20 16:08:00.000
13621,Lost Customers,5,107,1,213.85,2,2,1,5,213.85,1.000000,1,NULL,19,343,2011,8,2011-08-15 08:26:00.000,2011-08-15 08:26:00.000
14241,Lost Customers,5,174,1,213.7,2,2,1,5,213.70,1.000000,1,NULL,10,146,2011,6,2011-06-09 11:46:00.000,2011-06-09 11:46:00.000
13411,Lost Customers,5,98,1,213.55,2,2,1,5,213.55,1.000000,1,NULL,17,72,2011,8,2011-08-24 13:57:00.000,2011-08-24 13:57:00.000
16591,Lost Customers,5,59,1,213.5,3,2,1,6,213.50,1.000000,1,NULL,10,41,2011,10,2011-10-02 10:43:00.000,2011-10-02 10:43:00.000
16322,Lost Customers,5,27,1,213.08,4,1,1,6,213.08,1.000000,1,NULL,26,120,2011,11,2011-11-03 14:33:00.000,2011-11-03 14:33:00.000
17928,Lost Customers,5,36,2,212.54,3,2,1,6,106.27,0.009901,202,202.00,23,140,2011,4,2011-04-07 18:03:00.000,2011-10-25 13:52:00.000
15866,Lost Customers,5,92,1,211.89,2,2,1,5,211.89,1.000000,1,NULL,43,124,2011,8,2011-08-30 14:09:00.000,2011-08-30 14:09:00.000
16017,Lost Customers,5,38,1,211.88,3,1,1,5,211.88,1.000000,1,NULL,26,102,2011,10,2011-10-23 12:56:00.000,2011-10-23 12:56:00.000
15703,Lost Customers,5,255,1,211.5,1,1,1,3,211.50,1.000000,1,NULL,5,66,2011,3,2011-03-20 10:51:00.000,2011-03-20 10:51:00.000
13271,Lost Customers,5,28,1,211.49,4,1,1,6,211.49,1.000000,1,NULL,79,240,2011,11,2011-11-02 14:31:00.000,2011-11-02 14:31:00.000
12995,Lost Customers,5,76,1,211.32,2,1,1,4,211.32,1.000000,1,NULL,3,108,2011,9,2011-09-15 15:44:00.000,2011-09-15 15:44:00.000
13532,Lost Customers,5,24,1,210.31,4,1,1,6,210.31,1.000000,1,NULL,66,129,2011,11,2011-11-06 12:25:00.000,2011-11-06 12:25:00.000
17855,Lost Customers,5,363,1,208.97,1,1,1,3,208.97,1.000000,1,NULL,17,197,2010,12,2010-12-02 09:44:00.000,2010-12-02 09:44:00.000
15327,Lost Customers,5,43,1,208.75,3,1,1,5,208.75,1.000000,1,NULL,10,116,2011,10,2011-10-18 11:55:00.000,2011-10-18 11:55:00.000
17514,Lost Customers,5,119,1,208.65,2,2,1,5,208.65,1.000000,1,NULL,40,135,2011,8,2011-08-03 15:45:00.000,2011-08-03 15:45:00.000
16457,Lost Customers,5,209,1,208.36,1,1,1,3,208.36,1.000000,1,NULL,9,140,2011,5,2011-05-05 13:19:00.000,2011-05-05 13:19:00.000
18191,Lost Customers,5,252,1,207.8,1,1,1,3,207.80,1.000000,1,NULL,7,140,2011,3,2011-03-23 12:08:00.000,2011-03-23 12:08:00.000
15052,Lost Customers,5,310,1,207.73,1,1,1,3,207.73,1.000000,1,NULL,27,79,2011,1,2011-01-24 15:52:00.000,2011-01-24 15:52:00.000
16323,Lost Customers,5,187,1,207.5,1,2,1,4,207.50,1.000000,1,NULL,1,50,2011,5,2011-05-27 14:48:00.000,2011-05-27 14:48:00.000
17923,Lost Customers,5,273,1,207.5,1,1,1,3,207.50,1.000000,1,NULL,1,50,2011,3,2011-03-02 15:15:00.000,2011-03-02 15:15:00.000
16752,Lost Customers,5,363,1,207.5,1,1,1,3,207.50,1.000000,1,NULL,9,54,2010,12,2010-12-02 12:18:00.000,2010-12-02 12:18:00.000
13099,Lost Customers,5,90,1,207.36,2,2,1,5,207.36,1.000000,1,NULL,1,288,2011,9,2011-09-01 17:40:00.000,2011-09-01 17:40:00.000
15925,Lost Customers,5,185,1,207.15,1,2,1,4,207.15,1.000000,1,NULL,12,93,2011,5,2011-05-29 15:35:00.000,2011-05-29 15:35:00.000
15820,Lost Customers,5,310,1,206.98,1,1,1,3,206.98,1.000000,1,NULL,17,128,2011,1,2011-01-24 12:00:00.000,2011-01-24 12:00:00.000
14964,Lost Customers,5,238,1,206.21,1,1,1,3,206.21,1.000000,1,NULL,13,143,2011,4,2011-04-06 14:13:00.000,2011-04-06 14:13:00.000
13065,Lost Customers,5,364,1,205.86,1,1,1,3,205.86,1.000000,1,NULL,14,74,2010,12,2010-12-01 16:52:00.000,2010-12-01 16:52:00.000
17670,Lost Customers,5,218,1,205.7,1,2,1,4,205.70,1.000000,1,NULL,11,110,2011,4,2011-04-26 09:12:00.000,2011-04-26 09:12:00.000
17843,Lost Customers,5,294,1,205.48,1,1,1,3,205.48,1.000000,1,NULL,36,113,2011,2,2011-02-09 15:33:00.000,2011-02-09 15:33:00.000
15307,Lost Customers,5,86,1,205.3,2,2,1,5,205.30,1.000000,1,NULL,12,37,2011,9,2011-09-05 11:38:00.000,2011-09-05 11:38:00.000
13513,Lost Customers,5,117,1,205.1,2,2,1,5,205.10,1.000000,1,NULL,10,109,2011,8,2011-08-05 11:50:00.000,2011-08-05 11:50:00.000
15319,Lost Customers,5,274,1,204.5,1,1,1,3,204.50,1.000000,1,NULL,16,175,2011,3,2011-03-01 12:48:00.000,2011-03-01 12:48:00.000
17206,Lost Customers,5,44,1,204.24,3,1,1,5,204.24,1.000000,1,NULL,7,76,2011,10,2011-10-17 13:25:00.000,2011-10-17 13:25:00.000
17187,Lost Customers,5,217,1,203.95,1,1,1,3,203.95,1.000000,1,NULL,10,144,2011,4,2011-04-27 12:39:00.000,2011-04-27 12:39:00.000
17394,Lost Customers,5,210,1,203.87,1,1,1,3,203.87,1.000000,1,NULL,4,241,2011,5,2011-05-04 13:22:00.000,2011-05-04 13:22:00.000
17891,Lost Customers,5,153,1,203.86,2,2,1,5,203.86,1.000000,1,NULL,34,393,2011,6,2011-06-30 20:08:00.000,2011-06-30 20:08:00.000
17376,Lost Customers,5,61,2,203.2,3,3,1,7,101.60,0.008264,242,242.00,23,86,2011,2,2011-02-01 14:12:00.000,2011-09-30 12:36:00.000
14381,Lost Customers,5,43,1,202.68,3,1,1,5,202.68,1.000000,1,NULL,56,146,2011,10,2011-10-18 17:10:00.000,2011-10-18 17:10:00.000
18169,Lost Customers,5,51,1,202.65,3,1,1,5,202.65,1.000000,1,NULL,9,61,2011,10,2011-10-10 12:18:00.000,2011-10-10 12:18:00.000
16895,Lost Customers,5,55,1,202.27,3,2,1,6,202.27,1.000000,1,NULL,57,91,2011,10,2011-10-06 12:15:00.000,2011-10-06 12:15:00.000
15347,Lost Customers,5,357,1,201.6,1,1,1,3,201.60,1.000000,1,NULL,5,130,2010,12,2010-12-08 15:25:00.000,2010-12-08 15:25:00.000
13295,Lost Customers,5,350,1,201.2,1,1,1,3,201.20,1.000000,1,NULL,10,82,2010,12,2010-12-15 11:21:00.000,2010-12-15 11:21:00.000
13284,Lost Customers,5,321,1,201.19,1,1,1,3,201.19,1.000000,1,NULL,13,91,2011,1,2011-01-13 09:23:00.000,2011-01-13 09:23:00.000
16965,Lost Customers,5,217,1,201.19,1,2,1,4,201.19,1.000000,1,NULL,26,291,2011,4,2011-04-27 12:08:00.000,2011-04-27 12:08:00.000
13859,Lost Customers,5,317,1,201.16,1,1,1,3,201.16,1.000000,1,NULL,27,129,2011,1,2011-01-17 16:14:00.000,2011-01-17 16:14:00.000
18126,Lost Customers,5,51,1,200.92,3,1,1,5,200.92,1.000000,1,NULL,52,135,2011,10,2011-10-10 12:19:00.000,2011-10-10 12:19:00.000
17693,Lost Customers,5,128,1,200.47,2,2,1,5,200.47,1.000000,1,NULL,16,231,2011,7,2011-07-25 15:48:00.000,2011-07-25 15:48:00.000
13262,Lost Customers,5,254,1,200.29,1,1,1,3,200.29,1.000000,1,NULL,11,125,2011,3,2011-03-21 15:06:00.000,2011-03-21 15:06:00.000
16415,Lost Customers,5,35,1,200.27,3,1,1,5,200.27,1.000000,1,NULL,45,178,2011,10,2011-10-26 13:35:00.000,2011-10-26 13:35:00.000
15437,Lost Customers,5,253,1,200.16,1,1,1,3,200.16,1.000000,1,NULL,44,79,2011,3,2011-03-22 13:11:00.000,2011-03-22 13:11:00.000
13980,Lost Customers,5,51,1,200.14,3,1,1,5,200.14,1.000000,1,NULL,11,172,2011,10,2011-10-10 13:34:00.000,2011-10-10 13:34:00.000
14782,Lost Customers,5,310,1,200.1,1,1,1,3,200.10,1.000000,1,NULL,6,114,2011,1,2011-01-24 11:12:00.000,2011-01-24 11:12:00.000
13723,Lost Customers,5,208,1,199.85,1,1,1,3,199.85,1.000000,1,NULL,6,43,2011,5,2011-05-06 17:04:00.000,2011-05-06 17:04:00.000
15593,Lost Customers,5,61,1,199.8,3,2,1,6,199.80,1.000000,1,NULL,5,60,2011,9,2011-09-30 11:46:00.000,2011-09-30 11:46:00.000
17987,Lost Customers,5,176,1,198.57,2,2,1,5,198.57,1.000000,1,NULL,13,261,2011,6,2011-06-07 14:22:00.000,2011-06-07 14:22:00.000
16178,Lost Customers,5,129,1,197.9,2,2,1,5,197.90,1.000000,1,NULL,8,94,2011,7,2011-07-24 16:05:00.000,2011-07-24 16:05:00.000
12581,Lost Customers,5,30,1,197.71,4,1,1,6,197.71,1.000000,1,NULL,15,161,2011,10,2011-10-31 08:56:00.000,2011-10-31 08:56:00.000
14185,Lost Customers,5,322,1,197.65,1,1,1,3,197.65,1.000000,1,NULL,3,6,2011,1,2011-01-12 13:52:00.000,2011-01-12 13:52:00.000
14789,Lost Customers,5,19,1,197.64,4,1,1,6,197.64,1.000000,1,NULL,6,116,2011,11,2011-11-11 08:59:00.000,2011-11-11 08:59:00.000
16829,Lost Customers,5,147,1,197.22,2,2,1,5,197.22,1.000000,1,NULL,11,99,2011,7,2011-07-06 10:48:00.000,2011-07-06 10:48:00.000
15234,Lost Customers,5,267,1,197,1,1,1,3,197.00,1.000000,1,NULL,14,196,2011,3,2011-03-08 08:53:00.000,2011-03-08 08:53:00.000
15746,Lost Customers,5,125,1,196.88,2,2,1,5,196.88,1.000000,1,NULL,28,178,2011,7,2011-07-28 15:21:00.000,2011-07-28 15:21:00.000
13792,Lost Customers,5,57,2,195.55,3,3,1,7,97.78,0.009009,222,222.00,13,92,2011,2,2011-02-25 14:03:00.000,2011-10-04 14:31:00.000
17475,Lost Customers,5,70,1,194.37,2,1,1,4,194.37,1.000000,1,NULL,14,178,2011,9,2011-09-21 14:55:00.000,2011-09-21 14:55:00.000
15683,Lost Customers,5,108,1,193.75,2,2,1,5,193.75,1.000000,1,NULL,10,131,2011,8,2011-08-14 12:56:00.000,2011-08-14 12:56:00.000
17343,Lost Customers,5,346,1,193.64,1,1,1,3,193.64,1.000000,1,NULL,17,56,2010,12,2010-12-19 15:07:00.000,2010-12-19 15:07:00.000
16847,Lost Customers,5,34,1,193.44,3,1,1,5,193.44,1.000000,1,NULL,12,78,2011,10,2011-10-27 13:29:00.000,2011-10-27 13:29:00.000
14806,Lost Customers,5,66,1,193.39,3,2,1,6,193.39,1.000000,1,NULL,11,330,2011,9,2011-09-25 15:32:00.000,2011-09-25 15:32:00.000
14476,Lost Customers,5,248,1,193,1,1,1,3,193.00,1.000000,1,NULL,17,110,2011,3,2011-03-27 15:39:00.000,2011-03-27 15:39:00.000
12791,Lost Customers,5,364,1,192.6,1,1,1,3,192.60,1.000000,1,NULL,2,97,2010,12,2010-12-01 11:27:00.000,2010-12-01 11:27:00.000
13083,Lost Customers,5,66,1,192.39,3,2,1,6,192.39,1.000000,1,NULL,14,143,2011,9,2011-09-25 10:46:00.000,2011-09-25 10:46:00.000
16887,Lost Customers,5,26,1,192.33,4,1,1,6,192.33,1.000000,1,NULL,35,156,2011,11,2011-11-04 14:07:00.000,2011-11-04 14:07:00.000
14100,Lost Customers,5,128,1,191.95,2,2,1,5,191.95,1.000000,1,NULL,24,63,2011,7,2011-07-25 11:01:00.000,2011-07-25 11:01:00.000
15909,Lost Customers,5,164,1,191.94,2,2,1,5,191.94,1.000000,1,NULL,7,98,2011,6,2011-06-19 10:38:00.000,2011-06-19 10:38:00.000
15692,Lost Customers,5,19,1,191.04,4,1,1,6,191.04,1.000000,1,NULL,12,138,2011,11,2011-11-11 14:12:00.000,2011-11-11 14:12:00.000
17233,Lost Customers,5,26,1,190.88,4,1,1,6,190.88,1.000000,1,NULL,25,131,2011,11,2011-11-04 14:06:00.000,2011-11-04 14:06:00.000
15723,Lost Customers,5,355,1,190.7,1,1,1,3,190.70,1.000000,1,NULL,37,73,2010,12,2010-12-10 11:12:00.000,2010-12-10 11:12:00.000
13033,Lost Customers,5,348,1,190.55,1,1,1,3,190.55,1.000000,1,NULL,11,83,2010,12,2010-12-17 14:23:00.000,2010-12-17 14:23:00.000
15412,Lost Customers,5,162,1,190.53,2,2,1,5,190.53,1.000000,1,NULL,10,108,2011,6,2011-06-21 15:24:00.000,2011-06-21 15:24:00.000
13972,Lost Customers,5,61,2,190.25,3,3,1,7,95.13,0.015152,132,132.00,15,187,2011,5,2011-05-22 11:34:00.000,2011-09-30 11:54:00.000
12361,Lost Customers,5,278,1,189.9,1,2,1,4,189.90,1.000000,1,NULL,10,91,2011,2,2011-02-25 13:51:00.000,2011-02-25 13:51:00.000
13826,Lost Customers,5,167,1,189.5,2,2,1,5,189.50,1.000000,1,NULL,10,82,2011,6,2011-06-16 13:48:00.000,2011-06-16 13:48:00.000
13663,Lost Customers,5,170,1,189.47,2,2,1,5,189.47,1.000000,1,NULL,13,91,2011,6,2011-06-13 15:44:00.000,2011-06-13 15:44:00.000
14801,Lost Customers,5,52,1,189.34,3,1,1,5,189.34,1.000000,1,NULL,56,173,2011,10,2011-10-09 15:24:00.000,2011-10-09 15:24:00.000
14830,Lost Customers,5,44,1,188.88,3,1,1,5,188.88,1.000000,1,NULL,39,164,2011,10,2011-10-17 14:29:00.000,2011-10-17 14:29:00.000
17279,Lost Customers,5,48,1,187.83,3,1,1,5,187.83,1.000000,1,NULL,8,48,2011,10,2011-10-13 11:58:00.000,2011-10-13 11:58:00.000
13568,Lost Customers,5,164,1,187.05,2,2,1,5,187.05,1.000000,1,NULL,41,66,2011,6,2011-06-19 14:42:00.000,2011-06-19 14:42:00.000
13672,Lost Customers,5,292,2,186.39,1,2,1,4,93.19,0.062500,32,32.00,4,57,2011,1,2011-01-11 13:54:00.000,2011-02-11 13:53:00.000
12641,Lost Customers,5,106,1,185.9,2,2,1,5,185.90,1.000000,1,NULL,10,72,2011,8,2011-08-16 13:26:00.000,2011-08-16 13:26:00.000
17574,Lost Customers,5,233,1,185.65,1,1,1,3,185.65,1.000000,1,NULL,8,77,2011,4,2011-04-11 09:47:00.000,2011-04-11 09:47:00.000
14199,Lost Customers,5,209,1,185.4,1,1,1,3,185.40,1.000000,1,NULL,2,28,2011,5,2011-05-05 13:44:00.000,2011-05-05 13:44:00.000
16097,Lost Customers,5,231,1,185.05,1,1,1,3,185.05,1.000000,1,NULL,10,87,2011,4,2011-04-13 13:47:00.000,2011-04-13 13:47:00.000
13482,Lost Customers,5,223,1,184.64,1,2,1,4,184.64,1.000000,1,NULL,11,116,2011,4,2011-04-21 17:03:00.000,2011-04-21 17:03:00.000
17680,Lost Customers,5,14,1,184.4,4,1,1,6,184.40,1.000000,1,NULL,11,96,2011,11,2011-11-16 12:42:00.000,2011-11-16 12:42:00.000
16433,Lost Customers,5,19,1,184.26,4,1,1,6,184.26,1.000000,1,NULL,17,106,2011,11,2011-11-11 14:09:00.000,2011-11-11 14:09:00.000
14326,Lost Customers,5,233,1,183.85,1,1,1,3,183.85,1.000000,1,NULL,8,103,2011,4,2011-04-11 15:04:00.000,2011-04-11 15:04:00.000
16914,Lost Customers,5,27,1,183.76,4,1,1,6,183.76,1.000000,1,NULL,25,112,2011,11,2011-11-03 15:27:00.000,2011-11-03 15:27:00.000
16680,Lost Customers,5,34,1,183.7,3,1,1,5,183.70,1.000000,1,NULL,10,94,2011,10,2011-10-27 17:35:00.000,2011-10-27 17:35:00.000
14059,Lost Customers,5,257,1,183.6,1,1,1,3,183.60,1.000000,1,NULL,8,128,2011,3,2011-03-18 10:06:00.000,2011-03-18 10:06:00.000
13059,Lost Customers,5,240,1,183.4,1,2,1,4,183.40,1.000000,1,NULL,8,35,2011,4,2011-04-04 10:40:00.000,2011-04-04 10:40:00.000
16448,Lost Customers,5,189,1,182.99,1,2,1,4,182.99,1.000000,1,NULL,19,76,2011,5,2011-05-25 16:28:00.000,2011-05-25 16:28:00.000
14082,Lost Customers,5,355,1,182.25,1,1,1,3,182.25,1.000000,1,NULL,28,110,2010,12,2010-12-10 11:02:00.000,2010-12-10 11:02:00.000
15886,Lost Customers,5,51,1,181.09,3,1,1,5,181.09,1.000000,1,NULL,12,147,2011,10,2011-10-10 14:25:00.000,2011-10-10 14:25:00.000
16594,Lost Customers,5,66,1,181.09,3,2,1,6,181.09,1.000000,1,NULL,53,64,2011,9,2011-09-25 14:08:00.000,2011-09-25 14:08:00.000
15945,Lost Customers,5,356,1,181,1,1,1,3,181.00,1.000000,1,NULL,2,52,2010,12,2010-12-09 13:14:00.000,2010-12-09 13:14:00.000
18119,Lost Customers,5,358,1,180.7,1,1,1,3,180.70,1.000000,1,NULL,29,124,2010,12,2010-12-07 11:59:00.000,2010-12-07 11:59:00.000
18280,Lost Customers,5,268,1,180.6,1,1,1,3,180.60,1.000000,1,NULL,10,45,2011,3,2011-03-07 09:52:00.000,2011-03-07 09:52:00.000
13710,Lost Customers,5,22,1,180.48,4,1,1,6,180.48,1.000000,1,NULL,8,176,2011,11,2011-11-08 08:16:00.000,2011-11-08 08:16:00.000
14722,Lost Customers,5,138,1,180.42,2,2,1,5,180.42,1.000000,1,NULL,28,118,2011,7,2011-07-15 14:58:00.000,2011-07-15 14:58:00.000
12622,Lost Customers,5,223,1,180.1,1,2,1,4,180.10,1.000000,1,NULL,11,69,2011,4,2011-04-21 16:39:00.000,2011-04-21 16:39:00.000
15041,Lost Customers,5,161,1,179.93,2,2,1,5,179.93,1.000000,1,NULL,66,103,2011,6,2011-06-22 16:16:00.000,2011-06-22 16:16:00.000
18147,Lost Customers,5,36,2,179.34,3,2,1,6,89.67,0.031250,64,64.00,7,203,2011,8,2011-08-23 12:22:00.000,2011-10-25 11:46:00.000
15895,Lost Customers,5,140,1,179.17,2,2,1,5,179.17,1.000000,1,NULL,11,94,2011,7,2011-07-13 10:27:00.000,2011-07-13 10:27:00.000
15454,Lost Customers,5,353,1,179.1,1,1,1,3,179.10,1.000000,1,NULL,23,86,2010,12,2010-12-12 14:21:00.000,2010-12-12 14:21:00.000
14705,Lost Customers,5,189,1,179,1,2,1,4,179.00,1.000000,1,NULL,1,100,2011,5,2011-05-25 12:39:00.000,2011-05-25 12:39:00.000
16990,Lost Customers,5,209,1,179,1,1,1,3,179.00,1.000000,1,NULL,1,100,2011,5,2011-05-05 08:30:00.000,2011-05-05 08:30:00.000
15262,Lost Customers,5,314,1,178.95,1,1,1,3,178.95,1.000000,1,NULL,10,73,2011,1,2011-01-20 12:16:00.000,2011-01-20 12:16:00.000
17660,Lost Customers,5,132,1,178.75,2,2,1,5,178.75,1.000000,1,NULL,37,121,2011,7,2011-07-21 13:37:00.000,2011-07-21 13:37:00.000
13778,Lost Customers,5,94,1,178.7,2,2,1,5,178.70,1.000000,1,NULL,9,70,2011,8,2011-08-28 15:25:00.000,2011-08-28 15:25:00.000
17879,Lost Customers,5,164,1,178.52,2,2,1,5,178.52,1.000000,1,NULL,6,45,2011,6,2011-06-19 12:36:00.000,2011-06-19 12:36:00.000
15292,Lost Customers,5,192,1,178.39,1,2,1,4,178.39,1.000000,1,NULL,24,55,2011,5,2011-05-22 15:00:00.000,2011-05-22 15:00:00.000
18045,Lost Customers,5,36,1,178.34,3,1,1,5,178.34,1.000000,1,NULL,43,138,2011,10,2011-10-25 13:07:00.000,2011-10-25 13:07:00.000
17356,Lost Customers,5,302,1,178.22,1,1,1,3,178.22,1.000000,1,NULL,19,166,2011,2,2011-02-01 11:07:00.000,2011-02-01 11:07:00.000
16403,Lost Customers,5,303,1,177.5,1,1,1,3,177.50,1.000000,1,NULL,10,114,2011,1,2011-01-31 13:39:00.000,2011-01-31 13:39:00.000
13618,Lost Customers,5,164,1,177.34,2,2,1,5,177.34,1.000000,1,NULL,13,246,2011,6,2011-06-19 11:09:00.000,2011-06-19 11:09:00.000
13072,Lost Customers,5,257,1,177.15,1,1,1,3,177.15,1.000000,1,NULL,7,69,2011,3,2011-03-18 08:12:00.000,2011-03-18 08:12:00.000
17947,Lost Customers,5,28,1,176.68,4,1,1,6,176.68,1.000000,1,NULL,9,168,2011,11,2011-11-02 13:05:00.000,2011-11-02 13:05:00.000
12893,Lost Customers,5,21,1,176.55,4,1,1,6,176.55,1.000000,1,NULL,27,90,2011,11,2011-11-09 12:34:00.000,2011-11-09 12:34:00.000
12509,Lost Customers,5,275,1,176.5,1,1,1,3,176.50,1.000000,1,NULL,7,55,2011,2,2011-02-28 14:45:00.000,2011-02-28 14:45:00.000
18274,Lost Customers,5,21,1,175.92,4,1,1,6,175.92,1.000000,1,NULL,11,88,2011,11,2011-11-09 17:03:00.000,2011-11-09 17:03:00.000
17582,Lost Customers,5,227,1,175.27,1,1,1,3,175.27,1.000000,1,NULL,28,123,2011,4,2011-04-17 13:18:00.000,2011-04-17 13:18:00.000
17331,Lost Customers,5,114,1,175.2,2,2,1,5,175.20,1.000000,1,NULL,1,16,2011,8,2011-08-08 11:55:00.000,2011-08-08 11:55:00.000
16144,Lost Customers,5,237,1,175.2,1,1,1,3,175.20,1.000000,1,NULL,1,16,2011,4,2011-04-07 10:09:00.000,2011-04-07 10:09:00.000
18010,Lost Customers,5,247,1,174.8,1,1,1,3,174.80,1.000000,1,NULL,14,60,2011,3,2011-03-28 12:27:00.000,2011-03-28 12:27:00.000
14355,Lost Customers,5,356,1,174.4,1,1,1,3,174.40,1.000000,1,NULL,11,92,2010,12,2010-12-09 12:16:00.000,2010-12-09 12:16:00.000
14518,Lost Customers,5,55,1,174.37,3,2,1,6,174.37,1.000000,1,NULL,16,278,2011,10,2011-10-06 14:43:00.000,2011-10-06 14:43:00.000
18278,Lost Customers,5,64,1,173.9,3,2,1,6,173.90,1.000000,1,NULL,9,66,2011,9,2011-09-27 11:58:00.000,2011-09-27 11:58:00.000
16861,Lost Customers,5,50,2,173.76,3,3,1,7,86.88,0.020000,100,100.00,6,140,2011,7,2011-07-04 15:38:00.000,2011-10-11 09:05:00.000
14798,Lost Customers,5,43,3,173.74,3,4,1,8,57.91,0.011583,259,129.50,11,150,2011,2,2011-02-02 15:26:00.000,2011-10-18 10:58:00.000
16565,Lost Customers,5,355,1,173.7,1,1,1,3,173.70,1.000000,1,NULL,3,46,2010,12,2010-12-10 15:21:00.000,2010-12-10 15:21:00.000
12441,Lost Customers,5,357,1,173.55,1,1,1,3,173.55,1.000000,1,NULL,11,121,2010,12,2010-12-08 10:45:00.000,2010-12-08 10:45:00.000
15565,Lost Customers,5,41,2,173.16,3,3,1,7,86.58,0.095238,21,21.00,8,60,2011,9,2011-09-30 10:44:00.000,2011-10-20 14:33:00.000
15670,Lost Customers,5,287,1,173.05,1,2,1,4,173.05,1.000000,1,NULL,12,91,2011,2,2011-02-16 10:50:00.000,2011-02-16 10:50:00.000
14693,Lost Customers,5,255,1,172.9,1,1,1,3,172.90,1.000000,1,NULL,8,34,2011,3,2011-03-20 12:50:00.000,2011-03-20 12:50:00.000
12923,Lost Customers,5,55,1,172.82,3,2,1,6,172.82,1.000000,1,NULL,28,68,2011,10,2011-10-06 16:20:00.000,2011-10-06 16:20:00.000
18048,Lost Customers,5,194,2,172.29,1,2,1,4,86.15,2.000000,1,1.00,6,127,2011,5,2011-05-20 14:54:00.000,2011-05-20 14:58:00.000
13690,Lost Customers,5,50,1,172.25,3,1,1,5,172.25,1.000000,1,NULL,9,67,2011,10,2011-10-11 15:03:00.000,2011-10-11 15:03:00.000
13922,Lost Customers,5,342,1,172.25,1,1,1,3,172.25,1.000000,1,NULL,7,93,2010,12,2010-12-23 10:38:00.000,2010-12-23 10:38:00.000
16773,Lost Customers,5,48,1,171.59,3,1,1,5,171.59,1.000000,1,NULL,23,171,2011,10,2011-10-13 14:37:00.000,2011-10-13 14:37:00.000
17245,Lost Customers,5,195,1,171.45,1,2,1,4,171.45,1.000000,1,NULL,9,75,2011,5,2011-05-19 10:43:00.000,2011-05-19 10:43:00.000
15432,Lost Customers,5,14,1,171.19,4,1,1,6,171.19,1.000000,1,NULL,10,65,2011,11,2011-11-16 16:30:00.000,2011-11-16 16:30:00.000
14536,Lost Customers,5,250,1,170.95,1,1,1,3,170.95,1.000000,1,NULL,18,39,2011,3,2011-03-25 12:21:00.000,2011-03-25 12:21:00.000
17542,Lost Customers,5,260,1,170.75,1,1,1,3,170.75,1.000000,1,NULL,24,134,2011,3,2011-03-15 11:45:00.000,2011-03-15 11:45:00.000
12962,Lost Customers,5,104,1,170.54,2,2,1,5,170.54,1.000000,1,NULL,11,78,2011,8,2011-08-18 13:38:00.000,2011-08-18 13:38:00.000
15335,Lost Customers,5,44,1,170.22,3,1,1,5,170.22,1.000000,1,NULL,34,79,2011,10,2011-10-17 12:50:00.000,2011-10-17 12:50:00.000
15016,Lost Customers,5,163,1,170.04,2,2,1,5,170.04,1.000000,1,NULL,20,76,2011,6,2011-06-20 12:06:00.000,2011-06-20 12:06:00.000
14218,Lost Customers,5,33,1,169.48,3,1,1,5,169.48,1.000000,1,NULL,12,160,2011,10,2011-10-28 10:00:00.000,2011-10-28 10:00:00.000
18269,Lost Customers,5,357,1,168.6,1,1,1,3,168.60,1.000000,1,NULL,7,76,2010,12,2010-12-08 13:53:00.000,2010-12-08 13:53:00.000
18099,Lost Customers,5,118,1,168.31,2,2,1,5,168.31,1.000000,1,NULL,19,149,2011,8,2011-08-04 15:52:00.000,2011-08-04 15:52:00.000
15888,Lost Customers,5,71,1,168.31,2,1,1,4,168.31,1.000000,1,NULL,11,76,2011,9,2011-09-20 12:30:00.000,2011-09-20 12:30:00.000
16282,Lost Customers,5,330,1,168.3,1,1,1,3,168.30,1.000000,1,NULL,11,114,2011,1,2011-01-04 11:42:00.000,2011-01-04 11:42:00.000
15986,Lost Customers,5,21,1,168.12,4,1,1,6,168.12,1.000000,1,NULL,14,268,2011,11,2011-11-09 15:17:00.000,2011-11-09 15:17:00.000
12551,Lost Customers,5,348,1,168,1,1,1,3,168.00,1.000000,1,NULL,10,100,2010,12,2010-12-17 11:23:00.000,2010-12-17 11:23:00.000
15374,Lost Customers,5,119,1,168,2,2,1,5,168.00,1.000000,1,NULL,3,126,2011,8,2011-08-03 09:59:00.000,2011-08-03 09:59:00.000
16313,Lost Customers,5,40,1,167.62,3,1,1,5,167.62,1.000000,1,NULL,10,66,2011,10,2011-10-21 09:04:00.000,2011-10-21 09:04:00.000
17367,Lost Customers,5,229,1,167.55,1,1,1,3,167.55,1.000000,1,NULL,33,149,2011,4,2011-04-15 14:21:00.000,2011-04-15 14:21:00.000
16405,Lost Customers,5,293,2,167.25,1,2,1,4,83.63,0.222222,9,9.00,3,187,2011,2,2011-02-02 17:08:00.000,2011-02-10 15:24:00.000
14295,Lost Customers,5,31,1,166.2,4,1,1,6,166.20,1.000000,1,NULL,5,84,2011,10,2011-10-30 15:50:00.000,2011-10-30 15:50:00.000
12817,Lost Customers,5,272,1,166.04,1,1,1,3,166.04,1.000000,1,NULL,4,53,2011,3,2011-03-03 16:28:00.000,2011-03-03 16:28:00.000
18088,Lost Customers,5,52,1,166.03,3,1,1,5,166.03,1.000000,1,NULL,35,107,2011,10,2011-10-09 13:41:00.000,2011-10-09 13:41:00.000
13173,Lost Customers,5,358,1,165.94,1,1,1,3,165.94,1.000000,1,NULL,23,114,2010,12,2010-12-07 14:30:00.000,2010-12-07 14:30:00.000
18042,Lost Customers,5,44,1,165.05,3,1,1,5,165.05,1.000000,1,NULL,7,33,2011,10,2011-10-17 11:49:00.000,2011-10-17 11:49:00.000
15316,Lost Customers,5,317,1,165,1,1,1,3,165.00,1.000000,1,NULL,1,100,2011,1,2011-01-17 11:34:00.000,2011-01-17 11:34:00.000
14520,Lost Customers,5,281,1,165,1,1,1,3,165.00,1.000000,1,NULL,1,100,2011,2,2011-02-22 09:15:00.000,2011-02-22 09:15:00.000
17535,Lost Customers,5,271,1,164.4,1,1,1,3,164.40,1.000000,1,NULL,13,136,2011,3,2011-03-04 15:20:00.000,2011-03-04 15:20:00.000
13603,Lost Customers,5,17,1,164.34,4,1,1,6,164.34,1.000000,1,NULL,27,164,2011,11,2011-11-13 15:57:00.000,2011-11-13 15:57:00.000
14552,Lost Customers,5,142,1,164.22,2,2,1,5,164.22,1.000000,1,NULL,57,90,2011,7,2011-07-11 12:49:00.000,2011-07-11 12:49:00.000
16149,Lost Customers,5,133,1,163.68,2,2,1,5,163.68,1.000000,1,NULL,11,168,2011,7,2011-07-20 14:54:00.000,2011-07-20 14:54:00.000
17110,Lost Customers,5,156,1,163.3,2,2,1,5,163.30,1.000000,1,NULL,12,50,2011,6,2011-06-27 12:58:00.000,2011-06-27 12:58:00.000
14485,Lost Customers,5,29,1,162.8,4,1,1,6,162.80,1.000000,1,NULL,44,70,2011,11,2011-11-01 12:25:00.000,2011-11-01 12:25:00.000
16517,Lost Customers,5,268,1,162.7,1,1,1,3,162.70,1.000000,1,NULL,17,96,2011,3,2011-03-07 13:50:00.000,2011-03-07 13:50:00.000
17250,Lost Customers,5,252,1,162.65,1,1,1,3,162.65,1.000000,1,NULL,23,70,2011,3,2011-03-23 16:45:00.000,2011-03-23 16:45:00.000
15733,Lost Customers,5,273,1,162.3,1,1,1,3,162.30,1.000000,1,NULL,10,62,2011,3,2011-03-02 09:05:00.000,2011-03-02 09:05:00.000
18014,Lost Customers,5,19,1,162.22,4,1,1,6,162.22,1.000000,1,NULL,29,66,2011,11,2011-11-11 15:28:00.000,2011-11-11 15:28:00.000
17668,Lost Customers,5,29,1,161.85,4,1,1,6,161.85,1.000000,1,NULL,8,31,2011,11,2011-11-01 14:45:00.000,2011-11-01 14:45:00.000
15325,Lost Customers,5,94,1,161.74,2,2,1,5,161.74,1.000000,1,NULL,47,231,2011,8,2011-08-28 11:55:00.000,2011-08-28 11:55:00.000
15458,Lost Customers,5,16,1,161.64,4,1,1,6,161.64,1.000000,1,NULL,7,156,2011,11,2011-11-14 13:08:00.000,2011-11-14 13:08:00.000
17157,Lost Customers,5,167,1,161.46,2,2,1,5,161.46,1.000000,1,NULL,8,102,2011,6,2011-06-16 15:08:00.000,2011-06-16 15:08:00.000
16113,Lost Customers,5,174,1,161.38,2,2,1,5,161.38,1.000000,1,NULL,30,176,2011,6,2011-06-09 16:16:00.000,2011-06-09 16:16:00.000
14237,Lost Customers,5,364,1,161,1,1,1,3,161.00,1.000000,1,NULL,9,38,2010,12,2010-12-01 13:20:00.000,2010-12-01 13:20:00.000
13229,Lost Customers,5,216,1,160.95,1,1,1,3,160.95,1.000000,1,NULL,10,63,2011,4,2011-04-28 12:07:00.000,2011-04-28 12:07:00.000
12573,Lost Customers,5,218,1,160.54,1,2,1,4,160.54,1.000000,1,NULL,26,84,2011,4,2011-04-26 15:52:00.000,2011-04-26 15:52:00.000
18203,Lost Customers,5,148,1,160.42,2,2,1,5,160.42,1.000000,1,NULL,19,43,2011,7,2011-07-05 13:07:00.000,2011-07-05 13:07:00.000
14714,Lost Customers,5,15,1,160.19,4,1,1,6,160.19,1.000000,1,NULL,10,229,2011,11,2011-11-15 13:07:00.000,2011-11-15 13:07:00.000
13598,Lost Customers,5,38,1,160.04,3,1,1,5,160.04,1.000000,1,NULL,33,52,2011,10,2011-10-23 14:28:00.000,2011-10-23 14:28:00.000
16213,Lost Customers,5,69,1,159,2,2,1,5,159.00,1.000000,1,NULL,6,48,2011,9,2011-09-22 10:03:00.000,2011-09-22 10:03:00.000
18224,Lost Customers,5,254,1,158.95,1,1,1,3,158.95,1.000000,1,NULL,10,69,2011,3,2011-03-21 10:30:00.000,2011-03-21 10:30:00.000
13937,Lost Customers,5,160,1,158.85,2,2,1,5,158.85,1.000000,1,NULL,9,123,2011,6,2011-06-23 16:35:00.000,2011-06-23 16:35:00.000
15167,Lost Customers,5,311,1,158.8,1,1,1,3,158.80,1.000000,1,NULL,39,65,2011,1,2011-01-23 12:41:00.000,2011-01-23 12:41:00.000
14089,Lost Customers,5,47,1,158.75,3,1,1,5,158.75,1.000000,1,NULL,13,133,2011,10,2011-10-14 10:38:00.000,2011-10-14 10:38:00.000
17165,Lost Customers,5,275,1,158.68,1,1,1,3,158.68,1.000000,1,NULL,10,100,2011,2,2011-02-28 16:39:00.000,2011-02-28 16:39:00.000
15160,Lost Customers,5,348,1,158.16,1,1,1,3,158.16,1.000000,1,NULL,4,84,2010,12,2010-12-17 14:15:00.000,2010-12-17 14:15:00.000
15348,Lost Customers,5,63,1,158.04,3,2,1,6,158.04,1.000000,1,NULL,9,84,2011,9,2011-09-28 13:17:00.000,2011-09-28 13:17:00.000
18004,Lost Customers,5,353,1,157.92,1,1,1,3,157.92,1.000000,1,NULL,32,75,2010,12,2010-12-12 13:47:00.000,2010-12-12 13:47:00.000
17556,Lost Customers,5,196,1,157.9,1,2,1,4,157.90,1.000000,1,NULL,6,101,2011,5,2011-05-18 10:48:00.000,2011-05-18 10:48:00.000
14799,Lost Customers,5,42,1,157.7,3,1,1,5,157.70,1.000000,1,NULL,13,146,2011,10,2011-10-19 16:16:00.000,2011-10-19 16:16:00.000
17344,Lost Customers,5,37,1,157.62,3,1,1,5,157.62,1.000000,1,NULL,31,65,2011,10,2011-10-24 12:56:00.000,2011-10-24 12:56:00.000
14148,Lost Customers,5,224,1,157.2,1,1,1,3,157.20,1.000000,1,NULL,3,16,2011,4,2011-04-20 12:02:00.000,2011-04-20 12:02:00.000
17128,Lost Customers,5,325,1,157.09,1,1,1,3,157.09,1.000000,1,NULL,14,76,2011,1,2011-01-09 12:02:00.000,2011-01-09 12:02:00.000
14585,Lost Customers,5,41,1,157.05,3,1,1,5,157.05,1.000000,1,NULL,29,91,2011,10,2011-10-20 14:33:00.000,2011-10-20 14:33:00.000
17118,Lost Customers,5,308,1,157.02,1,1,1,3,157.02,1.000000,1,NULL,10,154,2011,1,2011-01-26 12:19:00.000,2011-01-26 12:19:00.000
15007,Lost Customers,5,150,1,156.91,2,2,1,5,156.91,1.000000,1,NULL,12,69,2011,7,2011-07-03 16:00:00.000,2011-07-03 16:00:00.000
14406,Lost Customers,5,110,1,156.75,2,2,1,5,156.75,1.000000,1,NULL,8,77,2011,8,2011-08-12 16:54:00.000,2011-08-12 16:54:00.000
15438,Lost Customers,5,122,1,156.58,2,2,1,5,156.58,1.000000,1,NULL,25,59,2011,7,2011-07-31 14:19:00.000,2011-07-31 14:19:00.000
15263,Lost Customers,5,97,1,156.51,2,2,1,5,156.51,1.000000,1,NULL,12,89,2011,8,2011-08-25 10:26:00.000,2011-08-25 10:26:00.000
13898,Lost Customers,5,316,1,155.93,1,1,1,3,155.93,1.000000,1,NULL,12,133,2011,1,2011-01-18 10:28:00.000,2011-01-18 10:28:00.000
17871,Lost Customers,5,195,1,155.9,1,2,1,4,155.90,1.000000,1,NULL,10,182,2011,5,2011-05-19 11:32:00.000,2011-05-19 11:32:00.000
17832,Lost Customers,5,40,1,155.37,3,1,1,5,155.37,1.000000,1,NULL,61,208,2011,10,2011-10-21 11:43:00.000,2011-10-21 11:43:00.000
12738,Lost Customers,5,363,1,155.35,1,1,1,3,155.35,1.000000,1,NULL,11,148,2010,12,2010-12-02 18:27:00.000,2010-12-02 18:27:00.000
15447,Lost Customers,5,321,1,155.17,1,1,1,3,155.17,1.000000,1,NULL,9,85,2011,1,2011-01-13 11:26:00.000,2011-01-13 11:26:00.000
13809,Lost Customers,5,296,1,155.05,1,1,1,3,155.05,1.000000,1,NULL,11,29,2011,2,2011-02-07 13:15:00.000,2011-02-07 13:15:00.000
14368,Lost Customers,5,310,1,155,1,1,1,3,155.00,1.000000,1,NULL,8,36,2011,1,2011-01-24 09:52:00.000,2011-01-24 09:52:00.000
14046,Lost Customers,5,275,1,154.99,1,1,1,3,154.99,1.000000,1,NULL,14,460,2011,2,2011-02-28 14:48:00.000,2011-02-28 14:48:00.000
17698,Lost Customers,5,251,1,154.95,1,1,1,3,154.95,1.000000,1,NULL,8,93,2011,3,2011-03-24 11:34:00.000,2011-03-24 11:34:00.000
15740,Lost Customers,5,40,1,154.88,3,1,1,5,154.88,1.000000,1,NULL,9,152,2011,10,2011-10-21 14:29:00.000,2011-10-21 14:29:00.000
17899,Lost Customers,5,150,1,154.55,2,2,1,5,154.55,1.000000,1,NULL,29,170,2011,7,2011-07-03 14:58:00.000,2011-07-03 14:58:00.000
15226,Lost Customers,5,301,1,154.41,1,1,1,3,154.41,1.000000,1,NULL,8,71,2011,2,2011-02-02 11:41:00.000,2011-02-02 11:41:00.000
16921,Lost Customers,5,52,1,154.18,3,1,1,5,154.18,1.000000,1,NULL,50,154,2011,10,2011-10-09 16:22:00.000,2011-10-09 16:22:00.000
17517,Lost Customers,5,299,1,153.94,1,1,1,3,153.94,1.000000,1,NULL,11,102,2011,2,2011-02-04 11:48:00.000,2011-02-04 11:48:00.000
16351,Lost Customers,5,323,1,153.9,1,1,1,3,153.90,1.000000,1,NULL,8,90,2011,1,2011-01-11 10:26:00.000,2011-01-11 10:26:00.000
12602,Lost Customers,5,49,1,153.12,3,1,1,5,153.12,1.000000,1,NULL,12,162,2011,10,2011-10-12 11:22:00.000,2011-10-12 11:22:00.000
17714,Lost Customers,5,311,1,153,1,1,1,3,153.00,1.000000,1,NULL,10,92,2011,1,2011-01-23 10:32:00.000,2011-01-23 10:32:00.000
16720,Lost Customers,5,17,1,152.95,4,1,1,6,152.95,1.000000,1,NULL,25,180,2011,11,2011-11-13 16:22:00.000,2011-11-13 16:22:00.000
16248,Lost Customers,5,52,1,152.94,3,1,1,5,152.94,1.000000,1,NULL,7,78,2011,10,2011-10-09 11:32:00.000,2011-10-09 11:32:00.000
14813,Lost Customers,5,360,2,152.88,1,2,1,4,76.44,2.000000,1,1.00,25,66,2010,12,2010-12-05 11:54:00.000,2010-12-05 11:57:00.000
17984,Lost Customers,5,136,1,152.68,2,2,1,5,152.68,1.000000,1,NULL,48,98,2011,7,2011-07-17 15:59:00.000,2011-07-17 15:59:00.000
18138,Lost Customers,5,286,1,152.65,1,2,1,4,152.65,1.000000,1,NULL,8,38,2011,2,2011-02-17 14:51:00.000,2011-02-17 14:51:00.000
14066,Lost Customers,5,257,1,152.55,1,1,1,3,152.55,1.000000,1,NULL,7,45,2011,3,2011-03-18 12:21:00.000,2011-03-18 12:21:00.000
13514,Lost Customers,5,64,1,152.2,3,2,1,6,152.20,1.000000,1,NULL,4,40,2011,9,2011-09-27 09:39:00.000,2011-09-27 09:39:00.000
14039,Lost Customers,5,24,1,152.2,4,1,1,6,152.20,1.000000,1,NULL,6,92,2011,11,2011-11-06 13:48:00.000,2011-11-06 13:48:00.000
17898,Lost Customers,5,76,2,152.06,2,2,1,5,76.03,0.016260,123,123.00,27,190,2011,5,2011-05-16 17:13:00.000,2011-09-15 14:56:00.000
16617,Lost Customers,5,226,1,151.85,1,1,1,3,151.85,1.000000,1,NULL,5,91,2011,4,2011-04-18 10:35:00.000,2011-04-18 10:35:00.000
14208,Lost Customers,5,85,1,151.74,2,2,1,5,151.74,1.000000,1,NULL,10,114,2011,9,2011-09-06 12:48:00.000,2011-09-06 12:48:00.000
13462,Lost Customers,5,243,1,151.5,1,2,1,4,151.50,1.000000,1,NULL,9,62,2011,4,2011-04-01 11:20:00.000,2011-04-01 11:20:00.000
13697,Lost Customers,5,29,1,151.3,4,1,1,6,151.30,1.000000,1,NULL,12,177,2011,11,2011-11-01 09:14:00.000,2011-11-01 09:14:00.000
16337,Lost Customers,5,27,1,151.05,4,1,1,6,151.05,1.000000,1,NULL,10,87,2011,11,2011-11-03 10:03:00.000,2011-11-03 10:03:00.000
14073,Lost Customers,5,23,1,151.04,4,1,1,6,151.04,1.000000,1,NULL,13,130,2011,11,2011-11-07 15:49:00.000,2011-11-07 15:49:00.000
18200,Lost Customers,5,97,1,150.35,2,2,1,5,150.35,1.000000,1,NULL,29,104,2011,8,2011-08-25 18:45:00.000,2011-08-25 18:45:00.000
15717,Lost Customers,5,225,1,150.3,1,1,1,3,150.30,1.000000,1,NULL,7,70,2011,4,2011-04-19 13:21:00.000,2011-04-19 13:21:00.000
16932,Lost Customers,5,44,1,150.23,3,1,1,5,150.23,1.000000,1,NULL,44,82,2011,10,2011-10-17 14:12:00.000,2011-10-17 14:12:00.000
17234,Lost Customers,5,173,1,149.89,2,2,1,5,149.89,1.000000,1,NULL,14,55,2011,6,2011-06-10 11:20:00.000,2011-06-10 11:20:00.000
15869,Lost Customers,5,268,2,149.64,1,2,1,4,74.82,2.000000,1,1.00,13,175,2011,3,2011-03-07 17:19:00.000,2011-03-07 17:23:00.000
18262,Lost Customers,5,131,1,149.48,2,2,1,5,149.48,1.000000,1,NULL,13,182,2011,7,2011-07-22 16:04:00.000,2011-07-22 16:04:00.000
15435,Lost Customers,5,13,1,149.29,4,1,1,6,149.29,1.000000,1,NULL,29,54,2011,11,2011-11-17 16:39:00.000,2011-11-17 16:39:00.000
14968,Lost Customers,5,21,1,147.59,4,1,1,6,147.59,1.000000,1,NULL,37,127,2011,11,2011-11-09 13:58:00.000,2011-11-09 13:58:00.000
14098,Lost Customers,5,27,1,147.35,4,1,1,6,147.35,1.000000,1,NULL,21,104,2011,11,2011-11-03 10:13:00.000,2011-11-03 10:13:00.000
12864,Lost Customers,5,129,1,147.12,2,2,1,5,147.12,1.000000,1,NULL,3,216,2011,7,2011-07-24 13:03:00.000,2011-07-24 13:03:00.000
17030,Lost Customers,5,54,1,146.87,3,2,1,6,146.87,1.000000,1,NULL,11,146,2011,10,2011-10-07 08:49:00.000,2011-10-07 08:49:00.000
14238,Lost Customers,5,317,1,146.85,1,1,1,3,146.85,1.000000,1,NULL,8,111,2011,1,2011-01-17 14:40:00.000,2011-01-17 14:40:00.000
16893,Lost Customers,5,357,1,145.93,1,1,1,3,145.93,1.000000,1,NULL,44,62,2010,12,2010-12-08 12:06:00.000,2010-12-08 12:06:00.000
12565,Lost Customers,5,279,1,145.92,1,2,1,4,145.92,1.000000,1,NULL,9,80,2011,2,2011-02-24 10:34:00.000,2011-02-24 10:34:00.000
13866,Lost Customers,5,65,1,145.67,3,2,1,6,145.67,1.000000,1,NULL,7,57,2011,9,2011-09-26 14:54:00.000,2011-09-26 14:54:00.000
15937,Lost Customers,5,55,1,145.35,3,2,1,6,145.35,1.000000,1,NULL,7,73,2011,10,2011-10-06 15:48:00.000,2011-10-06 15:48:00.000
16598,Lost Customers,5,276,1,145.05,1,1,1,3,145.05,1.000000,1,NULL,10,73,2011,2,2011-02-27 11:42:00.000,2011-02-27 11:42:00.000
17524,Lost Customers,5,352,1,145,1,1,1,3,145.00,1.000000,1,NULL,6,90,2010,12,2010-12-13 14:32:00.000,2010-12-13 14:32:00.000
12974,Lost Customers,5,188,1,144.8,1,2,1,4,144.80,1.000000,1,NULL,8,24,2011,5,2011-05-26 09:33:00.000,2011-05-26 09:33:00.000
15748,Lost Customers,5,31,1,144.36,3,1,1,5,144.36,1.000000,1,NULL,19,50,2011,10,2011-10-30 12:51:00.000,2011-10-30 12:51:00.000
14109,Lost Customers,5,63,1,144.2,3,2,1,6,144.20,1.000000,1,NULL,9,88,2011,9,2011-09-28 10:18:00.000,2011-09-28 10:18:00.000
17186,Lost Customers,5,37,2,144,3,3,1,7,72.00,0.133333,15,15.00,1,200,2011,10,2011-10-10 12:52:00.000,2011-10-24 10:20:00.000
15883,Lost Customers,5,24,1,143.76,4,1,1,6,143.76,1.000000,1,NULL,20,72,2011,11,2011-11-06 14:50:00.000,2011-11-06 14:50:00.000
17578,Lost Customers,5,209,1,143.46,1,1,1,3,143.46,1.000000,1,NULL,5,138,2011,5,2011-05-05 18:38:00.000,2011-05-05 18:38:00.000
15705,Lost Customers,5,192,1,143.1,1,2,1,4,143.10,1.000000,1,NULL,6,62,2011,5,2011-05-22 15:37:00.000,2011-05-22 15:37:00.000
16461,Lost Customers,5,168,1,142.92,2,2,1,5,142.92,1.000000,1,NULL,31,48,2011,6,2011-06-15 12:07:00.000,2011-06-15 12:07:00.000
16287,Lost Customers,5,160,1,142.5,2,2,1,5,142.50,1.000000,1,NULL,8,298,2011,6,2011-06-23 09:08:00.000,2011-06-23 09:08:00.000
13299,Lost Customers,5,259,1,142.5,1,1,1,3,142.50,1.000000,1,NULL,5,30,2011,3,2011-03-16 12:55:00.000,2011-03-16 12:55:00.000
14386,Lost Customers,5,287,1,142.4,1,2,1,4,142.40,1.000000,1,NULL,7,54,2011,2,2011-02-16 09:45:00.000,2011-02-16 09:45:00.000
13584,Lost Customers,5,297,1,142.4,1,1,1,3,142.40,1.000000,1,NULL,24,37,2011,2,2011-02-06 12:49:00.000,2011-02-06 12:49:00.000
17859,Lost Customers,5,295,1,141.92,1,1,1,3,141.92,1.000000,1,NULL,23,102,2011,2,2011-02-08 10:32:00.000,2011-02-08 10:32:00.000
13561,Lost Customers,5,206,1,141.86,1,1,1,3,141.86,1.000000,1,NULL,14,83,2011,5,2011-05-08 12:39:00.000,2011-05-08 12:39:00.000
14041,Lost Customers,5,257,1,141.41,1,1,1,3,141.41,1.000000,1,NULL,21,94,2011,3,2011-03-18 13:25:00.000,2011-03-18 13:25:00.000
15503,Lost Customers,5,353,1,141.04,1,1,1,3,141.04,1.000000,1,NULL,66,70,2010,12,2010-12-12 10:57:00.000,2010-12-12 10:57:00.000
15388,Lost Customers,5,261,1,140.54,1,1,1,3,140.54,1.000000,1,NULL,10,88,2011,3,2011-03-14 13:53:00.000,2011-03-14 13:53:00.000
13483,Lost Customers,5,56,1,140.34,3,2,1,6,140.34,1.000000,1,NULL,10,160,2011,10,2011-10-05 11:53:00.000,2011-10-05 11:53:00.000
14494,Lost Customers,5,16,1,139.56,4,1,1,6,139.56,1.000000,1,NULL,7,92,2011,11,2011-11-14 09:21:00.000,2011-11-14 09:21:00.000
16483,Lost Customers,5,183,1,139.35,1,2,1,4,139.35,1.000000,1,NULL,19,44,2011,5,2011-05-31 13:08:00.000,2011-05-31 13:08:00.000
17718,Lost Customers,5,223,1,139.35,1,2,1,4,139.35,1.000000,1,NULL,6,83,2011,4,2011-04-21 13:39:00.000,2011-04-21 13:39:00.000
14772,Lost Customers,5,103,1,139.26,2,2,1,5,139.26,1.000000,1,NULL,9,82,2011,8,2011-08-19 15:04:00.000,2011-08-19 15:04:00.000
18209,Lost Customers,5,19,1,139.1,4,1,1,6,139.10,1.000000,1,NULL,8,58,2011,11,2011-11-11 12:07:00.000,2011-11-11 12:07:00.000
15135,Lost Customers,5,230,1,139.05,1,1,1,3,139.05,1.000000,1,NULL,9,43,2011,4,2011-04-14 19:16:00.000,2011-04-14 19:16:00.000
13273,Lost Customers,5,104,1,138.98,2,2,1,5,138.98,1.000000,1,NULL,16,153,2011,8,2011-08-18 14:02:00.000,2011-08-18 14:02:00.000
12902,Lost Customers,5,255,1,138.68,1,1,1,3,138.68,1.000000,1,NULL,10,66,2011,3,2011-03-20 12:06:00.000,2011-03-20 12:06:00.000
17122,Lost Customers,5,110,1,138.32,2,2,1,5,138.32,1.000000,1,NULL,7,80,2011,8,2011-08-12 14:33:00.000,2011-08-12 14:33:00.000
13716,Lost Customers,5,260,1,138.28,1,1,1,3,138.28,1.000000,1,NULL,21,138,2011,3,2011-03-15 13:49:00.000,2011-03-15 13:49:00.000
15663,Lost Customers,5,97,1,138.14,2,2,1,5,138.14,1.000000,1,NULL,9,106,2011,8,2011-08-25 15:50:00.000,2011-08-25 15:50:00.000
16050,Lost Customers,5,164,1,137.9,2,2,1,5,137.90,1.000000,1,NULL,10,278,2011,6,2011-06-19 11:44:00.000,2011-06-19 11:44:00.000
13279,Lost Customers,5,69,1,137.75,2,2,1,5,137.75,1.000000,1,NULL,9,73,2011,9,2011-09-22 17:24:00.000,2011-09-22 17:24:00.000
17709,Lost Customers,5,160,1,137.45,2,2,1,5,137.45,1.000000,1,NULL,7,17,2011,6,2011-06-23 11:55:00.000,2011-06-23 11:55:00.000
15836,Lost Customers,5,41,1,137.37,3,1,1,5,137.37,1.000000,1,NULL,10,26,2011,10,2011-10-20 17:13:00.000,2011-10-20 17:13:00.000
14483,Lost Customers,5,272,1,137.1,1,1,1,3,137.10,1.000000,1,NULL,9,97,2011,3,2011-03-03 10:26:00.000,2011-03-03 10:26:00.000
15691,Lost Customers,5,243,1,136.8,1,2,1,4,136.80,1.000000,1,NULL,2,72,2011,4,2011-04-01 15:13:00.000,2011-04-01 15:13:00.000
14247,Lost Customers,5,269,1,136.77,1,1,1,3,136.77,1.000000,1,NULL,19,47,2011,3,2011-03-06 15:21:00.000,2011-03-06 15:21:00.000
16462,Lost Customers,5,64,3,136,3,3,1,7,45.33,0.014218,211,105.50,1,16,2011,3,2011-03-01 08:58:00.000,2011-09-27 10:24:00.000
16412,Lost Customers,5,44,1,135.99,3,1,1,5,135.99,1.000000,1,NULL,25,63,2011,10,2011-10-17 12:35:00.000,2011-10-17 12:35:00.000
12968,Lost Customers,5,103,1,135.95,2,2,1,5,135.95,1.000000,1,NULL,5,73,2011,8,2011-08-19 15:44:00.000,2011-08-19 15:44:00.000
15042,Lost Customers,5,190,1,135.93,1,2,1,4,135.93,1.000000,1,NULL,5,30,2011,5,2011-05-24 16:25:00.000,2011-05-24 16:25:00.000
14889,Lost Customers,5,327,1,135.9,1,1,1,3,135.90,1.000000,1,NULL,10,90,2011,1,2011-01-07 15:19:00.000,2011-01-07 15:19:00.000
16114,Lost Customers,5,161,1,135.75,2,2,1,5,135.75,1.000000,1,NULL,8,43,2011,6,2011-06-22 10:13:00.000,2011-06-22 10:13:00.000
15174,Lost Customers,5,313,1,135.75,1,1,1,3,135.75,1.000000,1,NULL,11,145,2011,1,2011-01-21 09:06:00.000,2011-01-21 09:06:00.000
16665,Lost Customers,5,353,1,135.4,1,1,1,3,135.40,1.000000,1,NULL,9,59,2010,12,2010-12-12 14:03:00.000,2010-12-12 14:03:00.000
17972,Lost Customers,5,232,1,135.19,1,1,1,3,135.19,1.000000,1,NULL,30,36,2011,4,2011-04-12 12:16:00.000,2011-04-12 12:16:00.000
13364,Lost Customers,5,62,1,134.96,3,2,1,6,134.96,1.000000,1,NULL,10,71,2011,9,2011-09-29 18:13:00.000,2011-09-29 18:13:00.000
16055,Lost Customers,5,211,1,134.8,1,1,1,3,134.80,1.000000,1,NULL,8,22,2011,5,2011-05-03 09:26:00.000,2011-05-03 09:26:00.000
14340,Lost Customers,5,209,1,134.7,1,1,1,3,134.70,1.000000,1,NULL,6,58,2011,5,2011-05-05 09:44:00.000,2011-05-05 09:44:00.000
15562,Lost Customers,5,342,1,134.55,1,1,1,3,134.55,1.000000,1,NULL,1,39,2010,12,2010-12-23 09:55:00.000,2010-12-23 09:55:00.000
14174,Lost Customers,5,24,1,134.46,4,1,1,6,134.46,1.000000,1,NULL,26,94,2011,11,2011-11-06 13:17:00.000,2011-11-06 13:17:00.000
12837,Lost Customers,5,164,1,134.1,2,2,1,5,134.10,1.000000,1,NULL,12,24,2011,6,2011-06-19 16:07:00.000,2011-06-19 16:07:00.000
14280,Lost Customers,5,187,1,134.04,1,2,1,4,134.04,1.000000,1,NULL,8,52,2011,5,2011-05-27 10:37:00.000,2011-05-27 10:37:00.000
16424,Lost Customers,5,182,1,133.56,1,2,1,4,133.56,1.000000,1,NULL,5,88,2011,6,2011-06-01 13:40:00.000,2011-06-01 13:40:00.000
12445,Lost Customers,5,13,1,133.4,4,1,1,6,133.40,1.000000,1,NULL,4,62,2011,11,2011-11-17 18:43:00.000,2011-11-17 18:43:00.000
17881,Lost Customers,5,295,1,133.35,1,1,1,3,133.35,1.000000,1,NULL,8,32,2011,2,2011-02-08 17:16:00.000,2011-02-08 17:16:00.000
15709,Lost Customers,5,274,1,133.25,1,1,1,3,133.25,1.000000,1,NULL,6,121,2011,3,2011-03-01 10:38:00.000,2011-03-01 10:38:00.000
17647,Lost Customers,5,56,1,133.06,3,2,1,6,133.06,1.000000,1,NULL,7,30,2011,10,2011-10-05 15:38:00.000,2011-10-05 15:38:00.000
17221,Lost Customers,5,27,1,132.28,4,1,1,6,132.28,1.000000,1,NULL,30,115,2011,11,2011-11-03 17:39:00.000,2011-11-03 17:39:00.000
12512,Lost Customers,5,57,2,132.18,3,3,1,7,66.09,2.000000,1,1.00,31,96,2011,10,2011-10-04 14:53:00.000,2011-10-04 14:55:00.000
18005,Lost Customers,5,38,1,132.07,3,1,1,5,132.07,1.000000,1,NULL,21,47,2011,10,2011-10-23 14:40:00.000,2011-10-23 14:40:00.000
17785,Lost Customers,5,44,1,131.94,3,1,1,5,131.94,1.000000,1,NULL,13,67,2011,10,2011-10-17 13:43:00.000,2011-10-17 13:43:00.000
14438,Lost Customers,5,297,1,131.9,1,1,1,3,131.90,1.000000,1,NULL,9,82,2011,2,2011-02-06 14:56:00.000,2011-02-06 14:56:00.000
12851,Lost Customers,5,87,1,131.81,2,2,1,5,131.81,1.000000,1,NULL,43,106,2011,9,2011-09-04 12:41:00.000,2011-09-04 12:41:00.000
17455,Lost Customers,5,194,1,131.7,1,2,1,4,131.70,1.000000,1,NULL,8,66,2011,5,2011-05-20 12:31:00.000,2011-05-20 12:31:00.000
14795,Lost Customers,5,157,1,131.45,2,2,1,5,131.45,1.000000,1,NULL,6,17,2011,6,2011-06-26 13:04:00.000,2011-06-26 13:04:00.000
15844,Lost Customers,5,37,1,130.74,3,1,1,5,130.74,1.000000,1,NULL,11,134,2011,10,2011-10-24 15:19:00.000,2011-10-24 15:19:00.000
16679,Lost Customers,5,357,1,129.75,1,1,1,3,129.75,1.000000,1,NULL,3,29,2010,12,2010-12-08 13:51:00.000,2010-12-08 13:51:00.000
16611,Lost Customers,5,177,1,129.49,1,2,1,4,129.49,1.000000,1,NULL,9,47,2011,6,2011-06-06 15:46:00.000,2011-06-06 15:46:00.000
16623,Lost Customers,5,236,1,129.45,1,1,1,3,129.45,1.000000,1,NULL,5,39,2011,4,2011-04-08 10:09:00.000,2011-04-08 10:09:00.000
15276,Lost Customers,5,57,1,128.63,3,2,1,6,128.63,1.000000,1,NULL,49,61,2011,10,2011-10-04 16:39:00.000,2011-10-04 16:39:00.000
15543,Lost Customers,5,279,1,127.86,1,2,1,4,127.86,1.000000,1,NULL,26,86,2011,2,2011-02-24 15:26:00.000,2011-02-24 15:26:00.000
13781,Lost Customers,5,241,1,127.84,1,2,1,4,127.84,1.000000,1,NULL,17,30,2011,4,2011-04-03 12:08:00.000,2011-04-03 12:08:00.000
15578,Lost Customers,5,153,1,127.1,2,2,1,5,127.10,1.000000,1,NULL,13,52,2011,6,2011-06-30 13:03:00.000,2011-06-30 13:03:00.000
15923,Lost Customers,5,363,1,127.08,1,1,1,3,127.08,1.000000,1,NULL,21,122,2010,12,2010-12-02 12:16:00.000,2010-12-02 12:16:00.000
14962,Lost Customers,5,261,1,126.7,1,1,1,3,126.70,1.000000,1,NULL,5,44,2011,3,2011-03-14 09:42:00.000,2011-03-14 09:42:00.000
15463,Lost Customers,5,20,1,126.14,4,1,1,6,126.14,1.000000,1,NULL,7,106,2011,11,2011-11-10 12:57:00.000,2011-11-10 12:57:00.000
12814,Lost Customers,5,92,1,125.92,2,2,1,5,125.92,1.000000,1,NULL,2,49,2011,8,2011-08-30 12:11:00.000,2011-08-30 12:11:00.000
13522,Lost Customers,5,21,1,125.8,4,1,1,6,125.80,1.000000,1,NULL,5,44,2011,11,2011-11-09 15:11:00.000,2011-11-09 15:11:00.000
14861,Lost Customers,5,43,1,125.79,3,1,1,5,125.79,1.000000,1,NULL,6,117,2011,10,2011-10-18 12:54:00.000,2011-10-18 12:54:00.000
14890,Lost Customers,5,244,1,125.65,1,1,1,3,125.65,1.000000,1,NULL,7,51,2011,3,2011-03-31 11:57:00.000,2011-03-31 11:57:00.000
15017,Lost Customers,5,24,1,125.58,4,1,1,6,125.58,1.000000,1,NULL,20,63,2011,11,2011-11-06 10:33:00.000,2011-11-06 10:33:00.000
17148,Lost Customers,5,42,1,124.88,3,1,1,5,124.88,1.000000,1,NULL,9,82,2011,10,2011-10-19 09:59:00.000,2011-10-19 09:59:00.000
16849,Lost Customers,5,177,1,124.57,2,2,1,5,124.57,1.000000,1,NULL,8,33,2011,6,2011-06-06 09:16:00.000,2011-06-06 09:16:00.000
14495,Lost Customers,5,41,2,123.8,3,3,1,7,61.90,0.027778,72,72.00,6,62,2011,8,2011-08-10 14:13:00.000,2011-10-20 12:28:00.000
16658,Lost Customers,5,359,1,123.24,1,1,1,3,123.24,1.000000,1,NULL,8,40,2010,12,2010-12-06 13:47:00.000,2010-12-06 13:47:00.000
14658,Lost Customers,5,108,1,123.14,2,2,1,5,123.14,1.000000,1,NULL,14,23,2011,8,2011-08-14 15:42:00.000,2011-08-14 15:42:00.000
15917,Lost Customers,5,238,1,123.1,1,1,1,3,123.10,1.000000,1,NULL,12,42,2011,4,2011-04-06 10:40:00.000,2011-04-06 10:40:00.000
13519,Lost Customers,5,69,1,122.75,2,2,1,5,122.75,1.000000,1,NULL,8,23,2011,9,2011-09-22 18:24:00.000,2011-09-22 18:24:00.000
13876,Lost Customers,5,54,1,122.7,3,1,1,5,122.70,1.000000,1,NULL,7,36,2011,10,2011-10-07 10:22:00.000,2011-10-07 10:22:00.000
16073,Lost Customers,5,288,1,122.4,1,2,1,4,122.40,1.000000,1,NULL,1,48,2011,2,2011-02-15 15:41:00.000,2011-02-15 15:41:00.000
17436,Lost Customers,5,217,1,122.4,1,2,1,4,122.40,1.000000,1,NULL,4,48,2011,4,2011-04-27 11:33:00.000,2011-04-27 11:33:00.000
13244,Lost Customers,5,83,1,121.74,2,2,1,5,121.74,1.000000,1,NULL,27,38,2011,9,2011-09-08 11:46:00.000,2011-09-08 11:46:00.000
13182,Lost Customers,5,36,1,121.18,3,1,1,5,121.18,1.000000,1,NULL,11,201,2011,10,2011-10-25 13:46:00.000,2011-10-25 13:46:00.000
15049,Lost Customers,5,264,1,121.17,1,1,1,3,121.17,1.000000,1,NULL,3,63,2011,3,2011-03-11 12:13:00.000,2011-03-11 12:13:00.000
18030,Lost Customers,5,33,1,121.1,3,1,1,5,121.10,1.000000,1,NULL,4,46,2011,10,2011-10-28 13:55:00.000,2011-10-28 13:55:00.000
14413,Lost Customers,5,353,1,121.05,1,1,1,3,121.05,1.000000,1,NULL,22,67,2010,12,2010-12-12 13:37:00.000,2010-12-12 13:37:00.000
13002,Lost Customers,5,309,1,120.95,1,1,1,3,120.95,1.000000,1,NULL,7,73,2011,1,2011-01-25 15:18:00.000,2011-01-25 15:18:00.000
14165,Lost Customers,5,266,1,120.44,1,1,1,3,120.44,1.000000,1,NULL,23,53,2011,3,2011-03-09 12:39:00.000,2011-03-09 12:39:00.000
14259,Lost Customers,5,132,1,120,2,2,1,5,120.00,1.000000,1,NULL,5,68,2011,7,2011-07-21 10:44:00.000,2011-07-21 10:44:00.000
14314,Lost Customers,5,97,1,120,2,2,1,5,120.00,1.000000,1,NULL,8,296,2011,8,2011-08-25 10:39:00.000,2011-08-25 10:39:00.000
14453,Lost Customers,5,181,1,119.93,1,2,1,4,119.93,1.000000,1,NULL,22,49,2011,6,2011-06-02 14:15:00.000,2011-06-02 14:15:00.000
16542,Lost Customers,5,44,1,119.62,3,1,1,5,119.62,1.000000,1,NULL,5,46,2011,10,2011-10-17 10:47:00.000,2011-10-17 10:47:00.000
15266,Lost Customers,5,329,1,119.3,1,1,1,3,119.30,1.000000,1,NULL,6,18,2011,1,2011-01-05 13:40:00.000,2011-01-05 13:40:00.000
15843,Lost Customers,5,294,1,118.95,1,2,1,4,118.95,1.000000,1,NULL,8,27,2011,2,2011-02-09 10:19:00.000,2011-02-09 10:19:00.000
17079,Lost Customers,5,69,1,118.8,2,1,1,4,118.80,1.000000,1,NULL,2,24,2011,9,2011-09-22 15:34:00.000,2011-09-22 15:34:00.000
14155,Lost Customers,5,257,1,118.75,1,1,1,3,118.75,1.000000,1,NULL,6,25,2011,3,2011-03-18 14:13:00.000,2011-03-18 14:13:00.000
14076,Lost Customers,5,120,1,118.67,2,2,1,5,118.67,1.000000,1,NULL,43,79,2011,8,2011-08-02 15:19:00.000,2011-08-02 15:19:00.000
13581,Lost Customers,5,300,1,118,1,1,1,3,118.00,1.000000,1,NULL,10,30,2011,2,2011-02-03 14:41:00.000,2011-02-03 14:41:00.000
12929,Lost Customers,5,302,1,117.85,1,1,1,3,117.85,1.000000,1,NULL,8,37,2011,2,2011-02-01 12:08:00.000,2011-02-01 12:08:00.000
17654,Lost Customers,5,268,1,117.55,1,1,1,3,117.55,1.000000,1,NULL,22,41,2011,3,2011-03-07 13:17:00.000,2011-03-07 13:17:00.000
16959,Lost Customers,5,78,1,117.35,2,2,1,5,117.35,1.000000,1,NULL,7,49,2011,9,2011-09-13 15:03:00.000,2011-09-13 15:03:00.000
13877,Lost Customers,5,77,1,117.24,2,2,1,5,117.24,1.000000,1,NULL,3,108,2011,9,2011-09-14 15:49:00.000,2011-09-14 15:49:00.000
13780,Lost Customers,5,161,1,116.28,2,2,1,5,116.28,1.000000,1,NULL,9,173,2011,6,2011-06-22 11:43:00.000,2011-06-22 11:43:00.000
17117,Lost Customers,5,279,1,116.2,1,2,1,4,116.20,1.000000,1,NULL,9,68,2011,2,2011-02-24 13:54:00.000,2011-02-24 13:54:00.000
17601,Lost Customers,5,230,1,116.01,1,1,1,3,116.01,1.000000,1,NULL,9,103,2011,4,2011-04-14 18:02:00.000,2011-04-14 18:02:00.000
14143,Lost Customers,5,124,1,115.8,2,2,1,5,115.80,1.000000,1,NULL,7,30,2011,7,2011-07-29 09:48:00.000,2011-07-29 09:48:00.000
15350,Lost Customers,5,364,1,115.65,1,1,1,3,115.65,1.000000,1,NULL,5,51,2010,12,2010-12-01 13:33:00.000,2010-12-01 13:33:00.000
13067,Lost Customers,5,73,1,115.46,2,1,1,4,115.46,1.000000,1,NULL,14,32,2011,9,2011-09-18 13:38:00.000,2011-09-18 13:38:00.000
18027,Lost Customers,5,89,1,115.31,2,2,1,5,115.31,1.000000,1,NULL,21,78,2011,9,2011-09-02 10:38:00.000,2011-09-02 10:38:00.000
14972,Lost Customers,5,119,1,114.77,2,2,1,5,114.77,1.000000,1,NULL,18,28,2011,8,2011-08-03 14:54:00.000,2011-08-03 14:54:00.000
16247,Lost Customers,5,161,1,114.56,2,2,1,5,114.56,1.000000,1,NULL,16,182,2011,6,2011-06-22 14:23:00.000,2011-06-22 14:23:00.000
14632,Lost Customers,5,253,1,114.56,1,1,1,3,114.56,1.000000,1,NULL,8,96,2011,3,2011-03-22 08:49:00.000,2011-03-22 08:49:00.000
17219,Lost Customers,5,22,1,114.23,4,1,1,6,114.23,1.000000,1,NULL,24,89,2011,11,2011-11-08 11:25:00.000,2011-11-08 11:25:00.000
14652,Lost Customers,5,68,1,114.18,3,2,1,6,114.18,1.000000,1,NULL,29,53,2011,9,2011-09-23 14:21:00.000,2011-09-23 14:21:00.000
12938,Lost Customers,5,16,1,114.14,4,1,1,6,114.14,1.000000,1,NULL,9,140,2011,11,2011-11-14 11:21:00.000,2011-11-14 11:21:00.000
14582,Lost Customers,5,31,1,114.11,4,1,1,6,114.11,1.000000,1,NULL,6,73,2011,10,2011-10-30 11:56:00.000,2011-10-30 11:56:00.000
12651,Lost Customers,5,325,1,114,1,1,1,3,114.00,1.000000,1,NULL,9,78,2011,1,2011-01-09 12:46:00.000,2011-01-09 12:46:00.000
14457,Lost Customers,5,301,1,113.64,1,1,1,3,113.64,1.000000,1,NULL,4,88,2011,2,2011-02-02 09:39:00.000,2011-02-02 09:39:00.000
15445,Lost Customers,5,255,1,113.5,1,1,1,3,113.50,1.000000,1,NULL,5,58,2011,3,2011-03-20 15:06:00.000,2011-03-20 15:06:00.000
17217,Lost Customers,5,225,1,113.5,1,1,1,3,113.50,1.000000,1,NULL,9,24,2011,4,2011-04-19 17:19:00.000,2011-04-19 17:19:00.000
18105,Lost Customers,5,28,1,113.48,4,1,1,6,113.48,1.000000,1,NULL,18,46,2011,11,2011-11-02 12:04:00.000,2011-11-02 12:04:00.000
16913,Lost Customers,5,281,1,113.44,1,1,1,3,113.44,1.000000,1,NULL,8,82,2011,2,2011-02-22 12:56:00.000,2011-02-22 12:56:00.000
15280,Lost Customers,5,163,1,113.12,2,2,1,5,113.12,1.000000,1,NULL,16,154,2011,6,2011-06-20 17:14:00.000,2011-06-20 17:14:00.000
17266,Lost Customers,5,138,1,113.06,2,2,1,5,113.06,1.000000,1,NULL,17,27,2011,7,2011-07-15 11:57:00.000,2011-07-15 11:57:00.000
14689,Lost Customers,5,199,1,112.8,1,2,1,4,112.80,1.000000,1,NULL,13,76,2011,5,2011-05-15 11:22:00.000,2011-05-15 11:22:00.000
16697,Lost Customers,5,232,1,112.75,1,1,1,3,112.75,1.000000,1,NULL,20,27,2011,4,2011-04-12 17:12:00.000,2011-04-12 17:12:00.000
13161,Lost Customers,5,304,1,112.75,1,1,1,3,112.75,1.000000,1,NULL,8,29,2011,1,2011-01-30 14:03:00.000,2011-01-30 14:03:00.000
13807,Lost Customers,5,358,1,112.6,1,1,1,3,112.60,1.000000,1,NULL,7,36,2010,12,2010-12-07 15:48:00.000,2010-12-07 15:48:00.000
18129,Lost Customers,5,234,1,112.55,1,1,1,3,112.55,1.000000,1,NULL,13,48,2011,4,2011-04-10 14:16:00.000,2011-04-10 14:16:00.000
15610,Lost Customers,5,42,1,112.46,3,1,1,5,112.46,1.000000,1,NULL,6,66,2011,10,2011-10-19 10:36:00.000,2011-10-19 10:36:00.000
17038,Lost Customers,5,21,1,112.4,4,1,1,6,112.40,1.000000,1,NULL,22,28,2011,11,2011-11-09 13:50:00.000,2011-11-09 13:50:00.000
14271,Lost Customers,5,216,1,112.32,1,1,1,3,112.32,1.000000,1,NULL,10,88,2011,4,2011-04-28 12:47:00.000,2011-04-28 12:47:00.000
17967,Lost Customers,5,362,1,112.27,1,1,1,3,112.27,1.000000,1,NULL,41,73,2010,12,2010-12-03 11:19:00.000,2010-12-03 11:19:00.000
12756,Lost Customers,5,77,1,112.08,2,2,1,5,112.08,1.000000,1,NULL,4,144,2011,9,2011-09-14 09:31:00.000,2011-09-14 09:31:00.000
13193,Lost Customers,5,52,1,112.08,3,1,1,5,112.08,1.000000,1,NULL,22,46,2011,10,2011-10-09 14:30:00.000,2011-10-09 14:30:00.000
17957,Lost Customers,5,57,1,111.68,3,2,1,6,111.68,1.000000,1,NULL,31,287,2011,10,2011-10-04 14:58:00.000,2011-10-04 14:58:00.000
17887,Lost Customers,5,120,1,111.35,2,2,1,5,111.35,1.000000,1,NULL,10,30,2011,8,2011-08-02 17:29:00.000,2011-08-02 17:29:00.000
18120,Lost Customers,5,205,1,111.15,1,1,1,3,111.15,1.000000,1,NULL,17,31,2011,5,2011-05-09 13:45:00.000,2011-05-09 13:45:00.000
15690,Lost Customers,5,91,1,111,2,2,1,5,111.00,1.000000,1,NULL,8,204,2011,8,2011-08-31 11:40:00.000,2011-08-31 11:40:00.000
13508,Lost Customers,5,234,1,110.97,1,1,1,3,110.97,1.000000,1,NULL,12,24,2011,4,2011-04-10 11:58:00.000,2011-04-10 11:58:00.000
13144,Lost Customers,5,323,1,110.95,1,1,1,3,110.95,1.000000,1,NULL,3,21,2011,1,2011-01-11 11:15:00.000,2011-01-11 11:15:00.000
15537,Lost Customers,5,154,1,110.92,2,2,1,5,110.92,1.000000,1,NULL,24,29,2011,6,2011-06-29 13:10:00.000,2011-06-29 13:10:00.000
15853,Lost Customers,5,42,1,110.8,3,1,1,5,110.80,1.000000,1,NULL,29,135,2011,10,2011-10-19 10:38:00.000,2011-10-19 10:38:00.000
16963,Lost Customers,5,178,1,110.55,1,2,1,4,110.55,1.000000,1,NULL,7,35,2011,6,2011-06-05 13:48:00.000,2011-06-05 13:48:00.000
12734,Lost Customers,5,343,1,110.4,1,1,1,3,110.40,1.000000,1,NULL,4,88,2010,12,2010-12-22 12:47:00.000,2010-12-22 12:47:00.000
16792,Lost Customers,5,273,2,110.38,1,2,1,4,55.19,2.000000,1,1.00,11,44,2011,3,2011-03-02 14:39:00.000,2011-03-02 14:41:00.000
17901,Lost Customers,5,20,1,110.38,4,1,1,6,110.38,1.000000,1,NULL,19,24,2011,11,2011-11-10 17:29:00.000,2011-11-10 17:29:00.000
18277,Lost Customers,5,49,1,110.38,3,1,1,5,110.38,1.000000,1,NULL,8,68,2011,10,2011-10-12 15:22:00.000,2011-10-12 15:22:00.000
17746,Lost Customers,5,231,1,110.25,1,1,1,3,110.25,1.000000,1,NULL,6,29,2011,4,2011-04-13 14:31:00.000,2011-04-13 14:31:00.000
17836,Lost Customers,5,38,1,110.21,3,1,1,5,110.21,1.000000,1,NULL,23,88,2011,10,2011-10-23 16:13:00.000,2011-10-23 16:13:00.000
13133,Lost Customers,5,264,2,109.8,1,2,1,4,54.90,0.062500,32,32.00,7,32,2011,2,2011-02-08 15:48:00.000,2011-03-11 10:31:00.000
16363,Lost Customers,5,44,1,109.36,3,1,1,5,109.36,1.000000,1,NULL,5,52,2011,10,2011-10-17 14:14:00.000,2011-10-17 14:14:00.000
14699,Lost Customers,5,205,1,109.13,1,1,1,3,109.13,1.000000,1,NULL,8,77,2011,5,2011-05-09 14:54:00.000,2011-05-09 14:54:00.000
14345,Lost Customers,5,29,1,108.98,4,1,1,6,108.98,1.000000,1,NULL,6,50,2011,11,2011-11-01 09:51:00.000,2011-11-01 09:51:00.000
13170,Lost Customers,5,17,1,108.81,4,1,1,6,108.81,1.000000,1,NULL,29,141,2011,11,2011-11-13 12:19:00.000,2011-11-13 12:19:00.000
17639,Lost Customers,5,267,1,108.5,1,1,1,3,108.50,1.000000,1,NULL,7,49,2011,3,2011-03-08 15:22:00.000,2011-03-08 15:22:00.000
16106,Lost Customers,5,56,1,108.38,3,2,1,6,108.38,1.000000,1,NULL,6,74,2011,10,2011-10-05 10:37:00.000,2011-10-05 10:37:00.000
13226,Lost Customers,5,264,1,108.21,1,1,1,3,108.21,1.000000,1,NULL,16,80,2011,3,2011-03-11 14:35:00.000,2011-03-11 14:35:00.000
12956,Lost Customers,5,297,1,108.07,1,1,1,3,108.07,1.000000,1,NULL,19,34,2011,2,2011-02-06 16:08:00.000,2011-02-06 16:08:00.000
14661,Lost Customers,5,17,1,107.95,4,1,1,6,107.95,1.000000,1,NULL,4,35,2011,11,2011-11-13 11:51:00.000,2011-11-13 11:51:00.000
17274,Lost Customers,5,26,1,107.82,4,1,1,6,107.82,1.000000,1,NULL,24,77,2011,11,2011-11-04 13:16:00.000,2011-11-04 13:16:00.000
15395,Lost Customers,5,316,1,107.45,1,1,1,3,107.45,1.000000,1,NULL,7,17,2011,1,2011-01-18 12:40:00.000,2011-01-18 12:40:00.000
17893,Lost Customers,5,216,1,107.21,1,1,1,3,107.21,1.000000,1,NULL,15,149,2011,4,2011-04-28 13:50:00.000,2011-04-28 13:50:00.000
16757,Lost Customers,5,309,1,106.83,1,1,1,3,106.83,1.000000,1,NULL,7,81,2011,1,2011-01-25 11:59:00.000,2011-01-25 11:59:00.000
15168,Lost Customers,5,16,1,106.56,4,1,1,6,106.56,1.000000,1,NULL,5,52,2011,11,2011-11-14 11:26:00.000,2011-11-14 11:26:00.000
15070,Lost Customers,5,363,1,106.2,1,1,1,3,106.20,1.000000,1,NULL,1,36,2010,12,2010-12-02 11:23:00.000,2010-12-02 11:23:00.000
17791,Lost Customers,5,20,1,106.1,4,1,1,6,106.10,1.000000,1,NULL,10,46,2011,11,2011-11-10 12:09:00.000,2011-11-10 12:09:00.000
16581,Lost Customers,5,173,1,105.84,2,2,1,5,105.84,1.000000,1,NULL,9,134,2011,6,2011-06-10 10:05:00.000,2011-06-10 10:05:00.000
15775,Lost Customers,5,236,1,104.9,1,1,1,3,104.90,1.000000,1,NULL,7,68,2011,4,2011-04-08 12:56:00.000,2011-04-08 12:56:00.000
14027,Lost Customers,5,51,1,104.82,3,1,1,5,104.82,1.000000,1,NULL,6,62,2011,10,2011-10-10 09:01:00.000,2011-10-10 09:01:00.000
15607,Lost Customers,5,327,1,104.76,1,1,1,3,104.76,1.000000,1,NULL,13,202,2011,1,2011-01-07 12:44:00.000,2011-01-07 12:44:00.000
15958,Lost Customers,5,65,1,104.35,3,2,1,6,104.35,1.000000,1,NULL,7,33,2011,9,2011-09-26 13:41:00.000,2011-09-26 13:41:00.000
18255,Lost Customers,5,80,1,103.3,2,2,1,5,103.30,1.000000,1,NULL,6,74,2011,9,2011-09-11 13:16:00.000,2011-09-11 13:16:00.000
17548,Lost Customers,5,224,1,103.3,1,2,1,4,103.30,1.000000,1,NULL,5,58,2011,4,2011-04-20 12:01:00.000,2011-04-20 12:01:00.000
14542,Lost Customers,5,176,1,103.25,2,2,1,5,103.25,1.000000,1,NULL,5,19,2011,6,2011-06-07 08:19:00.000,2011-06-07 08:19:00.000
18011,Lost Customers,5,364,1,102.79,1,1,1,3,102.79,1.000000,1,NULL,28,71,2010,12,2010-12-01 17:35:00.000,2010-12-01 17:35:00.000
17962,Lost Customers,5,133,1,102.41,2,2,1,5,102.41,1.000000,1,NULL,33,127,2011,7,2011-07-20 14:16:00.000,2011-07-20 14:16:00.000
15101,Lost Customers,5,350,1,102.28,1,1,1,3,102.28,1.000000,1,NULL,4,34,2010,12,2010-12-15 12:54:00.000,2010-12-15 12:54:00.000
14981,Lost Customers,5,237,1,102.12,1,1,1,3,102.12,1.000000,1,NULL,8,97,2011,4,2011-04-07 13:45:00.000,2011-04-07 13:45:00.000
13948,Lost Customers,5,351,1,102,1,1,1,3,102.00,1.000000,1,NULL,3,40,2010,12,2010-12-14 10:18:00.000,2010-12-14 10:18:00.000
15212,Lost Customers,5,232,1,101.8,1,1,1,3,101.80,1.000000,1,NULL,5,36,2011,4,2011-04-12 13:45:00.000,2011-04-12 13:45:00.000
18068,Lost Customers,5,280,1,101.7,1,2,1,4,101.70,1.000000,1,NULL,1,6,2011,2,2011-02-23 14:50:00.000,2011-02-23 14:50:00.000
16516,Lost Customers,5,21,1,101.7,4,1,1,6,101.70,1.000000,1,NULL,6,58,2011,11,2011-11-09 14:59:00.000,2011-11-09 14:59:00.000
17643,Lost Customers,5,364,1,101.55,1,1,1,3,101.55,1.000000,1,NULL,8,71,2010,12,2010-12-01 14:38:00.000,2010-12-01 14:38:00.000
16006,Lost Customers,5,202,1,101.4,1,2,1,4,101.40,1.000000,1,NULL,8,84,2011,5,2011-05-12 13:12:00.000,2011-05-12 13:12:00.000
18086,Lost Customers,5,265,1,101.34,1,1,1,3,101.34,1.000000,1,NULL,7,106,2011,3,2011-03-10 13:34:00.000,2011-03-10 13:34:00.000
13101,Lost Customers,5,225,1,101.19,1,1,1,3,101.19,1.000000,1,NULL,8,113,2011,4,2011-04-19 14:37:00.000,2011-04-19 14:37:00.000
16344,Lost Customers,5,149,1,101.1,2,2,1,5,101.10,1.000000,1,NULL,1,18,2011,7,2011-07-04 15:50:00.000,2011-07-04 15:50:00.000
17427,Lost Customers,5,62,1,100.8,3,2,1,6,100.80,1.000000,1,NULL,2,34,2011,9,2011-09-29 11:29:00.000,2011-09-29 11:29:00.000
14371,Lost Customers,5,286,1,100.5,1,2,1,4,100.50,1.000000,1,NULL,4,34,2011,2,2011-02-17 16:35:00.000,2011-02-17 16:35:00.000
18282,Lost Customers,5,117,1,100.21,2,2,1,5,100.21,1.000000,1,NULL,7,75,2011,8,2011-08-05 13:35:00.000,2011-08-05 13:35:00.000
13703,Lost Customers,5,309,1,99.5,1,1,1,3,99.50,1.000000,1,NULL,1,10,2011,1,2011-01-25 13:10:00.000,2011-01-25 13:10:00.000
17939,Lost Customers,5,150,1,99.14,2,2,1,5,99.14,1.000000,1,NULL,12,40,2011,7,2011-07-03 12:27:00.000,2011-07-03 12:27:00.000
15256,Lost Customers,5,139,1,98.45,2,2,1,5,98.45,1.000000,1,NULL,6,55,2011,7,2011-07-14 11:47:00.000,2011-07-14 11:47:00.000
17538,Lost Customers,5,16,1,98.42,4,1,1,6,98.42,1.000000,1,NULL,9,134,2011,11,2011-11-14 12:12:00.000,2011-11-14 12:12:00.000
17349,Lost Customers,5,170,1,98.25,2,2,1,5,98.25,1.000000,1,NULL,8,102,2011,6,2011-06-13 14:29:00.000,2011-06-13 14:29:00.000
15422,Lost Customers,5,314,2,97.7,1,2,1,4,48.85,2.000000,1,1.00,6,38,2011,1,2011-01-20 14:17:00.000,2011-01-20 16:17:00.000
17325,Lost Customers,5,271,1,96.8,1,1,1,3,96.80,1.000000,1,NULL,6,60,2011,3,2011-03-04 13:09:00.000,2011-03-04 13:09:00.000
15216,Lost Customers,5,78,1,96.6,2,2,1,5,96.60,1.000000,1,NULL,2,28,2011,9,2011-09-13 11:41:00.000,2011-09-13 11:41:00.000
14642,Lost Customers,5,49,1,96.12,3,1,1,5,96.12,1.000000,1,NULL,2,76,2011,10,2011-10-12 11:08:00.000,2011-10-12 11:08:00.000
17024,Lost Customers,5,36,3,95.85,3,4,1,8,31.95,0.026549,113,56.50,2,69,2011,7,2011-07-05 09:31:00.000,2011-10-25 13:47:00.000
16620,Lost Customers,5,251,1,95.76,1,1,1,3,95.76,1.000000,1,NULL,5,48,2011,3,2011-03-24 10:37:00.000,2011-03-24 10:37:00.000
17895,Lost Customers,5,35,1,95.45,3,1,1,5,95.45,1.000000,1,NULL,15,127,2011,10,2011-10-26 17:00:00.000,2011-10-26 17:00:00.000
12548,Lost Customers,5,157,1,95.2,2,2,1,5,95.20,1.000000,1,NULL,5,49,2011,6,2011-06-26 15:35:00.000,2011-06-26 15:35:00.000
16387,Lost Customers,5,313,1,94.36,1,1,1,3,94.36,1.000000,1,NULL,4,44,2011,1,2011-01-21 11:34:00.000,2011-01-21 11:34:00.000
16339,Lost Customers,5,275,1,94.05,1,1,1,3,94.05,1.000000,1,NULL,17,21,2011,2,2011-02-28 13:41:00.000,2011-02-28 13:41:00.000
15397,Lost Customers,5,280,1,94,1,2,1,4,94.00,1.000000,1,NULL,6,20,2011,2,2011-02-23 09:25:00.000,2011-02-23 09:25:00.000
18033,Lost Customers,5,56,1,93.82,3,2,1,6,93.82,1.000000,1,NULL,32,252,2011,10,2011-10-05 17:28:00.000,2011-10-05 17:28:00.000
18227,Lost Customers,5,208,1,93.75,1,1,1,3,93.75,1.000000,1,NULL,5,21,2011,5,2011-05-06 12:23:00.000,2011-05-06 12:23:00.000
13283,Lost Customers,5,50,2,93.66,3,3,1,7,46.83,0.015748,127,127.00,7,90,2011,6,2011-06-07 12:39:00.000,2011-10-11 09:50:00.000
12821,Lost Customers,5,205,1,92.72,1,1,1,3,92.72,1.000000,1,NULL,6,70,2011,5,2011-05-09 15:51:00.000,2011-05-09 15:51:00.000
14054,Lost Customers,5,56,1,92.46,3,2,1,6,92.46,1.000000,1,NULL,6,62,2011,10,2011-10-05 15:49:00.000,2011-10-05 15:49:00.000
12789,Lost Customers,5,56,1,91.85,3,2,1,6,91.85,1.000000,1,NULL,4,4,2011,10,2011-10-05 13:34:00.000,2011-10-05 13:34:00.000
13551,Lost Customers,5,310,1,91.8,1,1,1,3,91.80,1.000000,1,NULL,4,12,2011,1,2011-01-24 14:46:00.000,2011-01-24 14:46:00.000
12659,Lost Customers,5,20,1,91.68,4,1,1,6,91.68,1.000000,1,NULL,5,105,2011,11,2011-11-10 11:53:00.000,2011-11-10 11:53:00.000
15488,Lost Customers,5,83,1,91.32,2,2,1,5,91.32,1.000000,1,NULL,2,73,2011,9,2011-09-08 10:11:00.000,2011-09-08 10:11:00.000
14353,Lost Customers,5,206,1,90.6,1,1,1,3,90.60,1.000000,1,NULL,6,64,2011,5,2011-05-08 16:06:00.000,2011-05-08 16:06:00.000
13947,Lost Customers,5,56,1,90.6,3,2,1,6,90.60,1.000000,1,NULL,5,44,2011,10,2011-10-05 14:42:00.000,2011-10-05 14:42:00.000
15552,Lost Customers,5,208,1,90.12,1,1,1,3,90.12,1.000000,1,NULL,17,60,2011,5,2011-05-06 14:47:00.000,2011-05-06 14:47:00.000
14117,Lost Customers,5,134,1,90,2,2,1,5,90.00,1.000000,1,NULL,3,72,2011,7,2011-07-19 09:49:00.000,2011-07-19 09:49:00.000
14974,Lost Customers,5,28,1,89.94,4,1,1,6,89.94,1.000000,1,NULL,17,37,2011,11,2011-11-02 13:01:00.000,2011-11-02 13:01:00.000
14760,Lost Customers,5,288,1,89.2,1,2,1,4,89.20,1.000000,1,NULL,5,40,2011,2,2011-02-15 16:27:00.000,2011-02-15 16:27:00.000
12686,Lost Customers,5,362,1,89.14,1,1,1,3,89.14,1.000000,1,NULL,7,107,2010,12,2010-12-03 09:51:00.000,2010-12-03 09:51:00.000
14436,Lost Customers,5,89,1,89.06,2,2,1,5,89.06,1.000000,1,NULL,9,129,2011,9,2011-09-02 10:13:00.000,2011-09-02 10:13:00.000
12353,Lost Customers,5,195,1,89,1,2,1,4,89.00,1.000000,1,NULL,4,20,2011,5,2011-05-19 17:47:00.000,2011-05-19 17:47:00.000
14960,Lost Customers,5,162,1,88.3,2,2,1,5,88.30,1.000000,1,NULL,2,20,2011,6,2011-06-21 13:38:00.000,2011-06-21 13:38:00.000
15083,Lost Customers,5,247,1,88.2,1,1,1,3,88.20,1.000000,1,NULL,5,38,2011,3,2011-03-28 12:18:00.000,2011-03-28 12:18:00.000
14354,Lost Customers,5,21,1,87.78,4,1,1,6,87.78,1.000000,1,NULL,6,90,2011,11,2011-11-09 15:36:00.000,2011-11-09 15:36:00.000
15180,Lost Customers,5,358,1,87.5,1,1,1,3,87.50,1.000000,1,NULL,6,36,2010,12,2010-12-07 14:57:00.000,2010-12-07 14:57:00.000
13296,Lost Customers,5,128,1,87.4,2,2,1,5,87.40,1.000000,1,NULL,5,78,2011,7,2011-07-25 13:46:00.000,2011-07-25 13:46:00.000
15541,Lost Customers,5,105,1,85.13,2,2,1,5,85.13,1.000000,1,NULL,29,49,2011,8,2011-08-17 14:58:00.000,2011-08-17 14:58:00.000
15729,Lost Customers,5,203,1,85,1,2,1,4,85.00,1.000000,1,NULL,5,28,2011,5,2011-05-11 12:36:00.000,2011-05-11 12:36:00.000
13841,Lost Customers,5,243,1,85,1,2,1,4,85.00,1.000000,1,NULL,1,100,2011,4,2011-04-01 12:10:00.000,2011-04-01 12:10:00.000
13666,Lost Customers,5,51,3,84.65,3,4,1,8,28.22,0.013158,228,114.00,12,41,2011,2,2011-02-25 13:05:00.000,2011-10-10 15:39:00.000
12401,Lost Customers,5,294,1,84.3,1,2,1,4,84.30,1.000000,1,NULL,5,11,2011,2,2011-02-09 13:50:00.000,2011-02-09 13:50:00.000
14287,Lost Customers,5,189,2,83.28,1,2,1,4,41.64,2.000000,1,1.00,4,216,2011,5,2011-05-25 11:41:00.000,2011-05-25 11:44:00.000
17309,Lost Customers,5,86,1,82.75,2,2,1,5,82.75,1.000000,1,NULL,11,41,2011,9,2011-09-05 15:20:00.000,2011-09-05 15:20:00.000
13006,Lost Customers,5,47,1,81.57,3,1,1,5,81.57,1.000000,1,NULL,4,55,2011,10,2011-10-14 13:49:00.000,2011-10-14 13:49:00.000
17620,Lost Customers,5,50,1,81.44,3,2,1,6,81.44,1.000000,1,NULL,4,60,2011,10,2011-10-11 12:08:00.000,2011-10-11 12:08:00.000
18281,Lost Customers,5,171,1,80.82,2,2,1,5,80.82,1.000000,1,NULL,7,54,2011,6,2011-06-12 10:53:00.000,2011-06-12 10:53:00.000
13967,Lost Customers,5,136,1,80.7,2,2,1,5,80.70,1.000000,1,NULL,2,42,2011,7,2011-07-17 12:02:00.000,2011-07-17 12:02:00.000
17752,Lost Customers,5,350,1,80.64,1,1,1,3,80.64,1.000000,1,NULL,1,192,2010,12,2010-12-15 16:19:00.000,2010-12-15 16:19:00.000
13747,Lost Customers,5,364,1,79.6,1,1,1,3,79.60,1.000000,1,NULL,1,8,2010,12,2010-12-01 10:37:00.000,2010-12-01 10:37:00.000
15753,Lost Customers,5,295,1,79.2,1,1,1,3,79.20,1.000000,1,NULL,1,144,2011,2,2011-02-08 12:41:00.000,2011-02-08 12:41:00.000
16078,Lost Customers,5,274,1,79.2,1,1,1,3,79.20,1.000000,1,NULL,1,16,2011,3,2011-03-01 09:47:00.000,2011-03-01 09:47:00.000
13132,Lost Customers,5,252,1,77.3,1,1,1,3,77.30,1.000000,1,NULL,3,20,2011,3,2011-03-23 12:44:00.000,2011-03-23 12:44:00.000
13992,Lost Customers,5,21,1,76.8,4,1,1,6,76.80,1.000000,1,NULL,5,64,2011,11,2011-11-09 15:23:00.000,2011-11-09 15:23:00.000
14373,Lost Customers,5,349,1,76.55,1,1,1,3,76.55,1.000000,1,NULL,4,17,2010,12,2010-12-16 15:40:00.000,2010-12-16 15:40:00.000
17536,Lost Customers,5,168,1,76.5,2,2,1,5,76.50,1.000000,1,NULL,3,6,2011,6,2011-06-15 13:23:00.000,2011-06-15 13:23:00.000
13106,Lost Customers,5,124,1,76.5,2,2,1,5,76.50,1.000000,1,NULL,1,18,2011,7,2011-07-29 15:12:00.000,2011-07-29 15:12:00.000
16148,Lost Customers,5,287,1,76.32,1,2,1,4,76.32,1.000000,1,NULL,1,72,2011,2,2011-02-16 14:01:00.000,2011-02-16 14:01:00.000
15668,Lost Customers,5,208,1,76.32,1,1,1,3,76.32,1.000000,1,NULL,1,72,2011,5,2011-05-06 10:39:00.000,2011-05-06 10:39:00.000
18113,Lost Customers,5,359,1,76.32,1,1,1,3,76.32,1.000000,1,NULL,1,72,2010,12,2010-12-06 12:31:00.000,2010-12-06 12:31:00.000
14090,Lost Customers,5,315,1,76.32,1,1,1,3,76.32,1.000000,1,NULL,1,72,2011,1,2011-01-19 10:51:00.000,2011-01-19 10:51:00.000
17995,Lost Customers,5,272,1,76.1,1,1,1,3,76.10,1.000000,1,NULL,2,133,2011,3,2011-03-03 12:30:00.000,2011-03-03 12:30:00.000
17628,Lost Customers,5,72,1,75.75,2,1,1,4,75.75,1.000000,1,NULL,5,79,2011,9,2011-09-19 15:21:00.000,2011-09-19 15:21:00.000
16610,Lost Customers,5,210,1,75.66,1,1,1,3,75.66,1.000000,1,NULL,6,66,2011,5,2011-05-04 13:13:00.000,2011-05-04 13:13:00.000
16468,Lost Customers,5,65,1,74.9,3,2,1,6,74.90,1.000000,1,NULL,2,31,2011,9,2011-09-26 14:13:00.000,2011-09-26 14:13:00.000
18050,Lost Customers,5,350,1,74.4,1,1,1,3,74.40,1.000000,1,NULL,5,40,2010,12,2010-12-15 14:25:00.000,2010-12-15 14:25:00.000
13095,Lost Customers,5,61,1,74.4,3,2,1,6,74.40,1.000000,1,NULL,6,144,2011,9,2011-09-30 12:03:00.000,2011-09-30 12:03:00.000
17960,Lost Customers,5,162,1,73.78,2,2,1,5,73.78,1.000000,1,NULL,26,41,2011,6,2011-06-21 14:15:00.000,2011-06-21 14:15:00.000
12506,Lost Customers,5,223,1,73.5,1,2,1,4,73.50,1.000000,1,NULL,23,23,2011,4,2011-04-21 08:54:00.000,2011-04-21 08:54:00.000
18032,Lost Customers,5,325,1,73.5,1,1,1,3,73.50,1.000000,1,NULL,5,42,2011,1,2011-01-09 15:32:00.000,2011-01-09 15:32:00.000
16171,Lost Customers,5,50,1,73.2,3,2,1,6,73.20,1.000000,1,NULL,3,24,2011,10,2011-10-11 14:51:00.000,2011-10-11 14:51:00.000
17906,Lost Customers,5,238,1,72.9,1,1,1,3,72.90,1.000000,1,NULL,12,26,2011,4,2011-04-06 17:25:00.000,2011-04-06 17:25:00.000
13686,Lost Customers,5,173,1,72,2,2,1,5,72.00,1.000000,1,NULL,8,70,2011,6,2011-06-10 09:10:00.000,2011-06-10 09:10:00.000
13938,Lost Customers,5,26,1,71.66,4,1,1,6,71.66,1.000000,1,NULL,7,70,2011,11,2011-11-04 14:37:00.000,2011-11-04 14:37:00.000
17747,Lost Customers,5,103,1,71.4,2,2,1,5,71.40,1.000000,1,NULL,1,12,2011,8,2011-08-19 08:13:00.000,2011-08-19 08:13:00.000
13185,Lost Customers,5,258,1,71.4,1,1,1,3,71.40,1.000000,1,NULL,1,12,2011,3,2011-03-17 11:56:00.000,2011-03-17 11:56:00.000
17022,Lost Customers,5,22,1,71,4,1,1,6,71.00,1.000000,1,NULL,7,108,2011,11,2011-11-08 17:09:00.000,2011-11-08 17:09:00.000
14393,Lost Customers,5,209,1,67.95,1,1,1,3,67.95,1.000000,1,NULL,5,13,2011,5,2011-05-05 18:16:00.000,2011-05-05 18:16:00.000
17382,Lost Customers,5,56,1,65.4,3,2,1,6,65.40,1.000000,1,NULL,2,25,2011,10,2011-10-05 13:05:00.000,2011-10-05 13:05:00.000
13684,Lost Customers,5,276,1,65.13,1,1,1,3,65.13,1.000000,1,NULL,29,38,2011,2,2011-02-27 10:13:00.000,2011-02-27 10:13:00.000
13130,Lost Customers,5,85,1,64,2,2,1,5,64.00,1.000000,1,NULL,2,32,2011,9,2011-09-06 15:30:00.000,2011-09-06 15:30:00.000
13302,Lost Customers,5,146,1,63.75,2,2,1,5,63.75,1.000000,1,NULL,1,5,2011,7,2011-07-07 17:56:00.000,2011-07-07 17:56:00.000
17263,Lost Customers,5,199,1,63.44,1,2,1,4,63.44,1.000000,1,NULL,23,36,2011,5,2011-05-15 14:32:00.000,2011-05-15 14:32:00.000
12665,Lost Customers,5,315,1,63,1,1,1,3,63.00,1.000000,1,NULL,3,37,2011,1,2011-01-19 08:34:00.000,2011-01-19 08:34:00.000
14437,Lost Customers,5,356,1,63,1,1,1,3,63.00,1.000000,1,NULL,5,60,2010,12,2010-12-09 09:27:00.000,2010-12-09 09:27:00.000
14840,Lost Customers,5,258,1,62.85,1,1,1,3,62.85,1.000000,1,NULL,4,31,2011,3,2011-03-17 12:00:00.000,2011-03-17 12:00:00.000
13218,Lost Customers,5,118,1,62.64,2,2,1,5,62.64,1.000000,1,NULL,5,88,2011,8,2011-08-04 16:59:00.000,2011-08-04 16:59:00.000
15516,Lost Customers,5,35,3,62.43,3,4,1,8,20.81,1.000000,3,1.50,15,27,2011,10,2011-10-24 11:33:00.000,2011-10-26 10:51:00.000
13194,Lost Customers,5,126,1,60.7,2,2,1,5,60.70,1.000000,1,NULL,3,26,2011,7,2011-07-27 09:01:00.000,2011-07-27 09:01:00.000
17174,Lost Customers,5,208,1,59.9,1,1,1,3,59.90,1.000000,1,NULL,4,41,2011,5,2011-05-06 11:47:00.000,2011-05-06 11:47:00.000
13391,Lost Customers,5,194,1,59.8,1,2,1,4,59.80,1.000000,1,NULL,1,4,2011,5,2011-05-20 10:50:00.000,2011-05-20 10:50:00.000
13682,Lost Customers,5,178,1,59.5,1,2,1,4,59.50,1.000000,1,NULL,3,10,2011,6,2011-06-05 14:06:00.000,2011-06-05 14:06:00.000
14957,Lost Customers,5,244,1,58.49,1,1,1,3,58.49,1.000000,1,NULL,12,34,2011,3,2011-03-31 17:59:00.000,2011-03-31 17:59:00.000
13080,Lost Customers,5,170,1,58.08,2,2,1,5,58.08,1.000000,1,NULL,6,120,2011,6,2011-06-13 14:59:00.000,2011-06-13 14:59:00.000
17775,Lost Customers,5,245,1,56.4,1,1,1,3,56.40,1.000000,1,NULL,3,72,2011,3,2011-03-30 10:50:00.000,2011-03-30 10:50:00.000
15899,Lost Customers,5,359,1,56.25,1,1,1,3,56.25,1.000000,1,NULL,4,39,2010,12,2010-12-06 10:36:00.000,2010-12-06 10:36:00.000
13366,Lost Customers,5,41,1,56.16,3,1,1,5,56.16,1.000000,1,NULL,1,144,2011,10,2011-10-20 13:37:00.000,2011-10-20 13:37:00.000
16349,Lost Customers,5,281,1,53.5,1,2,1,4,53.50,1.000000,1,NULL,9,9,2011,2,2011-02-22 12:40:00.000,2011-02-22 12:40:00.000
15504,Lost Customers,5,72,1,52.83,2,1,1,4,52.83,1.000000,1,NULL,13,33,2011,9,2011-09-19 13:45:00.000,2011-09-19 13:45:00.000
15313,Lost Customers,5,101,1,52,2,2,1,5,52.00,1.000000,1,NULL,1,25,2011,8,2011-08-21 16:02:00.000,2011-08-21 16:02:00.000
14682,Lost Customers,5,178,2,52,1,2,1,4,26.00,0.133333,15,15.00,1,80,2011,5,2011-05-22 12:51:00.000,2011-06-05 12:12:00.000
17844,Lost Customers,5,97,1,51.56,2,2,1,5,51.56,1.000000,1,NULL,5,52,2011,8,2011-08-25 11:27:00.000,2011-08-25 11:27:00.000
14351,Lost Customers,5,155,1,51,2,2,1,5,51.00,1.000000,1,NULL,1,12,2011,6,2011-06-28 11:56:00.000,2011-06-28 11:56:00.000
13011,Lost Customers,5,363,1,50.55,1,1,1,3,50.55,1.000000,1,NULL,3,13,2010,12,2010-12-02 17:22:00.000,2010-12-02 17:22:00.000
14821,Lost Customers,5,357,1,48.8,1,1,1,3,48.80,1.000000,1,NULL,2,20,2010,12,2010-12-08 08:43:00.000,2010-12-08 08:43:00.000
15603,Lost Customers,5,69,1,48.48,2,1,1,4,48.48,1.000000,1,NULL,2,96,2011,9,2011-09-22 10:04:00.000,2011-09-22 10:04:00.000
16257,Lost Customers,5,167,1,46.95,2,2,1,5,46.95,1.000000,1,NULL,2,2,2011,6,2011-06-16 10:11:00.000,2011-06-16 10:11:00.000
14080,Lost Customers,5,23,1,45.6,4,1,1,6,45.60,1.000000,1,NULL,4,48,2011,11,2011-11-07 11:09:00.000,2011-11-07 11:09:00.000
15423,Lost Customers,5,29,1,43.5,4,1,1,6,43.50,1.000000,1,NULL,2,101,2011,11,2011-11-01 14:01:00.000,2011-11-01 14:01:00.000
15178,Lost Customers,5,251,1,40.5,1,1,1,3,40.50,1.000000,1,NULL,3,30,2011,3,2011-03-24 15:12:00.000,2011-03-24 15:12:00.000
14589,Lost Customers,5,362,1,39.75,1,1,1,3,39.75,1.000000,1,NULL,3,5,2010,12,2010-12-03 11:42:00.000,2010-12-03 11:42:00.000
12977,Lost Customers,5,147,1,39.24,2,2,1,5,39.24,1.000000,1,NULL,9,12,2011,7,2011-07-06 16:40:00.000,2011-07-06 16:40:00.000
16659,Lost Customers,5,180,1,39.12,1,2,1,4,39.12,1.000000,1,NULL,2,72,2011,6,2011-06-03 15:03:00.000,2011-06-03 15:03:00.000
18019,Lost Customers,5,42,1,38.45,3,1,1,5,38.45,1.000000,1,NULL,5,7,2011,10,2011-10-19 12:10:00.000,2011-10-19 12:10:00.000
12855,Lost Customers,5,363,1,38.1,1,1,1,3,38.10,1.000000,1,NULL,3,30,2010,12,2010-12-02 09:37:00.000,2010-12-02 09:37:00.000
16162,Lost Customers,5,243,1,37.4,1,2,1,4,37.40,1.000000,1,NULL,2,4,2011,4,2011-04-01 15:03:00.000,2011-04-01 15:03:00.000
14865,Lost Customers,5,363,1,37.2,1,1,1,3,37.20,1.000000,1,NULL,3,96,2010,12,2010-12-02 18:23:00.000,2010-12-02 18:23:00.000
15940,Lost Customers,5,302,1,35.8,1,1,1,3,35.80,1.000000,1,NULL,1,4,2011,2,2011-02-01 16:18:00.000,2011-02-01 16:18:00.000
17831,Lost Customers,5,24,1,35.4,4,1,1,6,35.40,1.000000,1,NULL,2,12,2011,11,2011-11-06 15:09:00.000,2011-11-06 15:09:00.000
14576,Lost Customers,5,363,1,35.4,1,1,1,3,35.40,1.000000,1,NULL,1,12,2010,12,2010-12-02 17:51:00.000,2010-12-02 17:51:00.000
15744,Lost Customers,5,68,1,34.8,3,2,1,6,34.80,1.000000,1,NULL,3,120,2011,9,2011-09-23 09:52:00.000,2011-09-23 09:52:00.000
16765,Lost Customers,5,285,1,34,1,2,1,4,34.00,1.000000,1,NULL,1,4,2011,2,2011-02-18 15:41:00.000,2011-02-18 15:41:00.000
17408,Lost Customers,5,154,1,32.65,2,2,1,5,32.65,1.000000,1,NULL,2,3,2011,6,2011-06-29 12:53:00.000,2011-06-29 12:53:00.000
13120,Lost Customers,5,229,1,30.6,1,1,1,3,30.60,1.000000,1,NULL,1,12,2011,4,2011-04-15 10:19:00.000,2011-04-15 10:19:00.000
15657,Lost Customers,5,13,1,30,4,1,1,6,30.00,1.000000,1,NULL,1,24,2011,11,2011-11-17 12:19:00.000,2011-11-17 12:19:00.000
18268,Lost Customers,5,125,1,25.5,2,2,1,5,25.50,1.000000,1,NULL,1,2,2011,7,2011-07-28 19:13:00.000,2011-07-28 19:13:00.000
17102,Lost Customers,5,252,1,25.5,1,1,1,3,25.50,1.000000,1,NULL,1,2,2011,3,2011-03-23 10:08:00.000,2011-03-23 10:08:00.000
12970,Lost Customers,5,313,2,23.8,1,2,1,4,11.90,2.000000,1,1.00,8,8,2011,1,2011-01-21 14:04:00.000,2011-01-21 14:21:00.000
16953,Lost Customers,5,21,1,20.8,4,1,1,6,20.80,1.000000,1,NULL,1,10,2011,11,2011-11-09 15:54:00.000,2011-11-09 15:54:00.000
17986,Lost Customers,5,47,1,20.8,3,1,1,5,20.80,1.000000,1,NULL,1,10,2011,10,2011-10-14 14:22:00.000,2011-10-14 14:22:00.000
16093,Lost Customers,5,97,1,17,2,2,1,5,17.00,1.000000,1,NULL,1,20,2011,8,2011-08-25 11:09:00.000,2011-08-25 11:09:00.000
13307,Lost Customers,5,111,1,15,2,2,1,5,15.00,1.000000,1,NULL,1,4,2011,8,2011-08-11 17:14:00.000,2011-08-11 17:14:00.000
15823,Lost Customers,5,363,1,15,1,1,1,3,15.00,1.000000,1,NULL,1,1,2010,12,2010-12-02 15:08:00.000,2010-12-02 15:08:00.000
17763,Lost Customers,5,254,1,15,1,1,1,3,15.00,1.000000,1,NULL,1,12,2011,3,2011-03-21 14:25:00.000,2011-03-21 14:25:00.000
16878,Lost Customers,5,75,1,13.3,2,1,1,4,13.30,1.000000,1,NULL,3,12,2011,9,2011-09-16 17:39:00.000,2011-09-16 17:39:00.000
17956,Lost Customers,5,240,1,12.75,1,2,1,4,12.75,1.000000,1,NULL,1,1,2011,4,2011-04-04 13:47:00.000,2011-04-04 13:47:00.000
16454,Lost Customers,5,35,2,6.9,3,2,1,6,3.45,0.095238,21,21.00,2,3,2011,10,2011-10-06 16:57:00.000,2011-10-26 11:40:00.000
14792,Lost Customers,5,54,1,6.2,3,2,1,6,6.20,1.000000,1,NULL,2,2,2011,10,2011-10-07 09:19:00.000,2011-10-07 09:19:00.000
16738,Lost Customers,5,288,1,3.75,1,2,1,4,3.75,1.000000,1,NULL,1,3,2011,2,2011-02-15 09:46:00.000,2011-02-15 09:46:00.000
16446,Lost Customers,5,196,1,2.9,1,2,1,4,2.90,1.000000,1,NULL,2,2,2011,5,2011-05-18 09:52:00.000,2011-05-18 09:52:00.000
